source1_entity_id	candidate_entity_ids
S1-714132312	S3-942601148,S2-230793547,S3-625880872,S2-826353333,S2-516442597,S2-7793472,S2-36229589,S2-163140764,S2-748024774,S2-170384446,S3-510927577,S2-778633378,S2-655066329,S2-496114721,S2-320636994,S3-812895947,S2-55799463,S2-978092241,S2-905080897,S2-110570477
S1-106407869	S2-321502572,S2-189273846,S2-557944627,S2-660292571,S2-47475427,S2-13250243,S2-454527202,S2-977181041,S2-643842978,S2-80209174,S2-439830508,S2-898920379,S2-962115148,S2-965943588,S2-337287209,S2-513325216,S2-775637437,S2-596844560,S2-816549228,S2-456430077
S1-156285671	S3-982408355,S2-284041741,S3-264772884,S3-85606641,S2-972292992,S2-648730048,S2-776084751,S3-825374442,S3-560243053,S3-346333732,S2-667119436,S2-172049742,S3-556998211,S2-614914513,S3-339493107,S2-146286250,S3-822368376,S2-842213081,S2-420041955,S2-171308036
S1-689823050	S2-179927883,S2-212601842,S2-38766185,S2-313536512,S2-30047127,S2-645806358,S2-936528622,S2-556550628,S2-101784616,S2-961650091,S2-788641901,S2-96554026,S2-518807494,S2-18777251,S2-403414262,S2-502241352,S3-867280569,S2-302441634,S2-754239857,S2-201768785
S1-921369899	S2-428151562,S2-808920974,S2-107533354,S2-303995574,S3-285097097,S2-439748080,S2-972244054,S3-779830725,S2-909996230,S2-4123309,S3-57594330,S2-733428364,S2-445952716,S2-107245934
S1-481669221	S2-284602321,S2-408532693,S2-447635812,S2-491572518,S2-888582887,S2-9688624,S2-338697364,S2-57908492,S2-181538976,S2-148574913,S3-394888909,S2-517601790,S2-217189585,S2-156480357,S2-806675767,S3-147324725,S2-190922385,S3-819969971,S2-785038947,S3-2644189
S1-909865979	S2-528901108,S3-699465428,S3-717085175,S3-226721417,S2-819942620,S2-14320218,S2-126947593,S2-768355819,S2-785629864,S3-879970909,S3-635429985,S2-322580998,S3-697137048,S2-378621927,S2-819591958,S3-668715121,S2-391573996,S2-738326502,S3-538204214,S2-547847470
S1-280204013	S2-157082864,S2-356346814,S2-521739469,S2-318926981,S2-198428250,S2-521118065,S2-202662079,S2-828472383,S2-952875054,S2-411536601,S2-658840503,S2-279071487,S3-958993771,S2-486276480,S2-998779222,S2-124718027,S2-717371074,S2-701657519,S2-110270015,S2-688910097
S1-742053041	S2-317425677,S2-73207920,S3-525870950,S3-611757816,S2-295955234,S2-424727197,S2-383876437,S2-283684614,S2-89490190,S2-20787774,S2-91444891,S2-236677920,S2-377224144,S2-315673501,S2-238837028,S3-343600352,S3-859946538,S3-725325618,S2-316383096,S3-727625212
S1-913506265	S2-170107414,S2-7410599,S2-232732595,S2-395769272,S2-478595335,S2-890266058,S2-67298024,S3-216080339,S2-823360160,S2-382998660,S3-882646335,S2-291691817,S2-484516897,S2-920198870,S2-121399083,S2-387026110,S2-650131776,S2-64404652,S3-388866191,S2-362945564
S1-479574617	S2-94978785,S2-322562536,S2-928909489,S2-447908372,S2-131830380,S2-688093667,S2-690866720,S2-748759085,S2-135894251,S2-875078064,S2-336553767,S2-333523505,S2-809443740,S3-71044068,S3-954841443,S2-943826452,S3-193285778,S2-51852554,S2-728737732,S3-533950761
S1-680637447	S2-288771595,S2-578819890,S2-27616304,S2-211440621,S2-267778262,S2-41440931,S2-769708983,S2-696534166,S2-234381080,S2-484483494,S2-250938398,S2-337225776,S3-7691889,S2-479192671,S3-12511022,S2-185048111,S3-658587848,S2-222833745,S2-504647134,S2-197117730
S1-870190130	S3-153733853,S2-801672825,S2-606672427,S2-281749464,S2-394624965,S3-771962615,S2-338697364,S3-738216307,S2-376581569,S2-109047762,S2-690759986,S3-347972172,S3-139879758,S3-6926796,S3-184171664,S3-926985268,S3-763002946,S3-836367416,S3-930596849,S3-351983357
S1-365170694	S2-324126807,S3-705894991,S2-491675448,S3-822347408,S2-872792044,S3-686094605,S2-345679133,S2-31375400,S2-322416774,S2-861380735,S2-487943573,S2-758765481,S2-904142085,S2-730729031,S2-224127350,S2-495955323,S2-40584605,S2-251899047,S3-37924577,S2-567120946
S1-778640743	S2-933136796,S3-698916948,S2-484690984,S2-944021337,S2-673208513,S2-87750197,S2-566433788,S3-885054493,S2-76669596,S2-874578340,S2-857432574,S3-379858783,S3-680851827,S3-921453172,S3-263549131,S2-621877559,S2-62782641,S3-42196466,S3-167568555,S2-355163743
S1-378191895	S2-346638713,S2-241269860,S2-861149403,S2-608206550,S2-17829343,S2-229656817,S2-569183399,S2-270833643,S2-484483494,S2-642055950,S2-570348516,S2-24533450,S2-689324768,S2-63184086,S2-196591437,S2-437607834,S2-21480418,S2-282956525,S2-635214615,S2-236045367
S1-684974736	S2-857509751,S2-567737891,S2-868388735,S2-27547282,S2-964803954,S2-580088866,S2-909907412,S2-324289675,S2-22015529,S2-786144761,S2-204633312,S2-322011226,S2-53206908,S2-767507250,S2-449077909,S2-376919591,S2-756046602,S2-179654340,S2-479352795,S2-748306240
S1-750279127	S2-313772593,S2-479168214,S2-241386385,S2-616243890,S2-823273520,S2-344367505,S2-184791427,S2-672953164,S2-248265647,S2-594690129,S2-170261776,S2-700094133,S3-676856773,S2-719965228,S2-214523811,S2-509761421,S2-711423327,S2-795066898,S2-475621768,S2-963346947
S1-209281220	S2-873605695,S3-893592109,S2-545094608,S2-60185783,S2-781706796,S2-938175736,S2-585440432,S2-888971454,S2-592925152,S2-693044595,S2-311141192,S2-620156819,S2-607890497,S2-713590485,S3-634541290,S2-596275566,S2-268200891,S3-145895554,S2-399680633,S2-313065798
S1-550154910	S2-43467331,S2-1028293,S2-42874552,S2-507936485,S2-929197322,S2-847885728,S2-301609376,S2-800255484,S2-103642030,S2-409356581,S2-906187140,S2-569273717,S2-440321318,S2-633864452,S2-904804689,S3-282133225,S2-475951531,S2-813092510,S2-962902509,S2-457511957
S1-897975128	S2-475718206,S2-718049635,S2-768272818,S2-933703451,S2-323199144,S2-441287907,S2-909249595,S2-293003892,S2-647418078,S2-917565651,S2-94181412,S2-269643891,S2-236177965,S2-661881842,S2-201765459,S2-96688939,S2-494416860,S2-422227917,S2-977149231,S2-961437769
S1-704604312	S2-487375070,S2-441121533,S2-520274222,S2-574895072,S2-93745518,S2-813362237,S2-26098488,S2-174993395,S2-518642556,S2-429758198,S2-503727095,S3-864593573,S2-802572329,S2-454631631,S2-592448278,S2-376206905,S2-6234376,S2-212943258,S2-501405347,S2-747477389
S1-628750886	S2-459865576,S2-265258852,S3-741136179,S3-805539538,S3-42996879,S2-294013138,S3-210626662,S3-421861979,S3-880667612,S2-857360916,S3-953969676,S3-554028768,S3-971948024,S3-504613060,S2-931231315,S3-399156719,S3-78892540,S3-379571042,S3-287777347,S2-693285824
S1-714038427	S2-866644536,S2-370796947,S2-973784772,S2-898154340,S2-87851900,S2-886143699,S2-462543585,S2-422670261,S3-446799221,S2-910235135,S2-9389075,S3-556092751,S2-935352485,S3-343322433,S2-494520025,S2-148656663,S2-676169950,S2-42717555,S2-112964947,S2-629114938
S1-426194890	S3-131842585,S2-189578510,S2-12575838,S2-206924199,S2-902791828,S3-295497808,S2-348495466,S2-641952044,S2-428372015,S2-860975431,S2-355356324,S2-714289892,S2-968568844,S2-693966436,S2-347074808,S2-177810350,S2-246461203,S2-555473030,S2-272587610,S2-208580085
S1-122385784	S2-371443234,S2-512680422,S2-357366605,S2-554816758,S3-914370916,S3-266160939,S2-440777816,S2-280410273,S2-32560040,S2-625134812,S2-410192721,S2-473929568,S2-350034810,S2-283545151,S2-466818916,S2-903972871,S2-983982443,S2-49778911,S2-914022003,S2-910737412
S1-540642140	S3-580888173,S2-936954782,S2-279693016,S2-791414233,S2-919778480,S2-920629308,S2-422850864,S2-351213794,S3-284084147,S3-766415956,S2-253832338,S2-412655541,S2-396799579,S2-661669853,S2-104535962,S2-817426462,S2-57877748,S2-65686129,S3-926731646,S2-760289754
S1-123475953	S2-684763250,S2-913546046,S2-359183507,S3-244808934,S2-534845263,S2-400542425,S2-378540878,S2-976616074,S2-280628792,S2-726354193,S2-821489304,S2-496244564,S2-543009816,S2-746589310,S2-957953476,S2-219320761,S2-929605479,S2-43866688,S3-544615575,S2-545332222
S1-444801830	S3-8714040,S3-701255667,S2-904697935,S2-429331376,S3-716250735,S2-878504535,S3-157274363,S3-288239239,S3-376099921,S2-560068294,S2-685532181,S2-146625746,S3-140135076,S2-46997236,S3-670620503,S3-510105917,S3-604313225,S2-886303974,S2-926558145,S3-841686908
S1-502376041	S2-551281247,S2-273872255,S2-131331134,S2-661220857,S2-325912309,S2-779174455,S2-121230930,S2-815342646,S2-640005038,S2-716310788,S2-228606706,S2-398309029,S2-346619156,S2-940741352,S2-242274660,S2-774243304,S2-106466484,S2-490753617,S2-156205151,S2-725813962
S1-594021398	S2-815532808,S3-686916460,S2-638077626,S3-133279691,S2-705838505,S2-184640992,S2-95720603,S2-31644789,S2-989187324,S2-648567197,S2-916111842,S2-221464837,S2-749391083,S2-338446048,S2-232843496,S2-716022499,S2-251315845,S2-201620666,S2-186044600,S2-224166205
S1-261170522	S2-470996829,S2-674496354,S2-258019942,S2-950957624,S2-537664283,S3-975273163,S2-556767207,S2-746534687,S2-219840370,S2-245680435,S2-955536865,S3-340985910,S2-536010914,S2-373323126,S3-422627746,S3-593879403,S2-345133342,S2-257828288,S2-493923418,S2-296778132
S1-466641145	S2-708919551,S2-899794764,S2-810401159,S2-470284030,S2-890708198,S2-270603352,S2-765045275,S2-604386444,S2-523670286,S2-105374270,S2-814835056,S2-855662265,S2-65570036,S2-794345211,S2-875695864,S2-740170220,S2-324959905,S2-320994990,S2-360048742,S2-598947658
S1-99245709	S3-500878553,S3-652901972,S2-1222050,S2-882904557,S2-711476598,S2-78780152,S3-828360693,S3-379393860,S3-986403108,S2-665898479,S2-290586801,S2-563728223,S3-254138217,S2-503833180,S2-624143988,S3-647714603,S2-811966652,S2-576221068,S3-332530974,S3-168574794
S1-339015166	S2-15078231,S2-262721816,S2-448485205
S1-614259237	S2-852216067,S3-417545108,S2-567665713,S3-625725294,S3-679231596,S2-48674237,S2-185989334,S2-721088576,S2-334319122,S2-82698372,S2-120742490,S2-55683550,S2-263213972,S2-23042546,S2-634610670,S2-49747535,S2-491384538,S2-154114295,S2-784621057,S2-740908921
S1-385801270	S2-77397096,S2-408494070,S2-956278999,S2-609871399,S2-540729577,S2-724186893,S2-519054345,S2-412729348,S2-588035202,S2-428742887,S2-318276475,S2-925472673,S2-131685845,S2-379418741,S2-921470688,S2-619532092,S2-73923660,S2-377601794,S2-130700000,S2-881669139
S1-334672926	S2-440961035,S2-387142367,S2-70580279,S2-93341823,S2-361961435,S3-101398795,S2-568123849,S2-124236880,S3-356701721,S2-519558780,S2-437781593,S2-757492384,S2-142378596,S2-37923965,S2-353983013,S2-909664405,S2-509921386,S2-747237264,S2-65770695,S2-493384613
S1-717749279	S2-569251890,S2-930893664,S2-739857148,S2-8322709,S2-360013811,S2-338792559,S2-706286517,S2-319754772,S2-823627593,S2-768360552,S2-921951423,S2-544357664,S2-251860012,S2-871909013,S2-939872217,S2-83864376,S2-295876431,S2-812562873,S2-282105671,S2-174460480
S1-564662660	S2-989459301,S3-703576675,S2-310193917
S1-41643447	S3-54250287,S2-52852294,S3-567773394,S2-821729760,S2-871263672,S2-666369215,S2-569716852,S2-273114990,S2-602672790,S2-396891327,S2-156652331,S2-997427018,S2-669611468,S2-212376658,S2-646837436,S2-498759137,S2-457458826,S2-201330034,S2-640514813,S2-485665939
S1-581360597	S3-423460994,S3-58239285,S3-250856417,S2-360588134,S2-132159133,S2-578854348,S2-260990478,S3-512493060,S2-120420573,S2-172781923,S2-589399566,S2-276986437,S2-664036246,S2-362870814,S2-599365223,S2-645988033,S2-354345772
S1-946184931	S3-181289540,S2-976445428,S2-59060300,S2-400338481,S2-849262850,S2-413480822,S2-540664895,S3-840612186,S2-341552549,S2-399463964,S2-32649644,S2-220193521,S2-539458512,S2-401421560,S2-856634941,S2-341240431,S2-72135345,S2-591533273,S2-768936670,S2-785949524
S1-244940399	S3-848187448,S3-326664569,S2-469227890,S2-581574104,S2-829055884,S2-765236452,S2-712685968,S3-295519875,S3-465073964,S2-82011719,S2-869417125,S2-874696367,S2-718006307,S2-294926317,S2-518836771,S2-24253996,S2-806711676,S2-936852489,S2-821519320,S2-780455220
S1-616465752	S2-336937941,S3-102451630,S2-915983420,S2-848083550,S2-581436390,S2-40799533,S3-341344530,S2-805964896,S2-548250654,S2-860711356,S2-348167611,S2-785728936,S2-972504155,S2-185509246,S2-947406490,S2-888967940,S2-498237784,S2-356196071,S2-564079274,S2-564325742
S1-762904067	S2-566897305,S2-408153103,S2-439099298,S2-635973114,S2-523256549,S2-880552699,S2-681309910,S2-735293721,S2-101862107,S3-242919873,S2-698569608,S2-833411127,S2-631276530,S3-707694506,S2-271260812,S2-848527202,S3-324194135,S2-82723059,S2-527916895,S3-487056053
S1-261476747	S2-969569602,S2-300243886,S2-336937941,S2-915983420,S2-36796117,S2-660353350,S2-521537952,S2-548250654,S2-860711356,S2-348167611,S2-33884957,S2-185509246,S2-947406490,S2-525051610,S2-632981984,S2-703701563,S2-564325742,S2-941668488,S2-249984429,S3-937554281
S1-874436225	S2-346638713,S2-164417875,S2-495657501,S2-599514872,S2-211440621,S2-587679768,S2-894665425,S2-210463649,S2-979503685,S2-794070233,S2-277300530,S2-4314409,S2-151772630,S2-580098998,S2-882636372,S2-916123760,S2-276155359,S2-24533450,S2-724904926,S2-993960432
S1-816918307	S2-81276198,S2-419192719,S2-282075862,S3-972930354,S2-849390405,S2-364106481,S2-78506275,S2-815229260,S2-444352777,S2-676871995,S2-202134808,S2-791685603,S2-89549649,S3-297608115,S2-246521984,S2-790747215,S2-977734918,S2-611731193,S2-998292261,S2-271818737
S1-52153457	S2-151814677,S2-464480479,S2-159381836,S2-641311480,S2-794895592,S2-538022973,S2-363929182,S2-508399835,S2-660091457,S2-879376984,S2-241248802,S2-660298771,S2-839444236,S2-525541990,S2-169657868,S2-579027267,S2-761514669,S2-365899855,S2-592588722,S2-512020435
S1-867332501	S2-832628288,S2-566848302,S2-221254448,S2-865328212,S2-551024375,S2-855640544,S2-728554287,S2-673419052,S2-887123026,S2-157845190,S2-942161603,S2-966217193,S2-714406937,S2-185048111,S2-541826938,S2-308418230,S3-428445995,S2-395530092,S3-263587944,S2-120300748
S1-969300060	S2-549617192,S3-986110458,S2-564134501,S2-703852619,S3-692397433,S2-515760823,S2-204049623,S2-190093978,S2-24102286,S2-959655667,S2-994136831,S2-461081343,S3-977453786,S2-680485376,S2-713683998,S3-844001371,S2-636196507,S2-823301099,S2-933956223,S2-215637140
S1-930501805	S2-898172629,S2-397329239,S2-858757485,S2-268361776,S2-477205687,S2-181791971,S2-985382232,S2-289609986,S2-196675152,S2-774842199,S2-731816903,S2-381325188,S2-719307461,S2-962198288,S2-56455592,S2-46568721,S2-254944118,S2-235284884,S2-6924260,S2-863888996
S1-474452362	S2-416336347,S2-206733102,S2-775683251,S2-742263861,S2-46885920,S2-992396664,S2-747997319,S2-690149862,S2-29248181,S2-869127930,S2-591982950,S2-139773761,S2-584347472,S2-674849891,S2-723814853,S2-537995246,S2-971787477,S2-164471164,S2-854995288,S2-806834741
S1-802731895	S2-950962605,S2-733379415,S2-152295432,S2-171400053,S2-842775433,S2-267778262,S2-923247863,S2-765824316,S2-151772630,S2-81943072,S2-204683810,S2-289146429,S2-869136050,S2-374083718,S2-854988464,S2-511490226,S2-647232354,S2-9278111,S2-510635651,S2-737270514
S1-39733947	S2-676351505,S2-272555340,S2-511990652,S2-114221480,S2-799662900,S2-734928358,S2-748832252,S2-914630363,S2-272408065,S2-801550605,S2-205950597,S2-192676489,S2-733987927,S2-740747654,S2-749769073,S2-923786072,S2-620057791,S2-416368831,S2-274739326,S2-308681228
S1-807424751	S2-101035139,S2-237997352,S2-387992298,S2-732596506,S2-766112015,S2-538226606,S2-450333201,S2-974604304,S2-517704927,S2-595926273,S2-667998635,S3-944983337,S2-691517420,S2-43638442,S2-699596824,S2-864322853,S2-963719806,S2-2689923,S2-438092208,S2-23647831
S1-269499779	S2-785608269,S2-35392812,S2-635638241,S2-301588953,S2-330308638,S2-986343686,S2-8792528,S2-931218010,S2-172472030,S2-950116481,S2-393024429,S2-90511202,S2-655443613,S2-133712609,S2-278693060,S2-867305837,S2-713288615,S2-948960196,S2-469495658,S2-3161796
S1-574528784	S3-294026497,S2-658430428,S2-133883088,S3-42784985,S2-706554598,S3-161715087,S2-341801470,S2-899398751,S2-345206146,S2-222320129,S2-606457599,S2-560336632,S3-658303321,S2-278764337,S2-768637805,S2-566724389,S2-997009509,S2-135574386,S2-151622848,S3-377638276
S1-402621048	S2-696802072,S2-776125656,S2-403967165,S2-275644774,S2-725801840,S2-754223471,S2-945806656,S2-19459417,S2-743142493,S2-624237220,S2-889182738,S2-62987877,S2-118102354,S2-201741621,S2-411334686,S2-107090036,S2-147779622,S2-393182060,S2-340092707,S2-447081138
S1-684202485	S2-813533625,S2-124955258,S2-303908405,S2-680961931,S2-860102078,S2-617213165,S2-160390996,S2-974750366,S2-255462901,S2-308727113,S2-542821710,S3-728386536,S2-701150098,S2-493516449,S2-501534718,S2-510823059,S2-475287463,S2-61770009,S2-357230253,S2-937785155
S1-85238196	S3-84005391,S3-788905252,S2-528109960,S2-215011237,S2-237724321,S2-465646250,S2-397330302,S2-466213819,S2-923962666,S2-492071953
S1-569369299	S2-342223686,S3-590336083,S2-590220492,S2-576142721,S2-722716476,S2-208059200,S2-330314353,S2-931358031,S3-925498353,S3-552374248,S3-391175212,S3-689638485,S2-845901520,S2-852366896,S2-180638578,S2-972965871,S2-505467786,S2-713497457,S2-731347540,S2-926943927
S1-559615219	S2-859999503,S3-974804834,S3-809812030,S3-612659931,S3-461805086,S3-193675911,S2-256746495,S3-350612510,S2-97021974,S2-687700279,S3-151340133,S2-912768111,S2-347285679
S1-684318101	S2-91952824,S2-601773129,S2-230344433,S3-109120703,S2-520509878,S3-548093535,S3-856779720,S3-751788898,S3-626591189,S2-929385586,S3-511562388,S3-58923231,S3-939678497,S2-219895754,S2-46792447,S3-82927175,S2-271329631,S3-89909458,S2-741754782,S3-32430270
S1-503487168	S3-289438246,S3-254270311,S2-253275323,S2-236390176,S2-397526328,S2-591113155,S2-846471367,S2-8925775,S2-338568882,S2-329914969,S2-573130995,S2-325087860,S2-141030688,S2-473840500,S2-156448909,S2-72993243,S2-804815442,S2-718857846,S2-147656336,S2-925306269
S1-967139755	S2-357864643,S2-317351879,S2-267166887,S2-256944845,S2-279734660,S2-945962294,S2-241023621,S2-366125764,S2-913345999,S2-300188200,S2-632850089,S3-969686298,S3-547711117,S2-53057939,S2-651479454,S2-192832453,S2-707685530,S2-455983325,S2-427797511,S2-8008734
S1-983819279	S3-546487672,S3-774501131,S2-833342830,S2-278309089,S2-118551056,S2-112427272,S2-862761770,S2-355089031,S3-381086524,S2-906063952,S2-630849054,S3-64932998,S3-114269516,S3-973182976,S3-248511503,S3-495240832,S2-179372656,S3-84146565,S3-613953801,S3-286821409
S1-577269922	S3-39683702,S2-81075825,S2-800580498,S2-505047958,S2-498440649,S2-523605065,S2-7299334,S2-553915971,S2-983547503,S2-604215206,S2-907636344,S2-938867547,S3-873146248,S2-237308390,S3-501915411,S2-104500627,S2-804883957,S2-5603612,S2-393600628,S2-594486006
S1-87832748	S2-12527831,S2-464524740,S2-770930493,S2-401077602,S2-243503115,S2-937942757,S2-182652997,S2-591710149,S2-17081259,S2-551966071,S3-820147617,S2-837086705,S2-849305712,S2-489972415,S3-943351751,S2-133732812,S2-161682821,S2-105480362,S3-761117245,S2-196106240
S1-295346696	S3-971590655,S2-527028063,S2-329485159,S2-924303273,S2-884004823,S2-814642126,S2-178703546,S2-188728780,S2-405116189,S2-376321942,S2-373883588,S2-150419474,S2-625328610,S2-571533562,S2-346853515,S2-155718088,S2-804219932,S2-133775786,S2-280569370,S3-403202074
S1-252468250	S3-94299676,S2-860072446,S2-306437924,S3-190345599,S2-887936089,S3-822643785,S3-770843154,S3-210462384,S2-923936686,S3-438057111,S2-173496849,S2-525433324,S3-876931773,S2-704311442,S2-554397288,S2-85291595,S2-749755993,S3-321392701,S2-413701527,S3-242047839
S1-781801397	S2-33947694,S2-170282860,S2-944151078,S2-165214761,S2-292034012,S3-105092101,S2-177242980,S2-206069588,S2-833071577,S2-856913265,S2-39285838,S2-703925438,S2-643732399,S2-60102325,S2-839755024,S2-681705713,S2-326257771,S3-166829177,S2-10504655,S2-863882813
S1-669434847	S2-181679408,S3-752438925,S2-82988694,S2-574183093,S2-774438509,S3-612122301,S2-409480084,S3-366593724,S3-874741101,S2-518246042,S2-535572377,S2-207693587,S3-112667694,S2-94635483,S3-392527953,S2-61321127,S2-648980758,S2-291924615,S2-208949956,S2-561546137
S1-570053103	S3-48785381,S2-692619586,S2-679419246,S2-426485211,S2-885136196,S2-203187988,S2-445328557,S2-135870247,S2-586817439,S3-576990558,S2-623441671,S2-135677984,S2-581440560,S2-934505633,S2-166111592,S2-751904957,S2-702744922,S2-345552653,S2-819367083,S2-683676409
S1-736469556	S2-450124029,S2-246494518,S2-198815663,S2-939406849,S2-11011591,S2-306396812,S2-400790333,S2-773633071,S2-738716193,S2-632875953,S2-390256095,S2-460556688,S2-878014087,S2-386326864,S2-220040940,S2-721832073,S2-840431702,S2-795484482,S2-713507519,S2-436666250
S1-483126440	S2-565578979,S2-554960788,S2-187682169,S2-977883467,S2-89642010,S2-585986841,S2-395680782,S2-506870912,S2-779799460
S1-270951405	S2-292175910,S2-113623833,S2-57703042,S2-792236958,S2-557890210,S2-575641771,S2-16342349,S2-620238672,S2-416972000,S3-848764033,S2-251677157,S2-101385607,S2-280427238,S2-773909979,S2-292464973,S2-73980087,S2-73210622,S2-977951900,S2-604031249,S2-300442405
S1-520799361	S2-863320437,S2-221515117,S2-931803061,S2-689447733,S2-625556270,S2-580847685,S2-985979632,S2-587330412,S3-181018429,S2-422984662,S3-736428125,S2-637256715,S3-583504021,S2-29438898,S2-299415572,S2-506133429,S2-559452868,S2-337830133,S2-672472765,S2-530801541
S1-81033582	S2-625290267,S2-449312149,S3-602013602,S2-231311001,S2-689200094,S2-339868605,S2-628360071,S2-699827273,S2-705612214,S2-270220553,S2-660855772,S2-16316236,S3-220852458,S2-242792373,S2-367033923,S2-798777934,S2-923728866,S2-50524616,S2-698437246,S2-382615114
S1-56410032	S2-264805258,S2-44493914,S2-237934506,S2-550204455,S2-499128387,S2-195816944,S2-4490551,S2-189807046,S2-353442375,S2-581405820,S2-144326142,S2-473292808,S2-906448379,S2-932571498,S2-96923604,S2-196271228,S2-632318219,S2-832227958,S2-194385880,S2-997218434
S1-518847572	S2-211488825,S2-260047691,S3-6215726,S2-140489737,S2-166443268,S2-962230467,S2-764147679,S2-576128761,S2-131201623,S2-168908097,S2-254012881,S2-17889837,S2-689548347,S2-797486654,S2-875324866,S2-547284097,S2-701214902,S2-685215670,S2-54909647,S2-62800147
S1-776267063	S2-408455489,S2-44480388,S2-229795554,S2-187243251,S2-826339146,S2-241404451,S2-32163313,S2-629431053,S2-455205203,S2-151709563,S2-74754930,S2-131797716,S2-344890884,S2-685540290,S2-762599422,S2-635228063,S2-212037387,S2-217134274,S2-370970630,S2-739179305
S1-35309228	S2-898463362,S2-987901283,S2-203465989,S3-87553885,S3-813155544,S2-555162230,S2-692045675,S3-543902797,S2-453245717,S2-182304747,S2-349772034,S2-353446484,S3-453751428,S2-747253778,S2-423879881,S2-206897601,S2-464649380,S2-665524691,S2-268715748,S2-110965518
S1-493139457	S2-46377817,S2-69718496,S2-542328212,S2-889032455,S3-942801270,S2-34566599,S2-143867310,S2-733316431,S2-615804469,S2-992295638,S2-159847108,S2-731108169,S2-306518243,S2-301845559,S2-376216494,S2-966825747,S2-897172566,S3-384488469,S2-16890175,S2-633785741
S1-895087526	S2-152220795,S2-256367139,S2-129240365,S3-959979735,S2-722571254,S2-121933134,S2-171400053,S2-945962294,S2-211440621,S2-255462901,S2-484483494,S2-403363854,S2-151772630,S2-882636372,S2-942161603,S2-988819067,S2-185048111,S2-767997013,S2-936916016,S2-610439446
S1-829126727	S2-663540037,S2-121933134,S2-517176804,S2-171400053,S2-255462901,S2-817672780,S2-484483494,S2-767997013,S2-758358333,S2-570768096,S2-839030120,S2-906666146,S2-665362228,S2-547792042,S2-919394084,S2-238104651,S2-185007557,S2-960965773,S2-825740917,S2-896078749
S1-457973373	S2-865866145,S2-170126733,S2-196443416,S2-464809294,S2-324580591,S2-922801395,S2-2714593,S3-184929784,S3-751757493,S3-705699136,S3-663764723,S3-210403458,S3-810121214,S3-602939264,S2-587736152,S2-155002316,S2-805075417,S3-719514673,S2-326090803,S2-902181034
S1-74852342	S2-79285705,S3-422182943,S2-439306446,S2-954617645,S3-949350656,S3-566898213,S3-982883046,S3-589742254,S2-300033158,S2-889143479,S2-279043989,S2-724758025,S2-400118635,S3-830275530,S3-623068899,S2-445810825,S3-111711996,S3-475409226,S3-535262074,S2-680015311
S1-280936763	S2-700631541,S2-429502844,S2-61171797,S2-167595751,S2-9907913,S2-270880572,S2-59095726,S2-590157299,S2-159276843,S2-254685785,S2-188621480,S2-78101324,S2-131709127,S3-770717107,S2-790984119,S2-441844259,S3-713087042,S2-254909212,S2-202475307,S3-457998739
S1-999165514	S2-445447128,S2-820075620,S2-383186716,S2-285315339,S2-437943965,S2-78954408,S2-676574650,S2-682067163,S2-555906936,S2-978131898,S2-400186716,S3-553749913,S2-558519189,S2-252162977,S2-817181728,S2-577633835,S2-202319292,S2-261174054,S2-667826409,S2-109659711
S1-395055615	S2-690389635,S2-748567520,S2-797943039,S2-945429777,S2-268623964,S2-174401291,S3-242263311,S2-965506423,S2-804609407,S2-13855453,S2-122863342,S2-437001277,S2-997491814,S2-372577778,S2-778029915,S2-376903829,S2-135286642,S2-283934451,S2-873333265,S2-744755711
S1-862701045	S2-916989607,S2-422340037,S2-441347867,S2-789213227,S2-475733435,S2-136187358,S2-9381765,S2-460929564,S2-553018863,S3-553707277,S2-71930377,S2-472568926,S2-884464240,S2-440528814,S2-635346560,S3-704009840,S2-379686914,S2-908673597,S3-243480348,S2-967553952
S1-674871004	S2-287733069,S2-578819890,S2-92691293,S2-736411466,S2-935048048,S2-468297771,S2-375238284,S2-761790236,S2-873323255,S2-611855832,S2-372144811,S2-123777661,S2-973055205,S2-272624618,S2-334563224,S2-414458721,S2-5911951,S2-818022240,S2-800517331,S2-866903019
S1-287307821	S2-18022519,S2-599407936,S2-493084778,S3-818170156,S2-229460701,S2-43186762,S2-222944073,S3-999909814,S2-469242295,S3-29882763,S2-995033604,S2-335552528,S2-525621964,S2-575088048,S2-946879363,S3-831000303,S2-788395270,S2-864702076,S2-610871579,S2-433321114
S1-273768056	S2-208648345,S2-420364453,S2-117342048,S2-951535120,S2-153663794,S2-687836914,S2-778374283,S2-578322393,S2-456137626,S2-230515544,S2-269857255,S2-747103189,S2-771554924,S2-531986743,S2-933716949,S2-188307865,S2-799710062,S2-32288040,S2-747477308,S2-803068701
S1-323395452	S3-239092525,S2-916927001,S2-546417725,S2-454425756,S2-158307416,S2-999699558,S2-437867716,S2-47470608,S2-425020341,S2-311563863,S2-467675129,S2-156837073,S2-152687687,S2-782343385,S2-132341347,S2-771040243,S2-297662598,S2-255186309,S2-799922779,S2-500618407
S1-4144001	S2-562221138,S3-439654644,S2-455922196,S2-771563697,S2-795472560,S2-582589209,S3-538792481,S2-477845135,S2-411964791,S2-988179986,S2-84569201,S2-23661206,S2-732562428,S2-524009819,S2-437699939,S2-627713957,S2-851869044,S3-955512884,S2-789461409,S2-303998062
S1-512210875	S3-998257097,S2-286783782,S2-142392298,S2-655915785,S2-535187291,S2-328137341,S2-731477222,S3-968562338,S2-569782424,S2-441364908,S2-775512386,S2-653726593,S2-681646615,S3-596834482,S2-326371023,S2-141214602,S3-87991799,S2-169641743,S2-684836310,S2-306886852
S1-143287441	S2-431749471,S2-124528403,S2-178324066,S2-17667673,S2-491764510,S2-787613300,S2-537054101,S2-361247391,S2-216916958,S2-198601613,S2-686773516,S2-341568036,S3-451500371,S3-306906833,S2-218467165,S3-37715675,S2-194459036,S2-811174806,S2-147066660,S2-962448572
S1-351656683	S2-762610497,S3-504648393,S2-712869321,S2-835954210,S2-788301924,S2-572164548,S2-664981421,S2-952541063,S3-730637230,S2-367703621,S3-332540934,S2-256606708,S2-333544093,S2-48879393,S2-672367090
S1-83258310	S2-270304532,S2-416021282,S2-916510884,S2-193626287
S1-126274111	S2-353273970,S2-162719539,S2-442951656,S2-74153584,S2-249955288,S2-654291892,S2-674904382,S2-782860140,S2-633499063,S3-258049745,S2-563890500,S2-336246128,S2-872712585,S3-943155594,S2-339821809,S2-668924195,S2-126670926,S2-378939768,S2-427036882,S2-810026011
S1-991875825	S3-777888972,S3-239664122,S3-27166307,S3-923471193,S3-83329566,S3-910192346,S2-787463324,S2-501576278,S2-750174088,S2-738683896,S2-935301197,S2-415643653,S3-15375679,S2-88361597
S1-219350089	S2-482277422,S2-331544684,S2-601756245,S2-25881125,S3-314603761,S2-870255666,S2-423846714,S2-624004630,S2-395747285,S3-515063359,S3-739177552,S2-591861225,S2-697842656,S3-932180798,S3-13462474,S2-645560426,S2-163719503,S3-451383821,S3-369078437,S3-943573317
S1-476026008	S2-990282207,S2-430199113,S2-678586610,S2-19679903,S2-623481061,S2-257819639,S3-161357999,S2-897674187,S3-497690835,S3-766205454,S2-607028299,S2-949230462,S2-875579683,S2-897057250,S3-633830822,S3-800679398,S2-79452741,S2-795486881,S3-323788577,S3-995340755
S1-595583207	S2-715871670,S2-218204625,S2-248407523,S2-380887137,S2-277014702,S3-662151206,S2-80735609,S2-142045478,S2-211928257,S2-240833419,S2-238267647,S2-483310014,S2-80019168,S3-59535917,S2-260247649,S3-542929287,S3-746920407,S3-387812751,S2-450570100,S2-263150973
S1-660977005	S2-335025186,S2-673715042,S3-944163185,S2-824427910,S3-611322698,S2-438297310,S2-639037752,S2-336046828,S2-359151604,S2-121783934,S2-649132122,S2-646339133,S3-406482923,S2-666227768,S3-70151330,S2-977677245,S2-947460802,S3-849755980,S2-637774015,S2-755767277
S1-106130112	S2-767697881,S2-695202439,S2-447657718,S2-959111228,S2-435522699,S2-633386477,S2-704406551,S2-270708506,S2-251797843,S2-868041043,S3-230351174,S3-731527694,S3-144792746,S2-871187725,S2-851931390,S2-805803882,S2-1607628,S2-609317583,S2-175972118,S3-166563979
S1-383508132	S2-688724647,S2-374450948,S2-842706758,S2-46422468,S2-411617398,S2-224836663,S2-972138640,S2-615012396,S2-269390696,S2-870589291,S2-546037980,S3-396387235,S2-821061805,S2-986214925,S2-774498130,S2-314669632,S2-182825667,S2-302447755,S2-471819626,S3-624429960
S1-960747316	S3-316989129,S2-429046720,S3-374035710,S3-22960445,S2-517236620,S2-574808071,S3-758636097,S3-555558584,S2-20805666,S3-658472900,S3-811911602,S2-182580202,S3-825178190,S2-15345076,S3-895367973,S3-308847316,S2-598181745,S3-883141329,S2-204164695,S2-347408411
S1-78181547	S3-110130385,S3-219386200,S3-278754675,S3-166469939,S3-902928730,S2-452844314,S2-969619203,S3-439731391,S2-257600012,S2-560474998,S2-456061745,S3-574745975,S2-797929785,S2-546707571,S3-397044655,S3-326369816,S2-914110779,S2-188982812,S2-681790442,S2-504019290
S1-44674670	S2-962874009,S2-235912348,S3-980289884,S3-312322196,S2-204125495,S2-751119082,S3-196543128,S2-448330590,S2-180877555,S2-169369670,S2-721488693,S2-336214611,S2-25831166,S2-982372056,S2-758923973,S3-446667315,S2-302879452,S2-72799291,S2-593016054,S2-313567367
S1-712639027	S2-568135689,S2-415896232,S2-131237950,S2-54356292,S2-799684633,S2-446568547,S2-430374293,S2-739405754,S2-205154037,S2-332015212,S2-56985553,S2-558202537,S2-45707094,S2-292773859,S2-810679334,S2-720343701,S2-245153418,S2-863400868,S2-759071181,S2-31910855
S1-875777939	S3-385545923,S3-948228119,S3-938681686,S3-231861960,S3-646731219,S2-82722181,S2-752722270,S2-827660040,S2-414620535,S2-148163476,S2-169424916,S2-522387238,S3-817040659,S2-92979601,S2-690242388,S2-26040260,S2-638307217,S2-874663459,S2-475293322,S2-891841309
S1-906720062	S2-964594254,S2-810820275,S2-329396091,S2-106052502,S2-330923103,S2-331640341,S2-864621799,S3-267337935,S2-324092277,S2-622156585,S2-846236022,S2-624765524,S2-670874062,S2-334723391,S2-103273343,S2-114948352,S3-601576971,S2-218885577,S2-790214841,S2-116842237
S1-868609391	S2-716995163,S2-409220416,S3-550303365,S2-587030502,S2-539982339,S3-667192259,S3-918680124,S3-899262103,S3-610192973,S3-250777793,S2-671659468,S2-435632335,S2-746560792,S2-2995921,S2-373667530,S2-737845063,S2-486767538,S2-864615786,S2-112563664,S2-589122817
S1-842551642	S2-682142625,S2-975822003,S2-141907209,S3-345716923,S3-929492634,S3-310467191,S3-587186742,S2-745324287,S2-808293484,S2-215307240,S2-953881554,S2-598817864,S3-299239907,S2-423831907,S2-954188155,S3-235044890,S2-252670188,S2-355068341,S2-744384640,S2-337742024
S1-977549219	S2-314067906,S2-127842953,S2-534394869,S2-719714247,S3-663601450,S3-8112664,S2-748478697,S2-540985796,S2-696358473,S2-511923218,S2-60068913,S3-673269416,S2-150416496,S2-552577793,S2-560744341,S2-285688575,S2-866168360,S2-775797334,S2-996015072,S2-909203630
S1-345501851	S3-445527742,S3-799782106,S2-974181465,S2-755114223,S2-926943396,S3-151673625,S2-902051323,S2-19368781,S2-535007738,S2-885184685,S2-241091854,S2-623960203,S3-641490848,S2-912417703,S2-378725524,S2-933716949,S2-1918601,S2-669236483,S2-878083495,S2-507332275
S1-465557953	S3-360547279,S2-239545376,S2-672010429,S2-881287935,S2-679496614,S2-62712268,S3-532375870,S2-348626473,S2-773635355,S2-522578682,S3-90261875,S2-712655883,S2-836413517,S2-973862601,S2-838413163,S2-550875422,S3-432746428,S2-798178607,S2-842534937,S2-785213981
S1-548433616	S2-653522399,S2-955257465,S2-781235798,S2-419306530,S2-18540565,S2-637560025,S2-659222747,S2-898743172,S2-67713321,S2-700570858,S2-210342822,S3-504953347,S2-490716056,S2-288466045,S2-287845317,S2-250216371,S2-69238265,S2-201057734,S2-373748854,S2-950597815
S1-542615632	S2-468586306,S3-81608105,S3-686328231,S3-821936250,S2-450077712,S2-253773163,S2-999602454,S2-563796059,S2-410767912,S2-824861167,S2-236667675,S2-553368798,S2-301346747,S2-143902367,S2-603745063,S3-25708431,S2-137025709,S2-532097064,S2-355272365,S3-31043964
S1-396150929	S2-362834536,S2-925538452,S2-692480275,S2-489153416,S2-9803346,S2-832214797,S2-806516230,S2-234504690,S2-333046670,S2-40185619,S2-167050241,S3-517569850,S2-892888806,S2-818350810,S2-231531929,S2-265538432,S3-408245839,S2-389349250,S2-749352527,S2-907992879
S1-370806262	S3-628962677,S2-311209566,S2-762677845,S2-350775005,S3-401430776,S2-848125257,S2-987494138
S1-149784022	S2-991464553,S2-426195503,S2-974797820,S3-970241343,S3-808990089,S2-172233159,S3-577562882,S2-480486161,S2-766531433,S3-452287724,S2-664222823,S2-504852953,S2-500479675,S2-703025452,S2-561605456,S2-185957740,S2-283614605
S1-208197675	S2-35606323,S2-883203981,S2-162036302,S2-767984632,S2-673373120,S2-5808674,S2-213358716,S2-611803970,S2-19284707,S2-338197319,S2-682351687,S2-566390855,S2-977869322,S2-950665981,S2-196652860,S2-477441265,S2-355633219,S2-64314512,S2-595910164,S2-596893526
S1-621024	S2-952214786,S3-106912523,S2-443349473,S2-124378999,S3-877862289,S3-719778876,S2-584226770,S2-228466507,S2-395142790,S2-749274864,S2-235531581,S2-919166623,S2-845660729,S2-310440250,S2-904445141,S2-542667406,S2-906716852,S2-233711542,S2-779557374,S2-13561156
S1-479716586	S2-502761894,S2-734882510,S2-692687669,S3-450670289,S2-302779730,S2-904750937,S2-796073476,S2-602851510,S2-224254911,S2-669309680,S2-983920224,S2-439583754,S2-49840576,S3-604889501,S2-613888380,S2-474269595,S3-575687492,S2-484409754,S3-963821024,S2-534340538
S1-73366741	S2-192485522,S2-658555204,S2-891479069,S2-735017058,S2-374072379,S2-628773735,S2-761164945,S2-447658093,S2-848354009,S2-347626877,S2-437498168,S2-533484463,S2-239666,S2-938413628,S2-433325984,S2-959823673,S3-872508434,S2-151829284,S3-761198625,S2-270314095
S1-866981273	S2-778722505,S2-505443158,S2-965606272,S2-904325839,S2-648482918,S2-345109638,S2-248526346,S2-106748507,S2-395260151,S2-794896485,S2-321268773,S2-995419540,S2-794343421,S2-149090348,S2-596406483,S2-995357471,S2-14128829,S2-983698013,S2-111627269,S2-827106949
S1-48247433	S2-161216151,S2-902131166,S2-220172642,S2-886950274,S2-838092577,S2-206041985,S2-461016677,S2-764132382,S2-630617481,S2-914739540,S2-138532081,S2-335392350,S2-370501143,S2-73878932,S2-67804657,S2-385143263,S2-291570423,S2-91017507,S2-79151673,S2-847327644
S1-139090022	S3-17523078,S2-264426835,S2-118242004,S2-95728936,S2-547729271,S2-841000499,S2-406024321,S3-21203737,S2-981194132,S3-854649758,S3-921082897,S2-429156485,S2-708664300,S3-662038236,S3-469268074,S2-221775353,S3-912399320,S2-582748273,S2-890127530,S2-72027925
S1-503254241	S2-611417535,S3-352628455,S2-466631483,S2-17983903,S2-502546819,S2-520658265,S2-377609445,S2-318467778,S2-161919331,S3-354938903,S2-538909781,S2-325976170,S2-569666538,S2-804110801,S2-354069646,S2-224144116,S3-559397696,S2-385570104,S2-593713113,S2-555271683
S1-102847291	S2-288771595,S2-477445858,S2-686293563,S2-211440621,S2-900169821,S2-693603365,S2-36655626,S2-528753270,S2-479192671,S2-658065717,S2-738338325,S3-488433491,S2-851169378,S2-706271348,S2-677475250,S2-795080120,S2-407997384,S2-565874159,S2-306547398,S2-547792042
S1-619110488	S2-446314663,S2-828300188,S2-826608782,S2-406030334,S2-488609541,S2-84768388,S2-3389373,S2-305629908,S2-376528680,S2-857630397,S2-536591856,S2-484745592,S2-72822120,S2-70969293,S2-991838248,S2-672534474,S2-149094000,S2-156425769,S2-764576058,S2-913852324
S1-623031914	S2-432551571,S3-966095524,S3-915612917,S3-808712690,S3-149456307,S2-543351886,S2-168027925,S2-368661366,S3-998244489,S2-394519037,S2-664309210,S2-705192803,S3-784573537,S2-402525290,S2-290678302,S2-256376131,S2-397040366,S2-163072467,S2-16916254,S2-756767776
S1-215270294	S3-927236319,S2-309720047,S2-961656041,S2-731552175,S2-330594269,S2-533768538,S2-234302747,S2-276633392,S2-912355284,S2-170896305,S2-808806525,S2-523787761,S2-633285623,S2-610826563,S2-147606680,S2-815841660,S2-550891316,S2-516882238,S2-994424637,S2-400973934
S1-762005078	S2-864646605,S2-750793699,S3-582060418,S2-5651134,S2-802517111,S2-242618559,S2-250169339,S2-327871461,S2-634341425,S2-773011488,S2-35667208,S2-356556181,S2-673935948,S2-921209897,S2-351451899,S2-457646777,S2-300069200,S2-281215367,S2-306359223,S2-838427577
S1-983603694	S2-819350584,S2-388069280,S2-973754160,S2-357513477,S2-257905129,S2-678269127,S2-933782840,S2-525281,S2-892622035,S2-342981463,S2-700778264,S3-486454215,S2-433002955,S2-641312221,S2-430424474,S2-34752548,S2-521951454,S2-887842966,S2-561160757,S2-415196684
S1-437281614	S3-211369934,S2-360237399,S3-392038872,S3-988537197,S3-147376251,S2-253933068,S2-897000892,S2-3945516,S2-583111976,S2-829202978,S2-187584872,S2-967570949,S2-742786829,S2-17590008,S2-944638109,S2-270332241,S2-2316484,S2-914382082,S2-245643178,S2-674436617
S1-590781135	S2-479318949,S2-636205022,S2-288167618,S2-826589453,S3-630845905,S3-682272663,S2-153075084,S2-388074335,S3-759511275,S2-338065417,S3-26455413,S3-705979553,S3-134339440,S2-939075449,S2-837960875,S3-207258910,S2-353499198,S3-219978010,S2-478157233,S2-461205328
S1-423414451	S2-566848302,S2-905575215,S2-425425835,S2-551024375,S2-801372351,S2-887123026,S2-942161603,S2-616596047,S2-185048111,S2-954091799,S2-261653490,S2-157115001,S2-255481825,S2-257072009,S2-108101905,S2-691466757,S2-776654441,S2-640519581,S2-945322452,S2-990965407
S1-847114478	S2-549083582,S3-729259453,S3-453351607,S3-183576204,S3-147906542,S3-878784034,S2-428543925,S2-434179473,S3-544015301,S2-881694842,S2-948063031,S2-511691735,S3-547036348,S2-568920776,S2-174436758,S2-425770710,S3-469034058,S2-337912316,S2-613962469,S2-774034041
S1-526334226	S2-407589959,S2-332845483,S2-912721928,S2-463912165,S2-73741761,S2-223358756,S3-29313618,S2-869015566,S2-722415619,S3-133262243,S2-709093975,S2-467362230,S2-581272215,S3-631593669,S2-132584742,S2-627109537,S2-224558352,S2-616122859,S2-945310237,S2-711227408
S1-381894503	S2-141279836,S2-477102854,S2-754225758,S2-876491860,S2-227015142,S2-151772630,S2-988759041,S2-364433781,S2-83573612,S2-121871141,S2-921371018,S2-104016432,S2-521682474,S2-783906811,S2-914611403,S2-547792042,S2-293116274,S2-125155162,S2-173292909,S2-782765375
S1-313092170	S3-662808752,S3-378715208,S2-121933134,S2-171400053,S2-61159007,S2-255462901,S2-637437414,S2-484483494,S3-257078759,S2-846253228,S2-402465921,S2-767997013,S2-886709566,S2-547792042,S3-326164527,S2-486865253,S2-76075133,S2-44028440,S2-570450783,S2-408499436
S1-60876864	S2-597780190,S2-235432091,S2-216344333,S3-127805329,S2-615026580,S2-425297596,S3-789612563,S3-617109340,S2-576125879,S2-871633331,S2-941666146,S2-963943779,S2-15295124,S2-442000682,S2-730523509,S2-821661544,S2-136646573,S2-114149811,S3-182182822,S2-767509125
S1-261642209	S2-127456316,S2-152088223,S2-271903886,S2-893036072,S2-637903375,S2-96475071,S2-301636477,S2-97687949,S2-535518847,S2-757033183,S3-233900013,S2-805957898,S2-101129591,S2-947212411,S2-384836218,S2-463010320,S2-910973310,S2-785184784,S2-630423081,S2-801105028
S1-78728267	S3-768860985,S3-250187940,S3-568078798,S3-28951540,S2-561995823,S2-976149071,S2-464154044,S2-269696342,S2-410664934,S3-377464149,S2-271383764,S2-598419598,S2-579550150,S2-153217834,S2-182265553,S3-408626696,S2-227695202,S2-782343573,S2-289524327,S2-981725091
S1-308199161	S2-577776610,S2-873537347,S2-699355873,S2-518642556,S2-298526213,S2-196220353,S2-289968045,S2-898143834,S2-50141109,S2-25866337,S2-577195373,S2-168685027,S2-721757473,S2-993641928,S2-25244968,S2-875057500,S2-114682948,S2-750281946,S2-990045357,S2-788879059
S1-358927120	S2-294847382,S2-211440621,S2-191661992,S2-45745682,S2-277300530,S2-151772630,S2-580098998,S2-368474989,S2-882636372,S2-227767781,S2-749258736,S2-183308021,S2-936916016,S2-993960432,S2-851838521,S2-835348720,S2-742207065,S2-616447077,S2-278205236,S2-996823478
S1-337122273	S2-80437172,S2-244568429,S3-248913690,S2-385344862,S3-600794798,S3-976944737,S3-715760931,S3-696762906,S2-254069843,S2-539218138,S2-13740691,S2-781614413,S2-903448654,S2-773378108,S2-801228723,S3-271113060,S2-405257560,S2-451410,S2-872419844,S2-112423397
S1-650650055	S2-151082808,S3-644215342,S3-235343633,S2-394372248,S2-454312855,S2-275919566,S2-55600243,S2-479008108,S2-856253090,S2-916082316,S2-835427796,S2-102540631,S3-263584376,S2-808167139,S2-540137763,S2-666403814,S2-150032480,S2-989585815,S2-955174711,S3-539777331
S1-834257002	S2-108197339,S2-329632828,S2-532696465,S2-328162293,S2-497520865,S2-184048617,S2-607964859,S2-703170799,S2-571748197,S2-862856066,S2-302336306,S2-764906802,S2-203450764,S2-919427528,S2-61372477,S2-644061229,S2-243242259,S2-870388862,S2-669478656,S3-297905252
S1-937349180	S3-636253579,S3-146922328,S2-336491925,S2-818591200,S3-145315763,S2-470383701,S2-106948986,S2-600810609,S2-144667960,S2-248709555
S1-725006887	S3-412921025,S2-27864753,S2-808868738,S3-497889707,S2-680614310,S2-225050682,S2-630851751,S2-201184187,S2-97016028,S2-156187860,S2-933210813,S2-968474518,S2-430998139,S2-777613245,S2-821975596,S2-368526401,S2-337967302,S2-473817291,S2-984102782,S2-931516471
S1-820730560	S3-205029637,S3-156443522,S2-190715324,S3-143523206,S2-58884976,S3-987564929,S2-625541502,S3-691455510,S3-570974114,S3-879054506,S3-293081651
S1-47803313	S2-174159267,S3-403085969,S2-607643441,S2-579001694,S2-163312594,S3-285051562,S3-570126191,S3-544962635,S2-185264521,S3-267949249,S3-634342648,S2-937435051,S2-836203828,S2-558965612,S2-490086099,S2-63245880,S2-484711393,S2-814705089,S2-572035044,S3-556511876
S1-385569722	S2-94146326,S2-952911724,S2-157845190,S2-663700902,S2-286973338,S2-201303093,S2-151772630,S2-761095478,S2-151230817,S2-936916016,S2-970392758,S2-284722846,S2-85673195,S2-841723491,S2-243893257,S2-516693141,S2-817424023,S2-11485288,S2-441177974,S2-406407549
S1-453884385	S3-302762790,S2-755232935,S2-61016242,S2-597898011,S2-287808119,S2-385663824,S2-721145667,S2-962259838,S2-664792580,S3-241434735,S2-284222439,S2-642970066,S2-551937352,S2-539628213,S2-956175444,S2-538603722,S2-54496807,S2-659761289,S3-569979164,S2-81253475
S1-650304466	S2-360484855,S2-505663533,S3-707620465,S2-996836832,S2-252604588,S2-678286524,S3-509566042,S2-842540971,S3-25170242,S3-709304977,S3-90888645,S3-372125338,S2-38848349,S3-993914779,S2-142780721,S2-149365383,S2-247823628,S3-333346768,S2-23399865,S2-648242856
S1-762839052	S2-866229499,S2-521903677,S2-614086838,S2-594080516,S2-4200366,S2-147454518,S2-742203912,S2-780862610,S2-898652249,S3-311688329,S2-255554320,S2-858553604,S2-207067561,S2-15100855,S2-404192324,S2-63588677,S2-192780674,S2-543097362,S2-491323139,S2-582718730
S1-550679918	S2-741962438,S2-804398499,S2-55202096,S2-31646771,S2-866594997,S2-303821852,S2-651312535,S2-531179259,S2-257964032,S2-538020925,S2-284855052,S2-175273223,S2-994326090,S2-71737042,S2-911742379,S2-482098186,S2-743740334,S2-543145674,S2-722239567,S2-877111906
S1-659666950	S2-670005034,S2-689918254,S2-507413545,S2-213774315,S2-889834828,S2-573191328,S2-450574247,S2-770041865,S2-342689913,S2-981224464,S2-623889531,S2-896204668,S2-416942713,S2-977623644,S2-128127970,S2-509812976,S2-777851132,S2-541658704,S2-554368487,S2-47251985
S1-772914073	S2-225839715,S2-727933098,S3-8599241,S2-227777616,S2-311413812,S2-934053192,S2-887817380,S2-130939920,S3-997951777,S3-214918327,S2-340993682,S2-466868543,S2-12131371,S3-458756741,S3-25980356,S2-548500463,S2-511490226,S2-849667914,S3-862866682,S2-580686128
S1-860482342	S3-677464690,S2-841825975,S3-353364605,S3-454347890,S2-744683107,S2-254164456,S2-792729988,S2-644001785,S2-932565452,S2-266244242,S2-775007491,S2-711198425,S2-92509395,S3-984005179,S2-211033471,S2-646095053,S2-556667843,S2-406479942,S2-885493859,S2-383761670
S1-813052697	S2-114202715,S3-107492676,S2-815093442,S2-34230721,S2-249804767,S3-563719645,S3-656641662,S2-413882484,S3-236165466,S3-266163638,S2-603376035,S3-17445943,S3-642081693,S3-546382617,S2-543113739,S2-80026562,S2-300496123,S2-693280862,S2-925278839,S2-946231647
S1-366528589	S2-337676538,S2-586948209,S2-962737163,S2-187356096,S2-190005031,S2-29186934,S2-316777268,S2-338593610,S2-942900712,S2-272829324,S2-157223089,S2-654379311,S2-109770090,S2-520791726,S3-270548970,S3-377954713,S3-660261134,S3-154949810,S3-846735304,S3-543403482
S1-720336913	S2-264383023,S2-713197111,S2-475160887,S2-888418192,S2-179836929,S2-94195475,S2-481430153,S2-529597295,S2-754493307,S2-986265512,S2-601566700,S2-133645876,S2-889339794,S2-162555863,S2-589120737,S2-366357133,S2-770254809,S2-30212786,S3-395941400,S2-112638667
S1-640880009	S2-144777712,S2-358802781,S2-99241742,S2-188924443,S2-264337254,S2-998092892,S2-733818215,S2-233861972,S2-765018126,S2-423319033,S2-340497670,S2-651976387,S2-661022109,S2-906850128,S2-302457626,S2-413042597,S2-328555084,S2-332014665,S2-770979942,S2-205951816
S1-887500171	S2-231930565,S3-229248131,S2-366323201
S1-971996731	S2-686992599,S3-96426561,S3-637675888,S3-605242529,S2-4908679,S2-874707049,S2-213933061,S2-876450917,S2-805803025,S2-206495743,S2-414490018,S2-29406810,S2-508347973,S2-360829316,S2-629502741,S2-7663294,S2-739763556,S2-961814913,S2-826189324,S2-825158577
S1-104317115	S2-709927355,S2-929197322,S2-740992066,S2-254426661,S2-339550008,S2-210879384,S2-103660956,S2-904804689,S2-475951531,S2-813092510,S2-168359496,S3-492949297,S2-599713357,S2-969034708,S2-739188809,S2-43587941,S2-767825344,S2-846352818,S2-235808422,S2-916681172
S1-518257638	S2-668119756,S3-473668087,S2-887616528,S2-967668840,S2-830223755,S2-773530680,S2-974998470,S2-12735460,S2-945147879,S3-195720607,S2-559791474,S3-279882347,S2-902540228,S3-585608155,S3-281602120,S3-909928561,S2-771355867,S2-51234150,S2-802019036,S2-640814570
S1-884660527	S3-32149338,S3-763465822,S3-38490669,S2-961597371,S2-240063544,S2-33480918,S2-852790902,S2-262799574,S2-593247379,S2-431276245,S3-40195855,S3-27414281,S2-440966502,S3-179970435,S2-872219218,S2-345752888,S2-597371001,S2-958477226,S3-247642210,S2-828720025
S1-910004085	S2-864335198,S2-579214899,S2-27845718,S3-53383195,S2-941083354,S2-62443449,S2-232353486,S2-271022893,S2-606237088,S2-885871693,S2-985127401,S2-277409977,S2-945314162,S3-216221562,S2-210964413,S2-153448702,S2-626590858,S3-816621460,S2-334328548,S2-249047383
S1-591894902	S2-11624402,S3-30885779,S2-630427360,S2-181051810,S3-308159053,S2-325667050,S2-836733108,S2-596628130,S3-310986739,S2-704589291,S2-225071694,S2-674154729,S3-740795446,S3-326540337,S2-614789121,S2-914050881,S2-477625001,S3-629506001,S2-314589438,S2-48467016
S1-142638295	S3-434435201,S2-539030750,S2-943472718,S2-968896369,S2-69430020,S2-526287565,S2-168557846,S2-782051474,S2-836193174,S2-486425023,S2-424060577,S2-890178948,S2-833923367,S2-591742639,S2-261181043,S2-132741297,S2-757545749,S2-750024532,S2-152724673,S2-711660940
S1-950720921	S3-919627452,S2-523443947,S2-781635311,S3-350913233,S2-435734109,S3-591185157,S2-64780902,S2-212291583
S1-183285524	S2-247846567,S2-25218922,S3-747187242,S2-570902051,S2-542478943,S2-937372900,S2-917463647,S2-997095944,S2-997344410,S2-601301514,S2-648636489,S2-768948274,S2-588263310,S2-230645458,S3-618630885,S2-601169582,S2-394420483,S2-851305396,S2-2253067,S3-534968609
S1-714649207	S2-86413289,S2-930841661,S2-633868510,S2-823112029,S2-140258468,S2-69928410,S2-338464696,S2-610552343,S2-154454411,S2-703731153,S2-592011548,S2-466269977,S2-959752875,S2-298992427,S2-569781138,S2-50023366,S2-287803103,S2-265410023,S2-800970056,S2-290767332
S1-841168517	S2-900423789,S2-881658089,S3-796810596,S3-152207060,S2-341955827,S2-989593926,S3-562603438,S2-591605669,S2-423097371,S2-190977092,S2-71424409,S2-645161394,S2-157098034,S2-456308599,S2-738052629,S2-104225297,S3-797805937,S2-960771756,S3-333766162,S3-858475848
S1-819898451	S2-205130180,S2-761720544,S2-896373148,S2-619887383,S2-788196374,S2-607971200,S2-467695831,S2-472474277,S2-439815131,S2-626459668,S2-433577336,S2-334173359,S2-79616246,S3-600614897,S2-501546879,S2-452536920,S2-284088545,S2-202472810,S2-34478555,S2-451738770
S1-949091955	S2-398889556,S3-80910,S3-962988507,S3-614803470,S2-395275578,S2-121353036,S2-425260905,S2-987615341,S2-78686253,S2-22347045,S3-188639625,S3-64261988,S3-957107050,S3-87224735
S1-552966879	S2-548758897,S2-962132175,S2-643305466,S2-923912986,S2-685772251,S2-945118196,S2-862281913,S2-760671080,S2-720910309,S2-37344342,S2-841836261,S2-386105462,S2-345049115,S2-257281493,S2-958933288,S2-107756353,S2-322280854,S2-968330595,S2-839706691,S2-303993574
S1-220057580	S2-38915111,S3-868013722,S3-366866521,S3-295091455,S2-810332449,S2-729886665,S2-597646052,S2-221109040,S2-413525386,S2-547730930,S2-149750543,S2-477922443,S2-293409964,S2-216967133,S2-615392235,S2-675523517,S2-272744595,S2-60476325,S2-426759544,S2-84401363
S1-64462728	S2-96025297,S2-958356631,S2-104647063,S2-88332881,S2-451550054,S2-919961736,S2-974068774,S2-280628547,S2-940538722,S2-267622284,S2-984052526,S2-560716372,S2-743092988,S2-366892943,S2-750133990,S2-878440960,S3-381619694,S2-529112614,S2-254059454,S2-55766081
S1-807938084	S2-660456246,S2-171400053,S2-874855092,S2-164454648,S2-412209201,S2-447128543,S2-440788806,S2-413411091,S2-207058484,S2-528753270,S2-321308609,S2-860947028,S2-658065717,S2-986614062,S2-409062448,S2-63006362,S2-599328437,S2-417829075,S2-547792042,S2-309129827
S1-693870315	S2-808640458
S1-455827432	S2-528725744,S2-778420299,S2-931565470,S2-470345650,S2-84114585,S2-480465314,S2-441772933,S2-802423595,S2-906240728,S2-919315663,S2-367495703,S3-978705909,S2-307092180,S2-630483083,S2-738647590,S2-762309668,S2-683733715,S2-598247143,S2-96099850,S2-847831738
S1-527611593	S3-605601907,S2-10593901,S3-275378828,S2-339888927,S2-446688351,S2-343213833,S2-238808703,S2-934127852,S2-476699128,S2-431080066,S2-609301733,S2-344691996,S3-559372385,S2-20155308,S2-448544970,S2-392644434,S3-851312504,S2-817742850,S2-440154499,S2-792786137
S1-727773972	S2-21935630,S3-742017149,S2-288652138,S2-847346248,S2-317587541,S2-908132526,S2-167864144,S2-23601860,S2-399463964,S2-159549893,S2-635422090,S2-613714025,S2-547678548,S2-83639015,S2-527606804,S2-837181300,S3-762587197,S2-990272979,S2-220901784,S3-481402884
S1-279446676	S3-879007585,S2-278324274,S2-989543328,S2-105693598,S2-769413181,S2-215446475,S3-874030482,S3-200095386,S3-900358476,S2-308980044,S2-75992472,S3-372749941,S3-462531185,S3-139475038,S2-452991883,S3-122936723,S3-135539707,S2-865411563,S3-685532230,S3-622805557
S1-918109974	S3-622084470,S2-514008455,S2-177946209,S3-604968655,S2-225955381,S2-195200852,S2-84985967,S2-341446427,S2-544870612,S2-14520526,S3-773122137,S2-153380388,S2-626186623,S3-768282152,S3-584169083,S2-646022657,S2-708804861,S2-703736040,S2-366973056,S2-856963507
S1-615018738	S3-263733579,S2-693064683,S2-501408343,S2-110661751,S2-575263255,S2-1874540,S2-775441736,S2-740565713,S2-578426048,S3-393083341,S3-607053516,S2-206586918,S2-33126050,S2-161929367,S2-989412343,S2-558123868,S2-787984262,S2-824973629,S2-839493715,S2-72573709
S1-666592077	S2-43457709,S2-533474335,S2-951302969,S2-153590190,S2-668588506,S2-545121001,S3-123108119,S2-843754290,S3-250727542,S2-933811844,S2-80205148,S2-117673399,S2-268194953,S2-693603365,S2-766775923,S2-637396387,S2-339550008,S2-600661590,S2-743931001,S2-936482874
S1-509532493	S3-428708300,S3-138608272,S2-481586455,S3-667383027,S2-573996452,S2-817902971,S2-928513247,S2-169251065,S3-308446469,S3-320761075,S2-575171623,S3-408247600,S2-1709893,S3-830691341,S3-256792112,S3-367688626,S2-929788395,S3-449660848,S3-83610823,S3-327636523
S1-992285010	S3-216741187,S2-209420378,S3-823215288,S3-724887968,S3-327651307,S3-873020303,S2-63811513
S1-382076507	S2-481553678,S2-151772630,S2-164055745,S2-894804096,S2-270498407,S2-567005056,S2-521682474,S2-547792042,S2-173292909,S2-782765375,S2-500786677,S2-262925857,S2-994429807,S2-177859132,S2-93706050,S2-2641867,S2-789213227,S2-153590190,S2-27081170,S2-454384904
S1-185535466	S2-381918299,S3-683118039,S3-571016137,S3-368154129,S3-993799620,S3-847507825,S3-644704974,S3-462087624,S3-514080586,S3-74272968,S3-674454906,S3-427765476,S2-823243394,S2-899411893,S3-310273320,S2-979460088,S3-840422634,S2-23293179,S3-167851655,S2-632960618
S1-799535694	S2-129590319,S2-338631209,S2-470552737,S2-303225649,S2-897255312,S2-422918686,S3-990537257,S2-533198227,S3-355434753,S2-513206344,S2-873709928,S3-506066917,S2-903831246,S2-490093267,S3-911753527,S2-509559612,S2-296042426,S3-535851031,S2-229301535,S2-422852845
S1-598558953	S2-932444510,S3-968292918,S3-384747805,S3-411268675,S2-395303518,S2-514598520,S3-342109666,S3-398646945,S3-287308611,S3-381204299,S3-283934608,S3-959267078,S3-903195496,S2-819979828,S2-434970463,S2-24644781,S2-690151146,S2-485117246,S2-733488385,S2-152820863
S1-222645796	S2-73658068,S3-561990506,S3-630677920,S2-802513739,S2-250923568,S3-733557681,S2-834126488,S2-571846524,S2-471119572,S2-981887599,S2-691800956,S3-595438590,S3-71493296,S2-32964322,S2-446305208,S2-20148002,S2-178148532,S2-274613676,S2-930480450,S2-154795236
S1-192481319	S2-932360772,S2-639973047,S2-555773260,S2-546075191,S2-464739359,S2-371301971,S2-838663954,S2-23864873,S2-121302069,S2-134636474,S2-4646818,S2-908834427,S2-166478738,S2-812665798,S2-84124908,S2-274033380,S2-522202012,S2-137687594,S2-535974506,S2-891516070
S1-413573159	S2-990350528,S2-308594471,S2-159003143,S2-748766846,S2-155503764,S2-452916944,S2-670563541,S2-632177060,S2-254126658,S2-565073377,S2-637355872,S3-347533919,S2-742930933,S2-111905075,S2-399816959,S2-818013519,S2-285613307,S2-721444804,S2-4476122,S2-581579318
S1-782634160	S2-553836613,S2-374551776,S2-995522182,S2-257271232,S3-266310558,S2-182604921,S2-142349520,S2-855766373,S2-528068142,S2-664539227,S2-326610961,S3-469891814,S2-620806478,S3-662230069,S3-903724438,S2-234490742,S2-555075211,S2-819013607,S3-700421198,S2-659918257
S1-394334841	S2-838259380,S3-10199776,S2-200306947,S2-443894211,S2-148686355,S2-731082179,S2-643518466,S2-493068957,S2-480393689,S2-687044119,S2-704552929,S2-790502727,S2-767403490,S2-682039,S2-974154008,S2-67393495,S2-656858747,S2-481896949,S2-50348815,S2-258450715
S1-759762834	S2-101559240,S2-15213582,S2-783191513,S2-573527999,S2-889998852,S2-111858070,S2-236037815,S3-411690473,S3-865061571,S2-5041597,S2-347869043,S2-876241730,S3-560920391,S2-353072294,S2-854303903,S2-594611833,S2-982097352,S2-730565070,S2-309866642,S2-209174685
S1-653070765	S2-760600385,S2-710346048,S2-339550008,S2-765824316,S2-251268811,S2-222833745,S2-707240310,S2-288138359,S2-198108921,S2-306547398,S2-259406265,S2-131869888,S2-217216479,S2-369666595,S2-854532458,S2-501039792,S2-16706628,S2-380989948,S2-460016897,S2-115402855
S1-94096071	S3-5072979,S2-403208998,S3-517316373,S3-849078409,S2-866655664,S3-342009004,S2-11345697,S2-24673247,S3-781069780,S2-355052079,S3-765905273,S2-70517621,S2-590314199,S2-25625248,S2-588208615,S3-920819522,S2-300106444,S2-90391540,S2-260459863,S2-586092533
S1-682391735	S2-250539995,S2-199298939,S2-425417474,S2-232617988,S2-675145885,S3-325646025,S2-9003624,S2-198703906,S2-416862435,S2-947699217,S2-174925380,S2-900068547,S2-203888843,S2-515152170,S2-96020773,S2-53282602,S2-708952050,S2-737624714,S2-283413347,S2-700314912
S1-559968662	S2-289084297,S2-122780099,S2-115732423,S3-526816861,S3-424565909,S2-620984890,S2-645011195,S2-464993575,S2-787162789,S2-261801612,S2-450156711,S3-835705133,S2-499195461,S2-969384970,S2-128557485,S2-902301038,S2-701937611,S3-880800741,S3-47925616,S3-744719007
S1-964877324	S2-44484933,S2-831798734,S2-265576935,S2-524118055,S2-395806777,S2-271152598,S2-322678700,S2-739648177,S2-709868941,S2-664910746,S2-77001953,S2-569121307,S2-60582814,S2-765876529,S2-401606921,S2-400075101,S2-837394288,S2-313522227,S2-968550294,S2-469148880
S1-883416047	S2-921603211,S2-1579780,S2-796165649,S3-818833328,S2-310721517,S2-205715931,S2-614393295,S2-691206714,S2-27407972,S2-72481103,S2-324856584,S2-981712875,S2-868049959,S2-190263177,S2-57386038,S2-199018583,S2-169772081,S2-734030052,S2-336407442,S2-855536444
S1-182458975	S2-208886077,S2-988827186,S2-478735920,S2-156776538,S2-526167007,S2-357286732,S2-382761693,S2-76289088,S2-27584176,S2-214540568,S3-838269609,S3-914795861,S2-174773041,S3-877093597,S3-653170203,S2-444047077,S2-214544601,S2-576088922,S2-764343685,S2-231425431
S1-339269492	S3-656572908,S2-346682,S2-30818668,S3-881396384,S2-705643719,S2-477727920,S3-519114332,S2-963758435,S3-22377139,S2-250005066,S3-825624171,S2-387356658,S3-566767999,S3-105839883
S1-621676240	S2-533686349,S3-209990995,S3-343214300,S2-861070889,S2-84870559,S3-748306629,S3-851788283,S2-655921912,S2-932834594,S3-328434180,S2-735226229,S3-541184620,S3-892327510,S3-24150815,S3-649273933,S2-304984075,S3-233866887,S3-33258712,S3-212311621,S2-416499164
S1-103138354	S2-444386403,S2-221633164,S2-964200888,S2-746020340,S2-681556169,S2-297757765,S2-427257259,S2-407160029,S2-622856161,S2-192349636,S2-201768982,S2-970670539,S2-956179374,S2-194053907,S2-875176728,S2-768221988,S2-396886142,S2-884898714,S2-928870905,S2-780360413
S1-279963953	S2-981120565,S3-113718798,S2-275540235,S2-653467682,S2-218591932,S2-661993387,S2-113160924,S2-515882338,S2-453987303,S2-378114458,S2-494036220,S2-843110618,S2-51676021,S2-897876703,S2-172506780,S2-74020336,S3-536490413,S2-388832194,S2-34827902,S2-11791650
S1-317707487	S2-164517163,S3-747867687,S2-827358023,S3-541897077,S2-197128146,S2-656617708,S3-41713894,S2-448472888,S2-531857082
S1-391244573	S2-13239568,S2-137317341,S2-667271637,S2-924101385,S2-371400460,S2-796986818,S2-681649031,S2-826179308,S2-385512052,S2-639018431,S2-464611245,S2-46413788,S2-272969868,S2-106503574,S2-943656258,S2-930043430,S2-709937679,S2-254562254,S2-442534332,S2-139915745
S1-603458137	S3-240633224,S3-805929696,S3-165266489,S2-986118326,S2-898466856,S2-520051995,S2-335932281,S2-848697492,S2-147472872,S2-685444533,S2-806138355,S2-201134694,S2-259524167,S2-26426502,S2-378610551,S2-554649916,S2-409433389,S2-358596013,S2-411964285,S2-85374307
S1-429550703	S2-661726688,S3-34732145,S2-67903463,S2-199724877,S2-389902368,S2-40728242,S3-413542027,S3-79826289,S2-184149990,S2-404475416,S2-239725758,S2-57203290,S2-584902117,S2-542326398,S2-137531260,S2-407978632,S2-333803668,S2-907198229,S2-645785877,S2-298155702
S1-302219416	S2-181285535,S2-564319266,S2-956134981,S2-683440892,S2-34505539,S2-508017795,S2-387386416,S2-762824562,S2-889890976,S3-422139558,S2-901947769,S2-295427381,S2-195155693,S2-691772919,S2-818839585,S2-767259774,S2-266495233,S2-149697592,S2-951339405,S2-763141593
S1-693956169	S2-27080238,S3-592419390,S2-260973802,S2-326511736,S2-551604496,S3-881912667,S3-157998060,S2-784768103,S2-887389726,S2-917179719,S3-202856170,S2-908572167,S3-867832531,S2-642379815,S2-153389099,S3-631203367,S2-554948128,S2-494334573,S3-424520654,S2-664626349
S1-837916944	S2-212544524,S2-708034098,S2-697627794,S2-697514180,S2-72389647,S2-385626737,S2-479930865,S2-736930202,S2-616659223,S2-939101446,S2-806142016,S3-572419953,S2-183965428,S2-757656716,S2-645612304,S2-938571120,S2-817597574,S2-576161475,S2-845258549,S2-538592447
S1-336786786	S2-604300347,S2-640218565,S3-383999483,S2-522150508,S3-798189202,S3-657582288,S2-641354711,S3-814005356,S2-68470419,S2-427473237,S2-621242127,S2-903105176,S3-812718577,S2-269375510,S2-455630775,S2-601486764,S2-823932193,S2-560183548,S2-867690413,S2-239067869
S1-800911534	S3-398248667,S2-915855316,S3-767038366,S2-527645404,S3-539813943,S2-40434016,S2-919275215,S2-467973831,S2-382279376,S3-854263760,S2-610273252,S2-561328220,S2-375151053,S2-746686582,S3-455282265,S2-705096985,S2-43321180,S2-517835048,S2-716261282,S2-444152006
S1-181883447	S3-136763315,S3-951201486,S3-6113322,S3-535306084,S3-135911883,S2-368713779,S2-243575495,S2-654726769,S2-973428355,S2-564909059,S2-939433920,S2-995852913,S2-384438101,S2-243785976,S2-100208547,S2-528350957,S2-700873522,S2-217345018,S2-402831451,S2-259527865
S1-1433093	S2-790553696,S2-14686921,S2-868544595,S2-924012533,S2-637336719,S2-635609892,S2-56304829,S3-875515257,S2-311438755,S2-264365429,S2-591633786,S2-412253824,S2-810374446,S3-597333489,S2-264991843,S2-496887813,S2-314553898,S2-84554654,S2-700088896,S2-317088044
S1-733472967	S2-946018288,S2-181609109,S2-257963899,S2-755041106,S2-502919379,S2-41500240,S2-551606564,S2-455719216,S2-231103451,S2-950683028,S2-525673558,S2-859214240,S2-493874862,S2-744341934,S3-816163727,S2-893668026,S3-926988288,S2-974329774,S2-332556101,S2-935370127
S1-89100953	S2-944972656,S2-239896103,S2-67086005,S2-750998608,S2-693095199,S2-302088306,S2-483593448,S2-281395988,S2-159292390,S2-247510211,S3-721010933,S2-749663306,S2-892438309,S2-682125282,S2-823177459,S2-144653941,S2-357260250,S2-803254745,S2-304877012,S2-785602861
S1-848293840	S2-642789912,S3-270115458,S2-839510016,S3-737167078,S3-976990015,S3-868066005,S3-567230431,S3-710760152,S3-216288059,S3-641437831,S2-263079653,S2-486547020,S2-555747529,S3-138274180,S2-144900966,S3-329973828,S2-710508358,S2-389606879,S3-631662049,S2-503161709
S1-17003766	S2-652474983,S2-246715334,S2-698060513,S2-955600504,S2-996549779,S2-27173566,S2-979566966,S2-334430489,S2-790983282,S2-278980301,S2-394681333,S2-731519859,S2-366413466,S2-172529620,S2-959546603,S2-388649316,S2-886547792,S2-146697654,S2-851481418,S2-703226990
S1-915512126	S2-519712884,S3-704943458,S2-528698002,S2-704797068
S1-901504091	S2-667819447,S3-358754031,S3-292722862,S2-124760991,S3-171668429,S3-52068875,S3-237265199,S2-187916996,S3-612805302,S2-949830510,S2-927090535,S2-434543583,S2-562000211,S2-245743214,S3-541222853,S2-910770936,S2-51596645,S3-483881704,S2-344501517,S3-244978984
S1-724741475	S2-606472999,S2-155098931,S3-390632769,S3-823669885,S3-266895746,S2-939397390,S2-980987755,S2-613635645,S2-624784990,S2-665030920,S2-34202454,S2-190769718,S2-365174019,S2-941303124,S2-186077425,S3-421429265,S2-406960181,S2-865101029,S2-709472781,S2-855144355
S1-851421910	S2-168797352,S2-769094735,S2-420113188,S2-706314169,S2-688257774,S2-783487849,S2-684522187,S2-826738184,S2-809231312,S2-473854858,S2-717368033,S2-880283916,S2-259934841,S2-790571228,S2-60878250,S2-867947102,S3-155495500,S2-257319589,S3-649378421,S2-944999538
S1-430298053	S3-766866594,S3-141533889,S2-397242502,S2-375815929,S2-643916464,S2-110693053,S3-992037272,S3-713223802,S2-245576825,S2-617291347,S2-552579056,S2-74766252,S2-462394225,S2-629094404,S2-532197952,S2-563982435,S2-886087428,S2-413410086,S2-358836213,S2-219950882
S1-307277652	S2-546977368,S2-264426845,S3-977114810,S3-287355793,S3-30696911
S1-503010787	S2-462243723,S3-698177147,S2-977770394,S2-980391106,S2-261706740,S2-631256037,S2-252797575,S2-542243784,S2-69405853,S2-790834293,S2-426981353,S3-819157238,S2-345146200,S2-636495517,S2-565591274,S2-347424231,S2-462372624,S2-964606223,S2-587320458,S2-613197012
S1-520627257	S2-778118498,S2-857403765,S2-509613201,S2-939266090,S2-745758249,S2-229184810,S2-449313060,S2-626101678,S2-700233916,S3-212241484,S2-986543826,S3-945655013,S2-242501186,S3-582770172,S2-43012342,S2-318685713,S2-58429576,S2-642800948,S2-334526683,S2-426774855
S1-667272642	S2-389511594,S2-147559201,S2-32220294,S2-521990007,S2-921728844,S2-775903441,S2-802095609,S2-490376970,S2-357355320,S2-514977475,S2-806344932,S2-344020472,S2-560278182,S2-675477297,S2-393558780,S2-653241768,S2-261839079,S2-135568293,S2-361633772,S2-37552693
S1-827961773	S2-184031148,S2-436236847,S2-5302487,S2-64661346,S2-28211372,S2-523930434,S2-287202390,S2-973982686,S2-712942644,S2-647459821,S2-836843309,S2-652410337,S2-828648803,S2-668768203,S2-733293933,S2-331674179,S2-198581484,S2-479068086,S2-281224093,S2-620682641
S1-255349799	S2-663124752,S3-295673786,S2-553828428,S3-543079780,S3-139883613,S3-632038833,S3-613176088,S3-424652670
S1-418524279	S2-992947431,S2-819675810,S2-722100934,S2-42129313,S2-337652709,S2-346911756,S2-863536320,S2-902584633,S3-390935781,S2-881622671,S2-377749987,S3-765302009,S2-202863557,S3-808144340,S3-632154667,S3-119069539,S2-668710973,S3-967608896,S2-830234318,S2-545805412
S1-661144640	S2-781526354,S2-234035294,S2-655555637,S2-937218504,S2-915315310,S2-356727306,S2-695140728,S2-306813547,S2-120638028,S2-261210990,S2-586563161,S2-935082601,S2-148540544
S1-892745196	S2-555150947,S3-257444844,S2-676306549,S2-172985370,S3-753570654,S3-579773583,S2-248453040,S2-774647779,S3-786258465,S2-938440593,S2-904368591,S2-893628309,S2-309906383,S2-146811978,S2-966457985,S2-423444053,S2-393305033,S2-353213298,S3-530232127,S2-960223542
S1-751409146	S3-864009858,S3-229628380,S3-762215187
S1-13506955	S2-730414002,S2-392111428,S2-164540306,S2-480499663,S2-182444364,S2-462737651,S2-194424240,S3-15538613,S3-359760971,S3-569334834,S2-824397327,S2-528540737,S3-423423316,S2-270943146,S2-397880156,S2-51375588,S2-402897321,S2-117580163,S2-945854843,S2-849522144
S1-262020943	S2-326037526,S2-442257188,S3-261700922,S3-68980950,S3-337711182,S2-731518746,S2-111981790,S2-694649887,S2-407399608,S3-999452611,S3-818663346,S3-772564374
S1-746909581	S2-396538001,S2-375983485,S2-825721219,S2-227084090,S2-372717695,S2-113673258,S2-839481830,S2-272895188,S2-231535824
S1-481776787	S3-383367286,S2-577740793,S2-418690897,S3-615797748,S3-512258811,S3-67891800,S3-808544563,S3-881834068,S3-144763971,S2-767623950,S2-22325404,S2-438150866,S2-514637230,S3-202636003,S2-187389621,S2-33039131,S2-94251094,S3-38058193,S2-576657941,S2-109185802
S1-870654726	S2-873845431,S3-522569870,S2-683786693,S3-496413957,S3-778960868,S3-43801455,S2-660900889,S2-396413206,S3-511809450,S2-64160247,S2-928028711,S3-749586009,S3-693506934,S2-177316843,S2-278240517,S3-146280033,S2-81698759,S2-271405939,S2-152710606,S2-794133344
S1-459183905	S3-503463962,S2-497362388,S2-905312877,S2-250684025,S2-941264248,S2-47064529,S2-882672742,S2-767665371,S3-787178150,S2-364075297,S2-289614626,S3-505212662,S3-756184393,S3-557471428,S3-245741415,S2-686554731,S2-605783793,S2-296685026,S2-940849,S3-115264449
S1-782456413	S2-272813285,S2-646220710,S2-942852308,S2-279071487,S2-156583415,S2-607743000,S2-993809538,S2-590121371,S2-135736944,S2-143004935,S2-10378272,S2-19893136,S2-815620577,S2-950170744,S2-313609382,S2-601274889,S2-43266507,S2-742524844,S2-491351998,S2-976499881
S1-687813152	S3-798873468,S2-679848430,S2-263413207,S2-608308924,S2-944860370,S2-778144318,S2-589103436,S2-962792119,S2-553711182,S3-743839103,S3-58831890,S2-952007726,S2-696885413,S2-755078983,S3-710247440,S2-319595732,S2-871245143,S2-705183918,S2-602120705,S2-751515256
S1-528962373	S2-323502734,S3-542715889,S3-852755304,S3-873667295,S2-295914535,S2-946824730,S3-295496622,S2-309720047,S2-588878513,S3-773686849,S2-961656041,S2-731552175,S2-330594269,S2-533768538,S2-234302747,S2-276633392,S2-912355284,S2-170896305,S2-960547992,S2-808806525
S1-133484055	S2-951799022,S2-374399114,S2-963965386,S2-155206621,S2-398939291,S2-829581724,S2-1596371,S2-193182845,S2-71354976,S2-739858987,S2-515828078,S2-721219781,S2-462303135,S2-449134912,S2-337478837,S2-114584465,S2-35121367,S2-559237412,S2-124389808,S2-125239262
S1-784673398	S2-932732287,S2-442684553,S2-186809819,S2-710300546,S3-628405194,S2-442187751,S2-358316256,S2-875294033,S2-852908754,S2-904636833,S2-886569992,S2-836774730,S2-102647035,S2-869357897,S2-924436780,S2-396921219,S2-407534148,S2-220542436,S2-621582869,S2-57653703
S1-162954117	S2-901523021,S2-205609811,S2-772632094,S2-436912108,S3-298536815,S2-450809779,S2-609337474,S2-708530259,S3-305112277,S3-107399030,S3-220994365,S2-555801561,S2-245274336,S3-458931676,S3-520088369,S3-329487398,S3-759206086,S2-813138355,S2-835102949,S2-57920332
S1-547053441	S2-441498593,S2-791288454,S3-367265481,S3-353412449,S3-766620076,S2-896342968,S2-891436917,S2-18877887,S2-722107279,S2-500054371,S2-632798125,S2-216451912,S2-458841974,S2-653699872,S2-723787807,S2-467375086,S2-704724790,S2-888249529,S2-776557327,S2-827360326
S1-302536542	S2-158650380,S2-799604687,S2-137834849,S2-33303816,S3-425566244,S2-953646223,S2-816255486,S3-510054482,S3-627762852,S3-673608604,S2-512569291,S3-535638614,S3-238684791,S3-306303146,S3-971116668,S3-251360140,S3-32202978,S2-597625778,S2-247358645,S3-410398882
S1-457601305	S3-6844396,S3-11563847,S2-53105095,S2-133900846,S3-936166976,S2-443881099,S2-286778084,S2-679417384,S2-170231800,S2-847127865,S3-8848468,S2-633214017,S2-809996150,S2-128420382,S2-64360001,S2-558066611,S3-286405469,S2-342344017,S3-833913046,S2-794561002
S1-488635826	S3-360376694,S2-629601313,S2-688428765,S2-613960883,S2-389855403,S2-858319573,S2-579666341,S2-974816595,S3-200369300,S3-653167568,S2-477297717,S2-218763306,S3-168108567,S2-896611229,S3-41307938,S2-117538237,S3-520592483,S2-86369828,S3-535767288,S2-708431289
S1-349698918	S3-5371667,S3-109887568,S3-541968,S2-66477043,S2-677907706
S1-72706873	S3-530404530,S2-176187828,S2-254553616,S2-250887645,S2-940804644,S2-854936992,S3-263078882,S3-490781512,S3-980367481,S3-72404641
S1-78029452	S2-703379046,S3-549161197,S2-120378539,S2-433213239,S2-218417592,S2-79020622,S2-435866030,S2-687843860,S3-403720306,S2-262702053,S2-812638003,S3-96907996,S2-32009026,S2-956184896,S2-142652307,S2-405291821,S3-98856729,S3-413890938,S2-327724894,S2-874886792
S1-717385838	S3-556464076,S2-747097192,S2-68538118,S2-93812385,S3-2866798,S3-289763389,S3-433467427,S3-267922522,S2-853096006,S3-130869063,S2-997262760,S2-536177093,S3-742964308,S2-496751167,S2-162173573,S2-762984093,S2-28581865,S2-296047279,S2-242560454,S2-2683496
S1-11379912	S3-680233461,S2-750720584,S2-635303118,S2-422546381
S1-655700316	S2-412065323,S2-455630567,S3-839238856,S2-505518751,S2-281521197,S2-841599599,S3-765363101,S2-274108340,S3-12227433,S2-587034393,S2-528283777,S2-164373218,S2-363669932,S2-171285984,S2-790895024,S2-801711809,S2-520486609,S2-372096612,S2-971413391,S2-662957128
S1-484349079	S3-640758795,S3-80095208,S3-601415960,S3-600765030,S2-683268866,S2-863215754,S2-131497666,S2-774410293,S2-685068376,S2-593500283,S2-276208795,S2-947945521,S2-734716146,S2-843551188,S2-171754321,S2-16159514,S2-396436659,S2-810293563,S2-844154948,S2-566668462
S1-595486290	S2-869331467,S2-920069304,S2-90492694,S2-604229629,S2-628612708,S2-197535211,S2-400710298,S2-712935170,S2-497553637,S2-950942920,S2-825037914,S2-216317382,S2-518991537,S2-423503880,S2-37707107,S2-82408242,S2-217797475,S2-758907988,S2-281184241,S2-95057742
S1-889012090	S3-358512104,S2-620204661,S2-368886056,S2-590550109,S3-71522243,S3-544019866,S2-790851315,S2-516713635,S2-412808642,S2-964319113,S2-214758996,S3-260392735,S3-182112907,S2-455639879,S3-712158728,S2-708288668,S2-128214363,S2-33224875,S2-159185844,S3-265734095
S1-748500004	S2-334692152,S3-574364780,S2-498354824,S2-718461142,S2-392839824,S2-822997550,S2-857681414,S3-440042484,S2-960039394,S2-465839879,S2-601202309,S2-312706641,S2-128682359,S3-827271802,S2-338649779,S2-553845578,S2-780490567,S2-532138252,S2-17402685,S2-146870362
S1-587404171	S3-690731083,S3-164936546,S3-559167767,S2-586777871,S2-717715318,S2-359473169,S2-730141595,S2-147483891,S2-512737776,S2-122081721,S3-35070755,S2-494311891,S2-510378664,S3-686565538,S2-243754594,S2-884854046,S2-665162427,S2-55648696,S2-437584474,S2-541855458
S1-986604838	S2-768406948,S2-385287231,S2-378868500,S2-645464141,S2-32550335,S3-512248107,S2-571604151,S2-19742567,S2-761022206,S2-925016475,S2-215478530,S2-218675498,S3-469706375,S2-447269342,S2-221118746,S2-127964017,S2-345492932,S2-10554842,S3-527592912,S2-423356920
S1-766408899	S2-243696406,S2-276017560,S2-479696388,S2-512381980,S2-920096815,S2-953231462,S2-576459857,S2-837182380,S2-308733616,S2-582491007,S2-93237801,S2-693168376,S2-471855628,S2-749107195,S2-698432089,S2-810138484,S3-511671119,S2-841048872,S3-303230063,S2-989762376
S1-507163415	S2-222304285,S2-529283400,S2-651390234,S2-760485886,S2-869208029,S2-333177312,S2-478116232,S2-231281691,S2-658981575,S2-949936682,S2-136567547,S2-960043156,S2-407814797
S1-873761236	S2-599101735
S1-655802552	S2-661143069,S2-675415441,S3-494393611,S2-161642078,S2-884543584,S3-31967563,S2-664397015,S2-858958016,S2-707111550,S3-811513427,S2-84202211,S2-720926839,S3-163543916,S3-989632480,S2-26214566,S2-85275775,S2-499127034,S2-767041298,S2-121870587,S2-518919790
S1-327983313	S2-561700565,S2-871030070,S2-319107499,S2-697634066,S2-185328661,S2-804016810,S2-988592945,S2-212291583,S2-206957287,S2-578453982,S2-929262140,S2-24920741,S2-760176544,S2-713272376,S2-259406265,S2-425661446,S2-709396671,S2-939630934,S2-191311189,S2-949300513
S1-77383698	S3-222723450,S3-85269254,S2-860707851,S2-919745373,S3-96386205,S3-247899093,S3-480746097,S3-745136987,S3-778399072,S2-751444362,S2-932081207,S2-175969252,S3-315036648,S2-752943429,S2-5225253,S3-556176569,S2-655115064,S3-153796975,S3-92605830,S2-184312863
S1-273531258	S2-98844802,S2-338458211,S2-503353,S2-879569419,S2-121418129,S2-764481522,S2-494647833,S2-248233059,S2-489269628,S2-734774325,S2-857241714,S2-359499561,S2-55766081,S2-781938410,S2-768939888,S2-637713478,S2-992905247,S2-962892499,S2-236840709,S2-304857688
S1-772535560	S2-995299451,S3-741089434,S2-331345985,S3-444786260,S3-277502992,S2-2670525,S2-590408393,S2-885295531,S2-817318367,S3-786820001,S3-551089758,S3-694289111,S2-567112068,S2-783454934,S2-485102903,S2-563905712,S3-713936365,S2-934929727,S2-165844596,S2-476793066
S1-598136304	S3-821826222,S3-123988479,S2-226468178,S3-623651543,S3-997929869,S2-821845474,S3-296041659,S2-826231480,S3-613058525,S3-387803347,S3-654645091,S3-816036973,S2-607129167,S2-616194492,S3-872189307,S3-669488204,S3-56612675,S2-957041003,S2-45554741,S2-346089896
S1-789788578	S2-302309969,S2-323265913,S2-102921303,S2-923377939,S2-83113427,S2-478979259,S2-56431115,S2-875408202,S2-632714492,S2-986499719,S2-343182053,S2-724255369,S2-113522455,S2-481240786,S2-569423067,S2-105812232,S2-450395183,S2-264543039,S2-628739702,S2-267874461
S1-346777444	S2-896463322,S2-973736978,S2-810324997,S2-711976772,S2-336376642,S2-562891458,S3-538156079,S2-464436923,S2-455207646,S2-235154107,S3-381284852,S3-891978713,S2-942384139,S2-846266225,S2-26097618,S2-139478576,S2-900409963,S2-186021166,S3-619932727,S2-723464118
S1-544222533	S2-688053407,S2-856237827,S2-356506727,S2-972160860,S2-42697753,S2-972251343,S2-952236838,S2-296818580,S2-70961269,S2-118763840,S2-304013349,S2-647489954,S2-215984643,S2-583915485,S2-904806083,S2-561584054,S2-710600509,S2-645900365,S2-254204014,S2-802117090
S1-493959729	S2-706423789,S2-411963950,S2-213998259,S2-210463649,S2-387742668,S2-321268773,S2-312895247,S2-296224303,S2-431869782,S2-599528687,S2-200445627,S2-903606524,S2-520807246,S2-973417364,S2-20481162,S2-401379869,S2-504742545,S2-287157379,S2-392362533,S2-768572795
S1-430462466	S2-26704298,S2-621208216,S2-821368968,S2-102459170,S2-563807102,S2-392778273,S2-857258217,S2-268566949,S2-753620455,S2-802334356,S2-488803428,S2-612901345,S2-405807563,S2-276616790,S2-142353019,S3-908111718,S2-417756133,S2-429297462,S2-852060203,S2-986800546
S1-792204527	S2-994804761,S2-646103419,S2-792690680,S2-247649686,S2-981424296,S2-318212257,S2-965731577,S2-750109983,S2-32097252,S2-122649861,S2-23270097,S2-234080532,S2-983208675,S2-60007527,S2-727271009,S2-813298707,S2-95312652,S2-442707305,S2-37416515,S2-88856243
S1-788563249	S2-672190176,S2-413745243,S3-129461786,S2-855387391,S2-214638012,S2-935546650,S2-592883143,S2-263551168,S2-326634354,S2-423651487,S2-984665789,S2-756014523,S2-939733284,S2-902601116,S2-97556731,S2-956238383,S2-430516281,S2-386313755,S3-453577420,S2-819314017
S1-198662647	S2-340563273,S2-859991442,S2-585928006,S2-235142839,S2-264873064,S2-129426417,S2-148749557,S2-570940412,S2-241253833,S2-851271826,S2-306225517,S2-321325208,S2-409938831,S2-361028381,S2-761151626,S2-693940214,S3-793835248,S2-498313951,S2-981352623,S2-699348321
S1-431137009	S3-383791259,S2-615119950,S3-149023804,S2-37590800,S2-283092026,S2-351875588,S2-827141489,S2-929886150,S2-992184905,S2-309719366,S2-718181315,S2-46474404,S2-36210554,S2-240607417
S1-22335277	S3-888944724,S3-276456431,S2-544845631,S2-569593669,S2-800722037,S2-379260997,S2-674629490,S2-110137113,S2-447921337,S2-592542585,S2-675466415,S2-656073176,S2-763994823,S2-755443188,S2-520284422,S2-230301273,S2-907284016,S2-203661701,S2-434633590,S2-207894889
S1-291584542	S3-801192199,S3-64152189,S3-111672941,S3-352507963,S3-615614295,S2-180406490,S2-711419707,S3-688365508,S3-698533356,S2-426040361,S2-391454722,S2-7606174,S2-984555098,S2-65412671,S3-9830342,S2-55314679,S2-888417596,S3-78730327,S2-224452865,S2-873385536
S1-556611862	S2-70691882,S2-558939596,S2-792603765,S2-302493668,S2-268442700,S2-825260573,S2-370384675,S2-139394306,S2-44467421,S2-530967269,S2-456905642,S2-983831809,S2-793200242,S2-899896250,S2-196506699,S2-356854957,S2-759249338,S2-308003288,S2-433379487,S2-914047871
S1-32767080	S2-821059313,S2-947904269,S3-249785537,S3-434526002,S3-553223448,S3-132323777,S3-976632560,S2-881934994,S2-630820843,S2-102473419,S2-341381990,S2-109594482,S3-762866826,S3-339985540,S2-252884182,S2-671162997,S2-337418636,S2-609429427,S2-553091669,S2-493176386
S1-242691036	S2-512188154,S2-754579364,S2-226568459,S2-918095988,S2-2366485,S2-970133950,S2-189415999,S2-889883466,S2-647918412,S2-712928583,S2-224712890,S2-776315801,S2-130484738,S2-621011062,S2-941549066,S2-18102685,S2-985262675,S2-717773569,S2-667315469,S2-160739863
S1-770890247	S3-701003553,S2-843656310,S2-594925772,S3-2099603,S3-49914287,S2-853381816,S3-398510841,S3-519223338,S2-765806764,S2-934849570,S2-256866057,S2-401360062,S2-893727070,S2-373265852,S2-125324947,S3-503784177,S2-932460090,S2-215709532,S2-284919106,S2-618588237
S1-276402071	S2-207791381,S2-285962837,S2-290161050,S2-631028107,S2-212695604,S2-325358974,S2-563877126,S2-131940438,S2-50318922,S2-197517403,S2-613337378,S2-629690020,S2-260193814,S2-56119349,S2-554792568,S2-565310669,S2-754690114,S2-224171314,S2-304768511,S2-638729308
S1-936869465	S2-876971794,S2-211051743,S2-438926832,S2-999314326,S2-735864951,S2-188775467,S2-181690312,S3-95688185,S3-458327063,S2-241493886,S2-889913689,S2-127954106,S2-650605791,S2-978341488,S2-290150300,S2-415215537,S2-645930815,S2-77314393,S2-943728022,S2-415643683
S1-201994316	S3-195593554,S2-601282461,S2-72367764,S2-587520325,S2-288266565,S2-652029212,S2-681697759,S2-983982443,S2-524581764,S2-948827970,S2-113810001,S2-711340141,S2-375990953,S2-970579010,S2-561622144,S2-876668071,S2-217728963,S2-907442827,S2-151316740,S2-167132679
S1-905520099	S2-699121401,S3-499478059,S3-702855342,S3-943735152,S3-4189257,S3-678432470,S2-250662580,S3-520631786,S3-799347467,S2-199565530,S3-528188605,S2-461336062,S3-998337372,S3-302129469,S3-194995131,S2-771975237,S3-258999396,S3-836881870,S2-597878264,S2-693738290
S1-766655509	S2-151082852,S2-123045658,S3-968239728,S3-283191815,S2-118345329,S2-409759759,S2-818146881,S2-14965784,S2-902517200,S2-292140594,S3-809321988,S2-66768204,S2-323194837,S2-744833848,S2-873634827,S2-300500342,S2-244966003,S2-795198156,S2-243179076,S2-295063147
S1-415414688	S2-643137611,S2-320023548,S2-638781768,S2-57848760,S2-312146432,S2-682575805,S2-418704809,S2-526094862,S2-61175736,S2-986261462,S2-355253669,S2-940701220,S2-781337383,S2-46300318,S2-346431892,S2-983090806,S2-439940455,S2-594292765,S2-175236949,S2-901911264
S1-133928599	S2-168720522,S3-647438705,S2-888783881,S2-502211500,S2-239996400,S3-24908629,S2-547168510,S3-793640831,S2-114822997,S2-846136796,S2-133377871,S2-810790774,S2-292694883,S2-211060642,S3-326758530,S2-698443968,S2-880349932,S3-570395861,S3-30978144,S3-529228420
S1-871112769	S3-829807961,S3-36920381,S2-703985632,S3-480484403,S2-678893262,S3-346964410,S2-657988482,S2-455611513,S2-895867902,S3-534749468,S2-550488679,S2-860906506,S2-328539554,S2-222971625,S2-873231732,S2-523519760,S2-106630669,S2-44371425,S2-736076989,S3-378971703
S1-948985690	S2-731053221,S3-435297936,S2-902001803,S2-680980126,S2-779782099,S2-550425729,S2-537384769,S2-82951267,S2-648696450,S2-867780422,S2-742399190,S2-336310425,S2-863822042,S2-768292057,S3-68274457,S3-960965159,S3-239411684,S3-886755832,S3-885456631,S3-198724811
S1-653149647	S2-836203586,S2-466990791,S2-434748996,S2-342460001,S2-326996966,S2-427777608,S2-729542683,S2-253466226,S2-755790939,S2-660078326,S2-40293549,S2-166368372,S2-771594640,S2-592481835,S2-363763544,S2-106195670,S2-14131724,S3-654181378,S2-433949609,S3-716241070
S1-657251225	S2-496973392,S2-911102732,S2-594468284,S2-789265863,S2-950311438,S2-596659951,S2-247810166,S3-504867016,S3-856645107,S2-468732405,S3-709721988,S3-136932318,S3-481067237,S3-80878166,S3-645637825,S2-452706164,S2-799147550,S2-449784220,S3-266963478,S3-822232514
S1-244474490	S2-850711259,S3-706227830,S3-572464947,S2-727934623,S2-822407964,S2-357972046,S2-454680223,S2-176356748,S3-623617439,S2-626295025,S3-514339758,S3-585387688,S3-784507406,S3-148986794,S3-244550771,S3-754978218,S2-994074547,S3-380485157,S3-427596139,S2-530427943
S1-857992844	S2-507506114,S2-633239896,S2-407252824,S2-790564378,S2-691798455,S2-496252860,S2-177863204,S2-98578882,S2-104524721,S2-203465956,S2-750692661,S2-73187856,S2-494087315,S2-931437623,S2-151509136,S2-793553221,S2-293613144,S2-250829551,S2-538797528,S2-275499295
S1-197043206	S3-192291597,S2-266421807,S3-789396558,S2-562394019,S2-756019287,S2-280121023,S2-62682776,S3-307914903,S2-491760605,S2-13278813,S2-131681286,S3-777728638,S2-24286778,S2-354649911,S2-632410359,S2-714715051,S3-643786134,S3-239225269,S2-984441992,S2-407986043
S1-269094403	S2-884083597,S3-315835824,S3-579698598,S2-653176902,S2-484765161,S2-298728905,S2-688125886,S2-614864225,S2-704937409,S3-631177049,S2-808514589,S2-502355032,S3-761490960,S2-759839125,S3-329972213,S3-246782100,S3-240567189,S2-964559066,S2-354866941,S3-321586925
S1-355078971	S2-32893889,S2-898638470,S2-291537682,S2-800986613,S2-181718511,S2-701208915,S2-904055422,S2-855008459,S2-867834298,S2-132153789,S2-498992901,S2-686560017,S2-469682289,S2-379356970,S2-749615529,S2-121321310,S2-695189396,S2-621615317,S2-260341688,S2-900894688
S1-51627651	S2-858153017,S2-259995240,S2-336175065,S2-709393329,S2-457892725,S2-970955163,S2-981060016,S2-912048724,S3-442197538,S2-778250673,S2-61751953,S3-451404984,S2-859087881,S3-450982536,S2-405172265,S2-173399913,S2-642049732,S2-372096376,S2-372224000,S2-235602583
S1-288364156	S2-650050523,S2-7979783,S2-499849404,S2-573684389,S2-149164413,S2-940828504,S2-240970332,S2-655290448,S2-913019379,S2-708697619,S2-148990345,S2-963987985,S2-269279583,S3-333229631,S3-524020412,S3-110335905,S2-477981576,S2-226500704,S2-654213979,S2-553059408
S1-500222888	S2-544840497
S1-247274429	S2-759024444,S2-352477093,S2-303908405,S2-845929300,S2-221396352,S2-522916531,S2-890561333,S2-866750595,S2-555235475,S2-198652427,S2-397868406,S2-275408088,S2-668206975,S2-302195199,S2-770588074,S2-599002630,S2-860442914,S2-110199306,S2-852298556,S2-590280766
S1-260204874	S2-643867241,S3-801819397,S2-538427656,S2-905987987,S2-520204725,S2-799945559,S2-638723561,S3-622057450,S2-114299929,S2-540812541,S2-78814583,S2-814505626,S2-885197177,S3-236918915,S2-331653325,S2-841726428,S2-869019749,S3-753873158,S2-262314541,S2-906390541
S1-511066423	S2-590041406,S2-753336403,S2-63124433,S3-129055882,S3-832699909,S2-862671161,S2-958294455,S3-718584213,S2-146494640,S2-159439408,S2-361120636,S2-267965275,S2-631224883,S2-748929256,S2-781814973,S2-951609246,S2-375963696,S2-462427300,S2-208001058,S2-433089192
S1-605505884	S2-662485283,S3-365373404,S3-486634272,S2-67625921,S3-96744294,S2-683530195,S3-625725989,S2-337583165,S2-91725613,S2-562049768,S2-91133135,S2-431685669,S3-474895999,S3-669434716,S2-847839938,S3-456852220,S3-432233800,S2-561962754,S3-458957759,S2-232040870
S1-882791035	S2-340167628,S2-273767903,S2-424379818,S3-77841275,S3-385345351,S2-108196260,S2-908939953,S2-468852282,S2-26959420,S2-50289461,S3-365297517,S2-989993615,S2-595945801,S2-126437410,S3-999057159,S2-566481858,S3-674457549,S2-403815438,S2-721670239
S1-868105169	S2-114114524,S2-326240906,S3-695594233,S2-121813656,S3-124382291,S2-479736051,S2-803995546,S2-147280521,S3-692993065,S2-650433403,S3-565387794,S2-104334619,S2-101496364,S2-184753150,S2-520805501,S3-547222012,S2-631294657,S2-677042956,S2-105701293,S2-746452564
S1-764707596	S2-465597294,S2-265389092,S2-326870890,S2-920813032,S2-632605804,S2-356854633,S2-566424394,S2-698096502,S2-608216336,S2-130800727,S2-186496430,S2-327663395,S2-435888234,S2-959386025,S3-352998202,S3-963330768,S3-788119338,S2-619656838,S2-963225677,S3-152197289
S1-962993818	S2-306242416,S2-601830913,S2-764615230
S1-608940471	S3-294522941,S2-5302487,S2-117429250,S2-131670544,S2-49455096,S2-333884287,S2-780428618,S2-844769378,S3-549374086,S2-945908035,S2-906973819,S2-143858917,S2-619204307,S2-540616228,S2-302659879,S2-611421649,S3-213938709,S2-825907414,S3-630874449,S3-846281087
S1-346760887	S2-803758683,S2-832969659,S2-801063751,S2-651717992,S2-694310098,S2-80870592,S2-113761408,S2-418585767,S2-516901492,S2-19973144,S2-98049297,S2-651094556,S2-380766275,S2-323583780,S2-478224627,S3-554217367,S2-915362207,S3-840460837,S2-972248386,S2-707569719
S1-597621907	S3-215349746,S2-622454841,S3-584343116,S3-326760058,S2-990803773,S2-524044438,S2-412591053,S3-662322549,S2-808367030,S2-112662497,S2-544039177,S2-56804980,S3-198196784,S3-467992439,S2-657865083,S2-398390432,S2-14680663,S3-810336305,S2-278616580,S2-902485880
S1-36048451	S2-279709420,S2-952470754,S2-37751522,S2-375910770,S2-395868660,S2-831285643,S2-928697167,S3-589715619,S2-555516107,S2-993892099,S2-469737326,S2-672049200,S2-554566086,S2-936542037,S2-679332844,S2-421365608,S3-867363732,S2-549269712,S2-304976568,S2-458712564
S1-98985291	S2-599287639,S2-255642223,S2-124659725,S2-764188403,S2-419520225,S2-834865783,S2-444940566,S3-696024818,S2-316767029,S2-813078766,S2-362786892,S3-184726151,S2-368019454,S2-638214255,S2-924556534,S2-710567941,S2-956821601,S2-140185542,S2-920747371,S3-562180697
S1-368908513	S2-554273093,S2-839062117,S2-132347195,S2-854261574,S2-317917991,S2-43779696,S2-279222634,S2-394803269,S2-899235729,S2-794404926,S2-369751099,S2-895116262,S2-67031649,S2-801948849,S2-250012065,S2-821311900,S2-301698459,S2-934973054,S2-42518501,S2-356259245
S1-504750404	S2-656847334,S2-822115749,S2-689466071,S2-486169645,S2-578453982,S3-617202331,S2-769708983,S2-734857269,S2-151772630,S2-813114017,S2-73497955,S2-597093806,S2-411184767,S2-803699225,S3-456926496,S2-521682474,S2-547792042,S2-371054407,S2-173292909,S3-749743506
S1-687138169	S3-883426351,S2-129838082,S3-30881556,S3-672052844,S2-222915687,S3-589286896,S3-97609619,S2-121400672,S3-656552228,S3-706954614,S3-207201225,S3-521860273,S3-526179679,S2-432992717,S2-740619649,S3-407542549,S2-373763179,S2-96467641,S2-963158921,S3-24085600
S1-576111952	S3-668880039,S3-58767697,S2-992049049,S2-598788021,S2-765383663,S2-818377173,S2-211459128,S2-555689467,S2-311550933,S3-604455870,S2-547254021,S2-924407528,S2-834225001,S2-957055816,S3-637538443,S2-985554119,S2-424304703,S2-711887310,S2-586738389,S3-492596612
S1-907329636	S2-876889991,S2-792980931,S2-539670103,S2-217389041,S2-570006868,S2-613348643,S2-852618116,S2-56587714,S2-549615138,S2-437615204,S2-476046622,S2-36485220,S2-866940266,S2-494690085,S2-529514881,S2-840129357,S2-116599673,S2-127532515,S2-390418945,S2-755138518
S1-220372723	S3-532711059,S3-279850472,S3-615061169,S2-293035800,S2-828093962,S3-383068452,S3-571670272,S3-900001562
S1-591377734	S3-473420679,S2-287903578,S3-869085204,S2-988803495,S2-381970469,S2-932882925,S3-631249460,S2-618470509,S2-549053634,S2-669032045,S2-987071882,S2-923006579,S2-976267253,S2-854251019,S2-773873595,S2-17673342,S2-753849662,S2-691572515,S2-983920224,S2-979492341
S1-915233460	S2-312521509,S2-63750723,S2-245427876,S2-739315728,S3-41423210,S3-691096274,S3-827508148,S2-525387322,S2-913662984,S3-127047430,S3-675692325,S2-385947678,S2-66913979,S3-838932338,S2-887005666,S2-279540859,S2-680160141,S3-657099519,S3-652686931,S3-381205215
S1-808794467	S2-961242646,S2-921128903,S3-144816318,S2-28494204,S3-194019715,S2-197537995,S2-20196964,S3-887429767,S2-294719978,S2-686305200,S2-950593188,S2-297383237,S3-160086209,S2-787688216,S2-883814105,S2-538596630,S2-874463531,S2-22715513,S2-867034776,S2-255894927
S1-119248132	S3-124629583,S3-144805753,S2-567737664,S2-520344679,S2-558909966,S2-485864808,S2-205167731,S2-465100632,S3-823447613,S3-317273218,S2-173065477,S2-862313545,S2-974005737,S3-21509804,S3-466227797,S3-318832196,S3-832818565,S2-211568935,S2-191617647,S3-449751268
S1-710758303	S2-764389745,S2-182494628,S2-583217668,S2-653826806,S2-410134977,S3-538369895,S2-77214336,S2-900313601,S2-207820275,S2-286818853,S2-285237121,S2-801308205,S2-475960546,S2-308297695,S2-302105460,S2-736038450,S2-918005870,S2-246777257,S2-214783375,S2-685663772
S1-105001584	S2-539918232,S2-464241050,S2-41948886,S2-95064897,S3-346353879,S2-178044468,S2-45882471,S2-74282472,S2-169521141,S2-751642613,S2-5969060,S2-280138059,S2-601499304,S3-71931616,S2-893538171,S2-910772838,S2-447342053,S3-741129130,S2-879990882,S3-373422047
S1-382212549	S2-58691511,S2-603448716,S2-352293311,S2-171400053,S2-450150470,S2-22860167,S2-545110694,S2-103020894,S2-675366569,S2-213946778,S2-397930900,S2-950810866,S2-849525643,S2-862947805,S3-162560754,S2-191661992,S3-818989239,S2-268334515,S3-349445112,S2-400898832
S1-35578091	S2-956068074,S2-582718730,S2-738307970,S2-530460109,S2-462183999,S2-562299673,S2-850771483,S2-923524514,S2-336839758,S2-156790681,S2-762575267,S2-63588677,S2-410305934,S2-923802308,S2-543097362,S2-942290404,S2-724382706,S2-998067307,S2-1072228,S2-70578260
S1-34932143	S2-210729059,S2-265374663,S2-689801627,S2-380416963,S2-818500028,S2-840635937,S2-367577925,S2-321933783,S2-347655218,S2-271713124,S2-564973251,S2-903437380,S2-569530218,S2-268597400,S2-761155683,S2-383395960,S2-531865530,S2-859476707,S3-605852365,S2-435960707
S1-545791724	S2-457991226,S2-217145705,S2-142337762,S2-136775465,S2-467377370,S2-419456590,S2-790344339,S2-882579052,S2-12319116,S2-754331406,S2-546150844,S2-493771866,S2-640401771,S2-837486935,S2-775976977,S2-724631818,S2-423191759,S2-427864488,S2-293914667,S2-44025175
S1-869422569	S2-996492139,S2-294376474,S2-407963562,S2-283624585,S2-336023332,S2-439050392,S2-406539708,S2-3050142,S3-344308593,S3-327805350,S3-627823950,S3-556846194
S1-844617434	S2-866222503,S2-222449072,S2-979275367,S2-363236973,S3-779296884,S2-407936657,S2-972577141,S2-633459558,S2-139414514,S2-697133366,S2-611168969,S2-985001364,S3-283017773,S3-749089718,S2-633655571,S3-897993254,S2-708311583,S2-658990551,S2-36925115,S2-543774437
S1-488174268	S3-709307418,S3-53857032,S2-43588021,S3-30140692,S3-763522299,S2-620451407,S2-967468532,S2-927388223,S2-412613422,S3-157097710,S2-952359575,S2-956548298,S2-44908592,S2-588015246,S2-150450247,S2-60234933,S2-729292821,S2-158885660,S2-273300639,S2-127976333
S1-963501196	S2-473040427,S2-751531434,S2-842252862,S3-919374509,S2-739771109,S2-733379415,S3-290226379,S2-121933134,S2-591823246,S2-171400053,S2-255462901,S2-497960777,S2-447128543,S2-484483494,S2-838379121,S2-321982614,S2-440788806,S2-509869324,S2-413411091,S2-813082846
S1-531518308	S2-744729615,S3-992865752,S2-48441387,S2-505518404,S2-656851627,S2-267677356,S2-812443551,S2-944521661,S2-633993581,S2-466017986,S2-10473531,S2-524581764,S2-456942441,S2-888806460,S2-267600613,S2-694093006,S2-75349923,S2-871898389,S3-214771997,S2-446381066
S1-288588262	S2-247479883,S2-235822230,S2-926136812,S2-298493992,S2-987266709,S2-133626216,S2-29671090,S2-944131945,S2-776801427,S3-660992848,S2-629546085,S3-374569413,S3-164286079,S3-1495412,S2-881506540,S3-668702242,S2-637324565,S2-523753667,S2-2388892,S2-453471890
S1-94665545	S2-316855324,S2-252697857,S2-852613419,S2-650880563,S2-394684830,S2-459947792,S2-286010880,S2-700860482,S2-948509406,S2-350127677,S3-794643791,S2-869538378,S2-918047886,S2-445763504,S2-156597592,S2-199739961,S2-521497370,S2-363068574,S2-38801334,S2-403038463
S1-460829054	S2-30276388,S2-961757868,S2-500903978,S2-903532971,S2-558873954,S2-722920485,S2-905962808,S2-106169465,S2-671245360,S2-750509047,S2-148622220,S2-558097065,S2-460644550,S2-176197085,S3-469101918,S2-94744622,S2-197973520,S2-254426661,S2-259974426,S2-675301326
S1-817207769	S2-832761728,S2-672392100,S2-121933134,S2-171400053,S2-264951839,S2-255462901,S2-809050068,S2-34516684,S2-595812239,S2-17829343,S2-484483494,S2-103722000,S2-796712237,S2-978307502,S3-988384579,S2-860947028,S3-845887842,S2-262398612,S3-700553276,S2-767997013
S1-923121813	S2-724541218,S3-369625305,S2-986802075,S2-250829551,S2-913546392,S2-696784981,S2-336742629,S2-546116896,S2-211589989,S2-148351470,S2-666025968,S3-166687517,S2-747887977,S2-758317274,S2-538797528,S2-633239896,S2-407252824,S2-328425390,S2-833983660,S2-57839522
S1-937797030	S3-219706758,S2-335931167,S2-800244047,S2-263873278,S2-841996732,S2-543972744,S2-683690450,S2-329191912,S2-1757472,S2-616138355,S2-924741876,S2-559910667,S2-111561032,S2-819790045,S2-119116896,S2-509831172,S2-16930391,S2-553889551,S2-692390965,S2-471285367
S1-305324409	S2-673153688,S2-478682151,S2-716339540,S3-708323677,S3-749171694,S2-817750738,S3-106210370,S3-34360126,S2-538431328,S2-707655816,S2-396004549,S2-717118060,S2-580422641,S2-432854112,S2-106404384,S2-938738479,S2-568232664,S2-987338541,S2-658291025,S3-983020230
S1-927419156	S2-648399447,S2-787549774,S2-395786896,S2-204999535,S2-215685198,S2-719477204,S2-219508340,S3-259899027,S2-566421050,S2-54272619,S3-502488472,S2-817836568,S2-240547853,S2-165648880,S2-907512490,S2-615594431,S2-109490224,S2-105355621,S2-242135882,S2-150580394
S1-261393939	S2-874670472,S3-794252383,S2-153311455,S3-547728957,S2-326468291,S2-743789304,S2-118276389,S2-423681619,S2-779118847,S2-302151449,S2-515498696,S3-822479942,S3-64039124,S3-656380163,S3-611182069,S3-615839477,S2-663333137,S3-687356662,S3-642856817,S3-229641350
S1-158003567	S3-672201227,S2-752999526,S2-85778684,S2-957602871,S2-368210013,S3-324037194,S3-830577288,S2-336304366,S2-64446543,S2-544034355,S3-367781653,S2-891380906,S2-536687362,S2-704016099,S3-972933329,S3-85673682,S3-824155443,S3-944273294,S2-307659166,S2-30083045
S1-772204055	S2-54075828,S2-13831009,S3-388664178,S3-150953595,S2-303402851,S2-773925028,S2-805277502,S2-572839181,S2-145456397,S2-889981666,S2-778089400,S2-828034664,S3-376557539,S2-7146042,S2-898763484,S2-626433376,S2-252839876,S2-712139770,S3-791720051,S2-991261060
S1-901881022	S2-918871318,S3-897020170,S3-238622635,S2-20821904,S2-851943684,S2-397328817,S2-30968475,S2-472280340,S3-414160918,S3-430848383,S2-563621915,S3-258488812,S3-705938047,S2-53256754,S3-734619085,S2-829201391,S3-214338576,S3-771862522,S3-470254919,S2-390826003
S1-958709603	S3-17960385,S3-787014081,S3-594286819,S3-364687689,S3-432373310,S2-644578874,S2-362520045,S2-336376642,S2-562891458,S2-900409963,S3-763974621,S2-217787070,S2-65984808,S2-983476902,S3-714322360,S3-598216089,S2-903021173,S3-470002315,S3-398936921,S3-48144743
S1-864062904	S2-831652983,S3-993303088,S3-925678185,S2-732337462,S3-457108510,S3-663992095,S2-549318638,S3-958837244,S3-82346802,S2-779030415,S3-581564801,S2-144206229,S3-434308712,S2-747577489,S2-52522910,S2-88502578,S2-717483862,S2-639523019,S2-605583096,S2-256128450
S1-389115869	S2-893663357,S2-87852969,S2-37935186,S2-292138709,S2-810109923,S2-489641680,S2-174962446,S2-621411045,S2-36517956,S2-693681491,S2-805569134,S2-573518119,S2-901659833,S3-687499267,S2-244761012,S3-284930396,S2-112242548,S2-659388719,S2-550936197,S2-414850285
S1-32131273	S2-658545155,S3-610824254,S3-537127272,S3-795467363,S3-199469299,S2-570532796,S3-697159351,S2-550653968,S3-102742153,S2-185848689,S2-160372770,S2-591456081,S2-586200996
S1-485290093	S2-391470171,S2-962835683,S2-908187022,S2-365332784,S2-634133006,S2-895439653,S2-661767823,S2-70100148,S2-846440422,S2-31906855,S3-275682166,S3-301271234,S3-313550739,S3-264543323,S3-272061452,S3-558918122,S3-30820910,S2-965811163,S2-736787495,S3-840829855
S1-449015682	S2-990965407,S2-490209604
S1-273693856	S2-808052299,S3-999799258,S2-474719554,S2-682693465,S2-361106122,S2-412236865,S2-581958086,S2-128920594,S2-876892519,S2-182049280,S2-557480749,S2-804976654,S2-618178184,S2-111858278,S2-210760693,S2-242801684,S2-342005475,S2-384375409,S2-776484818,S2-893874030
S1-216847975	S2-590393272,S2-23219609,S3-874788501,S3-348048583,S2-419050332,S2-933614200,S3-476522384,S2-135947628,S2-709941872,S2-465381565,S3-580074777,S2-311524770,S2-247740685,S2-415988208,S2-547439349,S2-827601710,S3-329519904,S2-166438074,S2-268356205,S2-94620463
S1-942180728	S2-569178386,S2-201116229,S2-832246230,S2-254390076,S2-385062555,S2-359442516,S2-530586510,S2-153836310,S2-65719496,S2-410215841,S2-168458133,S2-317147679,S2-726439722,S2-861329445,S2-386204215,S2-443747057,S2-97193105,S2-976262753,S2-211647351,S2-517037445
S1-704576365	S2-261312440,S3-672631699,S3-295120158,S3-670931870,S2-572472668,S2-398242918,S2-631613144,S3-567554444,S3-736425252,S3-32981312,S3-139458257,S3-42494190,S2-18748429,S2-469463765,S2-413616548,S2-839948862,S2-762616692,S3-972185667,S2-355314252,S2-470719718
S1-706359294	S3-83193807,S3-495664805,S2-752297519,S2-835349200,S2-818396229,S2-967464889,S2-361097874,S3-61393083,S2-520634537,S2-537644171,S2-379364545,S3-765261068,S2-226249663,S2-833115076,S2-124391977,S3-917919917,S3-893714772,S2-584010328,S3-103987865,S2-937890918
S1-688852755	S3-180948633,S2-496444735,S2-284605233,S2-956839490,S2-848202990,S2-540053087,S2-406655138,S2-834501840,S2-32731140,S2-35501746,S2-518310204,S2-96119259,S2-427723538,S2-247870148,S2-48670691,S2-564185026,S2-151902086,S2-611108458,S2-248426165,S2-399433997
S1-501963178	S3-477051379,S2-254358053,S2-896892163,S2-279344772,S2-518692436
S1-428039663	S2-300649735,S2-232069665,S2-989496160,S3-172115282,S2-898087040,S3-199638197,S3-139699012,S3-860358886,S3-940791367,S3-771937049,S3-292644387,S2-495168732,S2-299350771,S3-341958184,S3-725553657,S2-235504030,S3-503750596,S2-653836071,S2-472963073,S2-566917977
S1-394925431	S2-570036665,S3-830009176,S3-549479398,S3-828294643,S2-301790862,S2-975551884,S2-494371884,S2-901992507,S2-122240448,S2-199236691,S2-23918620,S2-824136137,S2-738169554,S2-10467095,S2-102082712,S2-884684882,S2-824589136,S2-612182386,S2-995523616,S2-688552090
S1-29387523	S2-180086815,S2-486578199,S2-611663893,S2-475028741,S2-613227777,S2-831412161,S2-511608239,S2-786307621,S2-132133368,S2-108007690,S2-128486950,S2-45644290,S2-947775106,S2-918634360,S3-769981737,S2-462378986,S2-61944122,S2-709277855,S2-945525537,S2-738589421
S1-960221997	S3-2003041,S2-680232940,S2-609118875,S2-680476667,S3-282611314,S2-19368781,S2-559733608,S2-495829462,S2-780374071,S2-805123504,S2-197684524,S2-670129574,S3-114609136,S2-532574535,S2-586926967,S2-843313110,S2-265144945,S2-575131439,S2-298044346,S2-245021317
S1-369896511	S2-823109668,S2-373387279,S3-940767135,S2-25499314,S2-409246050,S2-903658722,S2-208230441,S2-542754758,S2-157994583,S2-612944932,S2-503256370,S2-577885416,S2-830793979,S2-156437672,S2-426996850,S2-988982109,S2-254135065,S2-124746956,S2-805066784,S2-283269657
S1-973133967	S3-630872867,S3-856305612,S2-174455503,S2-388182220,S2-578343934,S2-87641425,S2-620387831,S2-357763384,S2-291841230,S2-281071049,S2-327510436,S2-734767413,S2-184080426,S2-482783503,S2-865562519,S2-737593152,S2-709402080,S2-335429452,S2-645737631,S2-339192669
S1-957109842	S2-786869610,S2-895104475,S2-674944206,S2-392770174,S2-891957949,S2-800001862,S3-794669,S3-722856681,S2-236910763,S2-230710767,S3-633750281,S3-883122838,S3-825056242,S3-97321559,S2-532867824,S2-80343364,S2-602499405,S2-828620653,S2-685523416,S2-158453610
S1-718126154	S3-574362672,S2-47201750,S3-817104725,S2-778738757,S2-606693935,S2-558781655,S2-655580966,S2-956268402,S2-689496601,S2-391977228,S2-772090781,S2-281678947,S2-879521991,S2-264916996,S2-436844752,S2-657410220,S2-904039759,S2-23835883,S2-53270389,S2-365717123
S1-657028371	S2-726236764,S2-86767697,S2-893972749,S2-35786388,S2-741566368,S2-108590162,S2-308542826,S2-720867089,S2-451234796,S2-419600723,S2-70459737,S2-532860591,S2-913328543,S2-271601908,S2-181679411,S2-750780704,S3-317519475,S2-97405974,S3-867987702,S2-358720158
S1-122221465	S2-626722746,S2-30843954,S3-361144509,S2-998964399,S2-702165293,S2-397452421,S3-406300713,S3-594938644,S3-656440133,S3-788888942,S3-511550050,S2-874494833,S3-984161227,S2-376989390,S3-156098550,S2-941366451,S2-827647821,S2-17642500,S2-246443475,S2-976555138
S1-241758739	S2-897389308,S3-891624214,S2-884721890,S2-796107411,S2-640958783,S3-296912096,S2-769030095,S2-859362649,S2-470271831,S2-585050933,S2-654757117,S2-74623298,S2-782547898,S3-755318718,S2-984207112,S2-581072526,S2-740573057,S2-281482457,S2-278884480,S2-138822318
S1-292853265	S2-301672154,S2-409264028,S2-732153890,S2-324522362,S2-147385589,S3-82055668,S2-259432646,S2-306289163,S2-709180915,S2-133794965,S2-469588931,S2-814025399,S2-680050543,S2-937036556,S2-792094012,S2-226912803,S2-785792409,S2-762760088,S2-762980295,S2-849661464
S1-563412246	S3-120417277,S2-80635030,S3-86295170,S2-830282292,S2-198975971,S2-136225137,S2-877170293,S2-963703554,S2-388886068,S2-505875692,S2-802237302,S2-935571770,S2-696095863,S2-641291630,S2-752833697,S2-846674636,S2-528554709,S2-487118544,S2-333511902,S3-443402190
S1-635915279	S2-58563244,S3-516914465,S2-726722147,S2-133615140,S2-636490124,S2-994218408,S2-384102997,S2-339140489,S2-783352702,S2-197432699,S2-590074338,S2-582910524,S2-564378421,S3-154185727,S3-765217433,S3-262596726,S3-972507794,S3-537957767,S3-294896726,S3-93340152
S1-257953143	S2-884524362,S2-299388789,S2-406222036,S2-556207172,S2-234015900,S2-93350881,S2-422613111,S2-832817559,S2-138154935,S2-489269592,S2-676350356,S2-583715529,S2-361917842,S2-305933556,S2-522380459,S2-45133659,S2-362228640,S2-126412425,S2-812764486,S2-421839799
S1-935953663	S2-175441980,S2-596380623,S2-806298828,S2-949453043,S3-564611627,S2-168886985,S3-588036176,S3-185389209,S2-462988598,S2-292542694,S3-530768918,S2-744970675,S2-692637382,S2-701639646,S2-483038126,S2-763251972,S2-621877559,S3-191263045,S2-107783424,S2-155234380
S1-66970748	S2-520025040,S3-27937933,S3-297524667,S2-782062925,S2-857448673,S3-841919387,S2-151834407,S3-264440857,S3-897814540,S2-314601584,S3-169561147,S2-315949304,S2-237383755,S2-135905037,S2-682066314,S2-294647148,S2-44431674,S2-120583111,S2-892357969,S2-838469050
S1-613214928	S2-22173193,S2-99192748,S2-769397451,S2-820811192,S2-762336337,S2-306599515,S2-796656351,S2-111135866,S2-731255074,S2-849917306,S2-928713621,S3-350217240,S2-277920727,S2-362301793,S2-306445818,S2-216476541,S3-51374194,S2-667828629,S2-217001180,S2-187189978
S1-68168779	S2-248095905,S2-38475287,S3-61291610,S2-318385549,S3-695318108,S2-738037398,S2-426587197,S2-431851272,S2-243588950,S2-143872732,S2-711845312,S2-332652269,S2-598143217,S2-197998811,S2-261270803,S2-469013416,S2-965243172,S2-658568955,S2-236500783,S2-606234517
S1-181117450	S3-839136802,S3-458100315,S2-717260584,S2-305180442,S3-331581607,S2-205994479,S2-736063120,S2-236369955,S2-383194357,S2-902200685,S2-83322654,S2-495181363,S2-608645548,S2-751818881,S2-113761847,S3-661061571,S2-837086738,S2-333925993,S2-599162960,S2-631686952
S1-337798606	S2-662310371,S3-806398919,S2-185317506,S2-965135806,S2-745088222,S3-777316058,S3-411450431,S2-824739637,S2-27254274,S3-968216000,S2-891967442,S2-569066157
S1-877808612	S2-78756036,S2-390484413,S2-932788318,S2-279365241,S2-34788298,S3-364063381,S3-634639605,S3-548762086,S3-381269417,S3-57424295,S3-828565074,S3-703928850,S3-526739215,S3-174015946,S3-151070794,S2-806631488,S3-949778819,S2-450236654,S2-331640341,S2-996529144
S1-991838189	S2-368708876,S2-23304966,S2-360803488,S2-862294820,S2-600733345,S2-118611279,S2-539121573,S2-72574688,S2-333188782,S2-602424857,S2-610154770,S2-166835080,S2-739000876,S2-242701,S2-579114241,S2-63070385,S2-162366337,S2-777989413,S3-637886771,S2-935861129
S1-415245659	S2-881342207,S2-767508793,S2-133212139,S3-818564599,S2-945251244,S2-319331579,S2-216967269,S2-737700868,S2-518369085,S2-550225557,S2-650353143,S3-270146427,S2-991220189,S3-498659347,S2-957752447,S3-506779364,S2-885517848,S3-528823201,S2-148953357,S3-782895380
S1-860794391	S2-737047278,S2-615609871,S2-623800632,S2-493886788,S2-763223647,S2-992144613,S2-652812306,S2-119389297,S2-448988240,S2-558112603,S2-883234108,S2-156055843,S2-797129383,S2-376319476,S2-478767994,S2-808790089,S2-847725039,S3-347574978,S2-951978559,S2-9816204
S1-590126941	S2-224325736,S2-826009647,S2-316239802,S2-726058757,S2-649078488,S2-28901364,S2-859710077,S2-993314144
S1-852807313	S2-284398165,S2-451451137,S2-420637095,S2-79738202,S2-733379415,S3-29636692,S2-171400053,S2-513082721,S2-730895389,S2-827739825,S2-363352830,S2-313746401,S2-3818680,S2-151772630,S2-139917468,S2-669268020,S2-199882928,S2-416073425,S2-703642694,S3-975926411
S1-643209618	S2-549661819,S2-292813068,S2-411037209,S2-675326730,S2-63222288,S2-997245475,S2-760682255,S2-61779215,S2-260627741,S3-926342137,S2-167882107,S2-536460964,S2-170714258,S2-620286553,S2-666335726,S2-285348926,S3-826873793,S2-340720506,S2-274148322,S2-674565573
S1-581863940	S2-745131447,S2-17835648,S2-280495673,S2-591116461,S2-990972213,S2-876034259,S2-218221774,S2-876008733,S2-453108247,S2-572237336,S2-143888583,S2-717056224,S2-300813911,S2-771186013,S2-478973993,S2-978142309,S2-477953588,S2-660118292,S2-359367971,S2-266232012
S1-225821819	S2-658690728,S2-725602158,S2-640971596,S2-123749143,S2-719015522,S2-849087629,S2-560550337,S2-685186063,S2-71741497,S2-889064917,S2-252525013,S2-199682584,S2-71941547,S2-478866162,S2-151852218,S2-819412438,S2-469530097,S2-337282080,S2-420707333,S2-18057397
S1-778630887	S2-8956786,S3-683393227,S2-23596502,S2-367856405,S2-892390670,S2-650392693,S2-532523207,S2-893766841,S2-727442018,S2-321077493,S2-691222710,S2-450400010,S2-473794700,S2-195422878,S2-431069093,S2-29849195,S2-524407114,S2-379266111,S2-291128810,S2-861597486
S1-377916068	S2-936810268,S2-434821746,S2-256893783,S2-189998184,S2-774602615,S2-180185428,S2-267778262,S2-200515365,S2-385291652,S2-534322526,S2-106491314,S2-392257245,S2-511490226,S2-647232354,S2-748592857,S2-9278111,S2-953507148,S2-151741554,S3-222224538,S2-715501335
S1-37907520	S2-746665569,S2-151754150,S2-481917555,S2-968915208,S2-923052323,S2-714106115,S2-767733255,S2-455555722,S2-335124523,S2-234331419,S2-93345856,S2-137309498,S2-44579585,S2-127091256,S2-357277845,S2-291404797,S2-886709566,S2-88087762,S2-547703920,S2-635039556
S1-637166800	S2-961334609,S3-980674923,S3-672609678,S2-340077215,S2-338734277,S2-106773007,S2-224724787,S2-788355514,S2-861207216,S2-545671839,S2-918241639,S2-462830411,S2-495814550,S2-841969652,S2-87342684,S2-980443363,S2-404471687,S2-765120256,S2-183504992,S2-207102144
S1-352595333	S3-850250499,S2-379078379,S2-902718008,S2-883496600,S2-296730805,S2-445839644,S3-829424501,S2-873842721,S2-633128116,S3-35696660,S2-364824169,S2-416823794,S2-460986197,S2-491906776,S2-601108289,S2-836898663,S2-849141551,S3-628523368,S2-25630089,S2-415351910
S1-333194875	S3-399657159,S3-872164839,S3-363368257,S2-586518255,S2-18972046,S2-218825359,S2-878002756,S2-538816557,S2-580884489,S2-418660377,S2-594042089,S2-313915699,S2-552554425,S2-172171876,S2-77507249,S2-882812613,S2-844884966,S2-929835046,S2-876925163,S2-591630329
S1-260721574	S2-684335559,S2-897323321,S2-546304676,S2-537111308,S2-443505821,S2-952135311,S2-545526029,S2-82651624,S2-725085024,S2-172707152,S2-715194304,S3-900255953,S2-339312141,S2-893002085,S2-966087137,S2-893278186,S2-805801475,S2-389134843,S2-306500858,S2-836543834
S1-677484813	S2-758748744,S2-8427605,S2-848072562,S2-944087684,S3-336235015,S3-155458300,S2-550424265,S2-785264153,S3-666294090,S2-190038059,S2-566223026,S3-913419135,S2-682811551,S2-744898745,S2-67436840,S2-8212448,S2-603631854,S2-704455656,S2-151772630,S2-86346133
S1-568320501	S2-484886496,S2-665104789,S3-681563697,S2-199725698,S2-997865069,S3-286457866,S3-418756029,S2-882327348,S3-624225983,S2-699895638,S3-809875921,S2-808545756,S2-16499112,S2-958166212,S2-149526776,S2-248848265,S3-147948913,S3-369607488,S2-236593392,S2-276844324
S1-759995112	S2-663162713,S2-144043998,S2-768513326,S2-466017986,S2-806000136,S2-912371801,S2-832667915,S2-722398703,S2-748023122,S2-706306092,S2-758688543,S2-150328232,S2-184629052,S3-486246546,S2-264476397,S2-294726973,S3-67786041,S2-247974466,S2-212279920,S2-484709332
S1-443768681	S2-337510589,S3-858067486,S2-35222127,S3-196900106,S2-764858845,S3-103193937,S3-101466788,S2-796806184,S2-535044132,S3-914795467,S2-180764138,S2-175191112,S2-138952217,S2-869615815,S3-366875784,S2-344789626,S3-831203914,S2-589466496,S2-723677971,S2-697413799
S1-170472252	S2-375425991,S2-659571101,S2-985204755,S2-685414838,S2-405343682,S2-124349635,S2-282319992,S3-222063755,S3-775775128,S2-624227350,S2-546076371,S2-841692469,S2-344433821,S2-420164651,S2-86048299,S2-572954935,S2-540730786,S2-664027071,S2-636010344,S3-501619734
S1-311511012	S2-874954820,S3-161346028,S3-220878766,S2-842140692,S2-611527711,S2-947794405,S2-951216102,S2-377468802,S2-235594595,S2-904378050,S2-298939373,S2-740274016,S2-788052338,S2-1703374,S2-256621857,S2-328328395,S2-417050208,S2-631155279,S2-659817045,S2-229480810
S1-224275529	S2-958844174,S2-600460285,S2-318070463,S2-688910097,S2-761208097,S2-138331307,S2-576742243,S2-124599563,S2-657163367,S2-124718027,S2-136256165,S2-10028897,S2-787287741,S2-861748088,S2-994099264
S1-427329185	S2-725027059,S2-939073606,S2-787655000,S3-909293614,S2-627135816,S3-877959574,S2-653165229,S3-986599019,S3-705165639,S3-916509128,S2-232117263,S2-278316312,S3-810418736,S2-740877235,S2-465868728,S2-413105514,S2-618821201,S3-420754814,S2-125034186,S2-94189015
S1-417606815	S2-453377174,S2-880618158,S2-265013845,S2-619541530,S2-521583861,S2-175324424,S2-672534474,S2-988908899,S2-582676007,S2-681782072,S2-561617628,S3-145635618,S3-358990438,S2-524376855,S3-756894221,S2-511490226,S3-576930090,S2-668206975,S3-235513203,S2-577911146
S1-488457630	S3-416629899,S2-155583214,S3-141848681,S2-413879155,S2-382747745,S2-272808707,S2-457411007,S2-151812815,S2-902674128,S2-37141926,S3-916289598,S2-396950122,S3-495442608,S2-466930972,S2-453978657,S2-679198044,S2-910991104,S2-894804280,S2-405446739,S2-215011237
S1-818470647	S2-916383707,S2-354167940,S2-118104165,S2-748402195,S2-678100617,S2-723353584,S2-734295292,S2-619667608,S2-415212803,S2-286497347,S2-90534189,S2-185852683,S2-447422723,S2-784636827,S2-905689873,S2-842328122,S2-512908637,S2-56141203,S2-265604979,S2-388130842
S1-534346740	S2-104168617,S2-116314283,S2-195374334,S2-954893143,S2-391871058,S2-783268756,S2-819647184,S2-503911657,S2-842756830,S2-609952392,S2-277239951,S2-32687991,S2-97686126,S2-810766532,S2-105849868,S2-451308838,S2-567797526,S2-300856056,S2-923004112,S2-725431688
S1-729626041	S3-331119533,S3-130454152,S2-807771720,S2-511338500,S2-710520521,S2-297273792,S3-899164556,S3-34586350,S3-516331256,S3-356976303,S2-829581724,S2-885701200,S2-162817949,S2-947796802,S2-837977695,S2-53057939,S2-530980180,S2-680447582,S2-872621284,S2-515828078
S1-204633959	S2-558685396,S2-316618601,S2-441113849,S3-321053165,S2-337241838,S2-617090354,S3-930664636,S2-434893168,S2-844545749,S2-591199496,S2-555281877,S2-987265157,S2-201661879,S2-802997685,S2-81841824,S2-878562535,S2-658325179,S2-706390253,S2-967057087,S2-839832487
S1-155512047	S3-56779030,S3-158800371,S3-106517475,S2-566845846,S3-780090087,S2-748799667,S2-323351905,S2-738052373,S2-66978176,S3-728973373,S2-878176240,S3-674491302,S2-863469154,S3-594858491,S2-530504006,S2-551192969,S2-881060523,S2-406685379,S2-244870871,S3-784402655
S1-553186193	S2-44802722,S2-644427193,S2-201891997,S2-430697739,S2-407424593,S2-6333573,S2-168358388,S3-738676848,S2-517665828,S2-332001291,S2-179441110,S2-537295223,S2-73469537,S2-356898992,S3-103740403,S2-968883222,S3-545601828,S2-497252547,S2-892644073,S2-8894626
S1-42502314	S3-944676794,S3-149719973,S2-607493004,S2-214547000,S2-492071958,S3-941682174,S2-86983637,S2-840237415,S2-577713730,S2-474510004,S2-300019094,S2-656932559,S2-265699031,S2-791975914,S2-796040638,S2-367503510,S2-345395456,S2-445496128,S2-292500916,S2-740323265
S1-317114355	S3-195447945,S2-806033227,S2-536274640,S3-706508634,S2-514989010,S2-177885047,S2-879833322,S2-628894632,S2-879687617,S2-670711814,S2-802153187,S2-56458333,S2-496618621,S2-686663091,S2-38737884,S3-942931895,S2-47911997,S2-28964012,S2-174473323,S2-837123210
S1-334574390	S3-759712159,S2-656308929,S3-788259556,S2-770748240,S2-921938685,S2-439711313,S2-752886348,S2-708207127,S2-530201536,S2-657067401,S2-538279798,S2-529008282,S2-769839223,S2-368838459,S2-562466203,S2-813334789,S2-493906017,S2-198241317,S3-693516819,S2-90566381
S1-649110450	S2-959401357,S3-703016194,S2-201494077,S2-658407363,S3-71267483,S3-975909064,S3-628545482,S2-392107047,S2-28055082,S2-608078817,S2-612533083,S2-114097329,S2-87335807,S2-255034763,S2-686641848,S2-908876334,S3-653651802,S3-218837713,S3-259924124,S3-58028433
S1-533417053	S3-603595544,S2-891850639,S3-663983412
S1-152550844	S2-221145685,S2-480704869,S2-621735054,S2-835305239,S2-311784818,S2-973964354,S2-319566446,S2-753400298,S2-157639702,S2-50782876,S2-320742729,S2-832214394,S2-417052135,S2-207828606,S2-607893637,S2-521294912,S2-191963917,S2-434164436,S2-507729954,S2-94557212
S1-643493833	S2-770529049,S2-460957855,S2-140473308,S3-117683402,S2-303883540,S2-39458409,S2-395828426,S2-694203480,S2-242570409,S2-796243483,S2-749646223,S2-318568322,S2-856106278,S3-880672178,S2-124033316,S2-754006113,S2-969156314,S3-8251348,S3-487579842,S3-85298591
S1-734921625	S2-247279126,S2-145121027,S2-865752578,S2-378790577,S2-48126885,S2-57366627,S2-932275284,S2-786221985,S3-508957147,S2-258649946,S2-808046549,S2-569589359,S2-812284224,S2-337159873,S2-951660334,S2-628271669,S2-495552656,S2-643225120,S2-162535829,S2-89642010
S1-68108533	S2-168293986,S2-371750015,S2-44619943,S2-736201964
S1-789286562	S2-135641356,S2-988541494,S2-657494057,S2-328250625,S3-858211493,S2-564001014,S2-404738801,S2-77304881,S2-232223495,S2-703738383,S2-172109046,S2-391006125,S2-491767992,S2-868848401,S3-257082550,S2-824756171,S3-277270026,S2-341284281,S2-348137430,S2-661891336
S1-493735795	S2-722571254,S2-838909015,S2-171400053,S2-849512498,S2-606224920,S2-736903568,S2-988819067,S2-701496773,S2-422335334,S2-706271348,S2-677475250,S2-657406768,S2-920912982,S2-565874159,S2-749717457,S2-23318984,S2-163657158,S2-72495135,S2-47970510,S2-785720605
S1-870309113	S3-192165399,S3-200795467,S3-907848864,S3-209924997,S3-706760438,S3-837581109,S2-236955010,S2-530644589,S2-661110657,S2-862726053,S2-338306388,S3-138342252,S2-693851584,S2-392318533,S2-221814689,S2-940450645,S2-976911136,S2-610696632,S2-794486843,S2-100915131
S1-755184527	S2-521625017,S3-648093093,S3-894213667,S3-349342382,S2-830626570,S2-783162490,S2-626920024,S2-357109787,S2-340727003,S2-171400053,S2-359298263,S2-970747867,S2-936113040,S2-622616547,S2-863318303,S2-473334099,S2-508810333,S2-968360134,S2-891341426,S2-462946540
S1-741750910	S2-578052013,S2-234474158,S2-346140640,S2-139321804,S2-899810976,S2-851224804,S2-259968826,S2-187517712,S2-116836173,S2-102449220,S2-872190373,S2-284528741,S3-350581005,S2-591841369,S2-947721596,S3-440313609,S2-551681475,S2-329000078,S3-751629724,S2-353988212
S1-396704474	S2-158808064,S2-870884051,S3-121581045,S2-791716946,S2-862952449,S2-702953505,S2-592650643,S2-513456951,S2-989542032,S3-619591224,S2-905898475,S3-229285036,S2-613710165,S3-514709174,S3-26967720,S3-372297162,S3-464423018,S2-455499669,S3-714930469,S2-454123229
S1-77449994	S2-506817896,S2-768352534,S2-709901794,S2-273265011,S2-52115480,S2-324911369,S2-701713657,S2-740119092,S2-973849450,S2-866323384,S2-575003280,S2-838379121,S2-785082295,S2-87033958,S2-832720987,S2-321982614,S2-200263860,S2-963925578,S2-281581557,S2-509869324
S1-607302089	S3-673934048,S2-322362124,S2-172217048,S3-21573471,S2-611621507,S3-441341258,S3-204889891,S2-637789194,S2-839880825,S2-858823964,S2-886395839,S2-986255269,S2-296119508,S2-544207937,S2-970892971,S3-501387680,S3-391258191,S3-840169,S3-119107581,S3-5053995
S1-80873383	S2-535891610,S2-203377756,S2-695566970,S2-954389180,S2-703123353,S2-714886169,S2-374865449,S2-765043571,S2-167953907,S2-664541731,S2-715507244,S2-203934480,S2-81366181,S2-193287115,S2-875461625,S2-382470727,S2-567951339,S2-12767071,S2-52424230,S2-466758863
S1-194589041	S2-54469895,S3-870545089,S2-520483905,S3-48865405,S2-906481272,S2-668279049,S2-473000840,S3-880114367,S2-480515409,S2-937384317,S2-430337820,S3-41949759,S2-487924533,S2-305776960,S3-68775272,S2-714175800,S2-884878875,S2-58000863,S3-540907208,S2-859643223
S1-550464269	S2-101582651,S2-780467478,S2-904825244,S2-412816698,S2-985429048,S2-977601959,S2-434799249,S2-449377898,S2-807791581,S3-978933932,S2-616220039,S2-525217205,S2-246802799,S2-287522758,S2-867226352,S3-44869915,S2-359224445,S2-20226700,S2-353765068,S2-882588704
S1-405440827	S2-621647150,S2-624602452,S2-898050654,S2-34181116,S2-167191851,S2-523553509,S2-529280770,S2-280969057,S2-370396703,S2-812436402,S2-386104216,S2-202450761,S2-850695800,S2-636417019,S2-920269828,S2-695540136,S2-396898751,S2-958047479,S2-513418709,S2-466353630
S1-500922440	S2-101426654,S2-332841886,S3-231297963,S3-375333875,S2-666996981,S2-760355699,S3-382633033,S3-360140904,S2-874380773,S2-164810916,S2-807806179,S3-541444996,S3-25606316,S2-340393302,S2-630052664,S3-940183857,S2-490558521,S3-773043047,S2-491947648,S2-997219540
S1-111694025	S2-315885501,S2-256328866,S2-762225100,S3-803364604,S2-407284706,S3-38423850,S3-654727361,S2-968281341,S2-122336169,S2-394049381,S2-55711217,S2-361274854,S2-20032046,S2-671415963,S2-23028790,S2-816537957,S2-586683301,S2-537258016,S2-669030999,S2-558549270
S1-760235082	S2-207102662,S2-14667454,S2-472743736,S2-184585287,S2-529482844,S2-693952954,S2-51240598,S2-641777332,S2-882118580,S3-877804331,S2-647692082,S2-422949839,S2-118366279,S2-419620677,S2-184131140,S2-661808249,S3-847175839,S2-211397966,S2-154973158,S2-165818611
S1-445143782	S3-519684761,S2-690616500,S2-556544936,S2-867585785,S3-517502908,S3-901177771,S2-360803488,S2-301349361,S3-868916225,S2-235135083,S2-539121573,S2-810457036,S2-385042156,S2-42693937,S2-260103098,S2-406945507,S2-27308202,S2-564067009,S2-847824176,S2-138252801
S1-17665971	S3-496161403,S3-582282108,S2-83505977,S2-989439975,S2-14026007,S2-647622525,S2-347398827,S2-80532489,S2-624689653,S2-615204347,S2-557354167,S2-294425943,S2-771746145,S2-195209474,S3-546733558,S2-844382664,S3-95619050,S2-364244975,S2-383407027,S3-386067636
S1-131623880	S2-769775124,S2-918285774,S2-57147187,S2-635203037,S2-547729271,S2-356539872,S2-906101271,S2-723548613,S2-87210509,S2-987535859,S2-814943925,S2-731290171,S2-833825588,S2-206521672,S2-871583547,S2-651240603,S2-242423896,S2-416518675,S2-370975257,S2-22739228
S1-453383072	S2-598723775,S2-777972592,S2-222761351,S2-76826212,S2-507668961,S2-422607735,S2-679112163,S2-775554802,S2-721653811,S2-429199924,S2-755565305,S2-41091234,S2-655311317,S2-694584321,S2-563880889,S2-419925029,S2-652153907,S2-901502435,S2-987036418,S2-42057293
S1-573827896	S2-839509841,S2-622861417,S2-333894886,S2-939412159,S2-112316405,S2-148640149,S2-822246202,S2-61150246,S2-648446542,S2-51363346,S2-27714837,S2-5763538,S2-596622383,S3-997342749,S2-877969145,S2-994850155,S3-923232668,S2-74374698,S2-590860163,S2-258500566
S1-740059747	S2-15549494,S2-39423665,S2-33940290,S2-733717513,S2-368372737,S2-478733732,S2-258863451,S2-211440621,S2-954244736,S2-136480825,S2-807777671,S3-603752635,S2-184816751,S2-942161603,S2-882636372,S2-160844865,S2-843367962,S2-750980735,S2-185048111,S2-738596006
S1-979645754	S2-849389903,S2-171400053,S2-297273792,S2-220648713,S2-897453920,S3-218533923,S2-337820615,S2-161260468,S2-160940510,S2-655226530,S2-663611901,S3-689014989,S3-956106421,S2-588655244,S2-234643367,S3-59507105,S2-353258047,S2-398194627,S3-512007197,S2-696967752
S1-5694837	S3-91486203,S2-650539867,S2-146520578,S2-787340353,S2-753093872,S2-787585184,S2-837946814,S2-276414849,S2-458103636,S2-216218877,S2-239556190,S2-642204306,S2-646934249,S2-699219838,S2-594227123,S2-159997401,S2-654248397,S2-529838425,S2-117850761,S2-95332769
S1-895155435	S2-796219017,S3-156990217,S2-150284903,S2-922531091,S2-104353261,S2-697871288,S2-341082091,S2-662785818,S2-814731766,S2-756902647,S2-318211495,S2-538850133,S2-377863071,S2-241304361,S2-442976463,S2-248821054,S3-279771653,S2-995052186,S2-168983966,S2-142683147
S1-552090769	S2-885260967,S3-73921505,S2-822738777,S3-622268740,S3-538106526,S3-713278633,S2-335179773,S2-283199770,S3-934931955,S2-955134215,S2-152237937,S3-71495929,S2-646034547,S2-793784898,S2-671904759,S3-887124829,S2-939914601,S3-586901753,S2-115358899,S2-563059500
S1-444520529	S2-156324323,S2-399160576,S3-897997786,S2-982694384,S2-718766170,S2-899621500,S2-45690361,S2-460732676,S2-13557804,S2-82395847,S2-603766581,S2-670692574,S2-370926832,S2-100364499,S2-279055157,S2-441477166,S2-513014034,S2-893565406,S2-863396005,S2-224725631
S1-481259122	S3-744897618,S3-887946856,S2-815121682,S2-263943926
S1-170318976	S2-919686506,S2-421069530,S2-169689845,S2-751240133,S2-74091318,S3-11817024,S3-264969929,S3-646656410,S2-227659136,S2-331849105,S3-970048930,S2-611878044,S2-393205606,S2-204462273,S3-859100872,S3-56473701,S3-583963215,S2-661693811,S2-72053229,S3-385092097
S1-254586049	S3-664718470,S3-332845606,S3-866781987,S3-314532534,S3-483820078,S3-121349609,S2-992765732,S2-60128669,S2-458714768,S2-389070436,S2-233391913,S2-128966625,S2-798294606,S2-976177254,S2-252511940,S2-667666198,S2-343664611,S2-369093041,S2-893590145,S3-606408736
S1-626957328	S2-151893882,S2-675105089,S2-376723778,S2-257584347,S2-47869735,S2-963431069,S2-625872828,S3-939517437,S3-58116097,S3-945959845,S3-454823763,S3-874029349,S3-10631569,S3-840180140,S3-949850206,S3-530530789,S3-524070165,S3-451789404,S3-526035222,S3-118283555
S1-820877559	S2-409264028,S2-732153890,S2-324522362,S2-780529349,S2-147385589,S2-480059151,S3-237368523,S2-259432646,S2-306289163,S2-709180915,S2-103058476,S2-133794965,S2-814025399,S2-469588931,S3-538718785,S2-792094012,S2-785792409,S2-762980295,S2-576275982,S2-884092062
S1-111296778	S3-637871505,S2-517038437,S3-418843586,S2-182506362,S2-55315420,S2-735789133,S2-159777210,S2-819380147,S2-292666306,S2-385375336,S3-208264360,S2-702244091,S2-929847784,S2-909911636,S2-699635910,S2-395763936,S2-829558320,S2-17503452,S2-257861575,S2-959641071
S1-847310129	S2-964998414,S2-929197322,S2-411037209,S2-121933134,S2-747482553,S2-171400053,S2-671245360,S2-255462901,S2-265692575,S2-529934846,S2-210879384,S3-279528939,S2-55804991,S2-275114913,S2-132973079,S2-936692999,S2-773036255,S2-484483494,S2-108323789,S2-882687462
S1-546941880	S3-108497389,S3-579264564,S2-830782776,S2-66895484,S2-827053047,S2-688677117,S3-350212912,S3-18563417,S3-321475307,S2-679662509,S2-465664968,S2-872738715,S2-288894158,S3-54056324,S3-256519954,S3-789065993,S3-206547771,S3-624393724,S3-944535436,S2-493423753
S1-697980001	S2-238227544,S2-671298806,S2-256337315,S2-291689327,S2-481210353,S3-720870816,S3-86989954,S3-161513664,S3-963643986,S3-629957673,S3-320714267,S3-203229271,S2-453551070,S2-134458381,S3-464161777,S2-60530544,S2-245570079,S2-826925715,S2-582640819,S2-187159372
S1-338401200	S2-113608222,S3-746695605,S2-252451553,S3-962872588,S2-163255052,S2-936719779,S2-623471222,S2-396042915,S2-803542869,S2-345006627,S2-356630795,S2-735626348,S2-859085534,S3-711706037,S2-963952117,S2-81852622,S3-110461697,S3-104676057,S3-636876412,S3-114293843
S1-501819870	S2-550718551,S2-439701793,S2-198603415,S2-850892446,S2-760474703,S2-238321307,S2-167785590,S2-212205557,S2-610802207,S2-955992872,S2-407635028,S2-387925901,S2-65497098,S2-207445659,S2-814853402,S2-635992141,S2-700174789,S2-116423501,S2-964825119,S2-471585889
S1-541668027	S2-95890053,S2-761826972,S2-21969877,S2-328550152,S2-392231019,S2-558554114,S2-977600515,S2-86696776,S2-830232580,S2-48286206,S2-844937429,S3-239202199,S2-971613450,S2-750999006,S2-987475979,S2-935143028,S2-282125555,S2-335167183,S3-465563371,S2-778651330
S1-966492570	S2-88909454,S2-381495092,S2-584539052,S2-217595300,S2-50625939,S2-70669716,S2-863913658,S2-110033403
S1-702544592	S2-728510507,S3-135566499,S3-735590179,S2-184995037,S2-175253315,S2-700748463,S2-412349016,S2-578946943,S2-58913550,S2-983966594,S2-76054218,S2-100149591,S2-171513112,S2-759571271,S3-261342110,S2-722837069,S3-497331747,S2-393618474,S3-115584258,S2-145157849
S1-528495462	S2-501002742,S2-464815225,S3-468651452,S2-497382068,S2-697016349,S2-775534793,S2-116465959,S2-218915486,S2-328626032,S2-780364933,S2-324626249,S2-255481825,S2-207481934,S3-793055390,S2-692137372,S2-57220812,S2-886700706,S3-859175799,S2-13245303,S2-709829962
S1-545863954	S2-384442003,S3-178364508,S2-569383423,S2-300407575,S2-885883726,S2-719377837,S3-382535970,S2-199683239,S3-267103139,S2-887719383,S2-915597663,S3-313163141,S2-69858560,S3-718090981,S3-657478598,S2-529143647,S2-120122703,S3-810359552,S2-322604020,S3-113506869
S1-772195807	S2-293394835,S2-218556055,S3-370331688,S2-879568025,S3-361625463,S2-227060379,S2-884356131,S3-301497233,S3-608177613,S2-157145002,S2-443371095,S2-453143421,S3-313545741,S2-909687609,S3-822284633,S3-909949146,S3-243325370,S2-116357006,S2-794560949,S2-97243660
S1-603731465	S2-798402,S2-976822742,S2-459242402,S3-664461935,S2-527903810,S2-170785030,S2-111117465,S2-677841293,S2-854475224,S2-762186095,S2-826814826,S2-858779517,S2-776013536,S2-877803924,S2-574951292,S3-656636805,S2-156488044,S2-516647058,S2-981200502,S2-821286701
S1-453539657	S2-91951192,S3-923588536,S2-7066129,S3-278060960,S3-474612312,S2-48134992,S3-292706653,S3-544293071,S2-637687246,S2-59824482,S2-846113194,S2-988466148,S2-390321835,S3-345018891,S3-623621291,S2-842448731,S3-729648009,S3-753559679,S2-648169719,S2-604148362
S1-46249643	S2-892346000,S3-344281649,S3-831499328,S2-655489958,S2-893830896,S2-82256294,S2-465221649,S3-91238710,S3-380478062,S2-431338142,S2-6791616,S2-252486857,S2-834540822,S2-164748501,S2-343360397,S2-223783289,S2-695521431,S2-817358729,S3-911132168,S2-634987820
S1-317928365	S2-712915475,S2-837950124,S2-933993096,S2-308170609,S3-932476144,S3-111199627,S2-84738678,S2-806987465,S2-436614482,S2-389522486,S2-615435336,S2-817803576,S2-655066266,S2-908068224,S2-620088599,S2-973677001,S2-365637295,S3-798729555,S3-69863353,S3-844729739
S1-735449543	S2-435702598,S2-815441628,S2-108607567,S2-192563218,S2-134801500,S2-850262723,S2-957019384,S2-733241673,S2-376606837,S2-439417237,S2-518285513,S2-429385559,S2-343331000,S2-706635367,S2-170509529,S2-331695916,S2-462671700,S2-324456745,S2-173188452,S2-913803667
S1-368898506	S2-330029272,S3-66904920,S2-724214508,S2-991066051,S2-561314855,S2-652455214,S2-330380163,S2-111189082,S2-372798462,S2-535369172,S2-74333238,S2-17817954,S2-584716594,S2-206316089,S2-374919719,S2-753981838,S2-268350332,S2-201809542,S2-767178375,S2-730815778
S1-39608811	S2-656847334,S2-944804286,S2-819246786,S2-63407838,S2-538776411,S2-752598634,S2-267778262,S2-887123026,S2-578453982,S2-55636069,S2-963826537,S2-261279595,S2-163384239,S2-987947873,S2-592346942,S2-415361818,S2-918115642,S2-597093806,S2-539575423,S2-826449357
S1-497232093	S2-240364786,S2-357652947,S2-232946255,S2-784507382,S2-894674584,S2-555735342,S2-473821653,S2-360074234,S2-758060790,S2-356259514,S2-528021106,S2-130509942,S2-251650909,S2-709438974,S2-107522781,S3-742251538,S2-46575299,S3-135712112,S2-304919612,S3-103111775
S1-740176897	S2-951784862,S2-780761905,S2-545350785,S2-623223718,S2-454482987,S2-178701115,S2-4040290,S2-26985583,S2-249964212,S2-4177684,S2-597505952,S3-280827136,S2-19291149,S2-119335243,S2-928688362,S2-827464870,S2-847113958,S2-43861924,S2-692709430,S2-479508712
S1-699373004	S2-803230301,S2-355384160,S3-595450174,S3-869611901,S3-861629248,S2-970649176,S2-209835331,S3-488481179,S2-2408931,S2-947065200,S2-548168476,S2-820150677,S2-235550584,S2-278727881,S2-279911799,S3-465272392,S3-713617214,S3-901507434,S2-3896187,S3-261620286
S1-760964613	S3-929746741,S3-878453173,S2-333212118,S3-790234281,S3-530925326,S3-554116868,S2-947844465,S2-810737499,S2-477502220,S2-799642254,S2-691572799,S2-754216740,S2-940500882,S2-763088796,S2-216953539,S2-625771005,S2-831352922,S2-694530320,S2-314322265,S2-291823583
S1-759533619	S2-985124504,S2-811133525,S3-453475891,S2-71437052,S2-644013241,S2-741530067,S2-132934679,S2-581749171,S3-687292730,S3-347777199,S3-645543475,S3-631739054,S3-119791536,S3-690235369,S2-197693195,S3-990333472,S2-392609696,S2-249879,S2-739528240,S2-614502528
S1-89928972	S2-398401791,S2-408631237,S2-185650415,S2-782616368,S2-391300972,S2-175412570,S2-208049492,S2-579223563,S2-501735096,S2-613921452,S2-648848976,S2-86700177,S2-805372378,S2-569984936,S2-729869592,S2-508290556,S2-419492871,S2-986986159,S2-300367383,S3-772325172
S1-415302434	S3-52801348,S2-912872429,S2-146116147,S2-347976219,S2-901736955,S2-843829019,S2-192388409,S2-552918775,S2-91282322
S1-397514626	S3-245997985,S2-502374040,S3-143478814,S3-950472268,S2-584766068,S3-927909618,S2-929261674,S3-683176901,S2-395829362,S2-169245781
S1-603295553	S2-541936409,S3-676158103,S2-175006839,S2-241093090,S2-463445756,S2-604351573,S3-909047351,S2-819190431,S2-439067878,S2-737353352,S2-119803366,S2-159911621,S2-963204997,S2-349160073,S2-119545799,S2-72625114,S2-924727648,S2-843023666,S2-20998016,S2-758950196
S1-829004597	S2-136898206,S2-708101560,S2-884250040,S2-366218684,S2-778631799,S2-681729487,S2-743334505,S2-647916910,S2-960130696,S2-585558766,S2-17389169,S2-646511329,S2-159924041,S2-558751388,S2-135251670,S2-721580003,S2-684629919,S2-540406233,S2-442002234,S2-676907577
S1-340381642	S2-503043705,S2-367044401,S2-855102414,S2-625165363,S2-812903108,S2-79583240,S2-407916285,S2-750189957,S2-742890414,S3-805556639,S2-248866494,S2-56873495,S2-8017290,S2-303963077,S2-901263287,S3-665354611,S3-567889118,S2-857717685,S2-371382856,S2-886750326
S1-831508195	S3-896286202,S3-351277632,S3-497292140,S2-204417353,S2-500293977,S2-899672354,S2-596857261,S2-840173931,S2-726802259,S2-407351572,S2-825710940,S2-206982245,S2-865654553,S2-685946327,S2-913946929,S2-610399780,S2-106131253,S2-443474126,S2-500865561,S2-269574318
S1-715029307	S3-714023126,S2-107461950,S3-765441955,S3-140721613,S3-680221461,S2-199202266,S3-335936839,S3-336327196,S2-24575283,S2-687330292,S3-971936058,S3-406107103,S2-592117105,S2-748441650,S2-278690875,S2-416012438,S2-568920135,S2-18728082,S2-528639848,S3-738682033
S1-30383410	S3-126971257,S2-140608138,S2-704934155,S2-187550568,S2-332710786,S2-774191599,S2-596928544,S2-242563321,S2-559048661,S2-176904550,S2-104038382,S2-900968240,S2-786222015,S2-186372850,S2-135867575,S2-885006052,S2-930077079,S2-167280833,S2-354968081,S2-723834863
S1-267323354	S3-355090287,S2-633286164,S2-228704700,S3-891087755,S2-363609155,S3-340400047,S3-736517206,S3-468351360,S3-834902842,S2-934379607,S2-790672586,S2-20935768,S2-689551715,S3-286683378,S2-95757225,S2-455113392,S3-664355140,S3-609755987,S3-624142620,S2-503496987
S1-189661852	S2-330106730,S2-986364627,S2-930064924,S2-626411179,S2-640181466,S2-765824316,S2-222833745,S2-509443769,S2-257281493,S2-861655410,S2-255481825,S2-848681611,S3-521476837,S2-259406265,S3-798374003,S2-576863448,S3-504043398,S2-589723611,S3-525466364,S2-767788774
S1-232418369	S2-706558029,S2-153679221,S2-888252819,S2-358532211,S2-617749225,S2-436059266,S2-938681117,S2-929613354,S2-544713883,S2-154784673,S2-176958740,S2-960506482,S2-156514708,S2-68325435,S2-38223663,S2-363433967,S2-137588243,S2-448125194,S2-963641782,S2-542751776
S1-626838100	S3-245904961,S3-552951964,S2-221230407,S2-219570500,S2-41014087,S3-949043605,S3-884857175,S3-623698094,S3-61237595,S2-604779702,S2-896777722,S2-911131579,S2-362047333,S2-282744730,S3-579060621,S2-697854280,S2-912115084,S2-629199925,S2-860920692,S2-135701421
S1-900373432	S2-319746923,S2-542651458,S2-688932731,S2-946693077,S2-584937224,S2-151772630,S2-708000836,S2-235584894,S2-521682474,S2-547792042,S2-912933888,S2-173292909,S3-851101319,S3-844746576,S2-782765375,S3-554795898,S2-262925857,S2-811342232,S2-268060545,S2-449365843
S1-322014701	S2-824871984,S3-662334585,S2-616902916,S2-5154559,S2-45513748,S2-827703493,S2-944257465,S2-735017058,S2-935139574,S2-702180139,S3-203554874,S2-678369673,S2-979602516,S2-693336311,S2-714646602,S2-429648064,S2-124221876,S2-218024762,S2-333626819,S2-52777890
S1-714107578	S2-664822511,S2-651375289,S2-722501491,S2-804802066
S1-923533895	S2-784805376,S3-819001814,S3-177858687,S3-748360043,S2-943210423,S2-676609166,S2-714609418,S2-57677665,S2-822763358,S2-684755632,S3-646704931,S3-785708616,S3-371804779,S3-217676728,S3-271255351,S2-887297196,S2-153022216,S2-694883655,S2-930027909,S3-51676049
S1-445155683	S2-820549581,S2-484513591,S2-26098488,S2-61835836,S2-380572978,S2-143132970,S2-350438342,S2-503727095,S2-160990375,S2-114487907,S2-355070414,S2-493193361,S2-581142926,S2-454631631,S2-842323385,S2-54055537,S2-416893747,S2-633010089,S2-808326696,S2-147572606
S1-70052354	S2-776850399,S2-536279355,S2-714658135,S2-718402364,S2-810984862,S2-879804941,S2-32432700,S2-204647449,S2-328188666,S2-326675720,S2-851674458,S2-280475988,S2-309139257,S2-150995066,S2-297123069,S2-789329048,S2-532679058,S2-462990696,S2-10429569,S2-519681149
S1-954767088	S2-664821158,S2-62827237,S2-962298063,S2-812013920,S2-585641497,S2-873497063,S2-585345323,S2-537106594,S2-86323238,S2-809360583,S2-880810704,S2-595005466,S2-95948495,S2-602342095,S2-506704007,S2-217874502,S2-11382030,S2-50025061,S2-319497096,S2-933332917
S1-529469516	S2-561700565,S2-871030070,S2-319107499,S2-697634066,S2-185328661,S2-804016810,S2-988592945,S2-212291583,S2-206957287,S2-578453982,S2-929262140,S2-24920741,S2-760176544,S2-713272376,S2-259406265,S2-425661446,S2-709396671,S2-939630934,S2-191311189,S2-949300513
S1-650940902	S3-672977891,S3-277719703,S2-528266390,S2-815016658,S2-528658169,S2-946879846,S3-534615591,S3-762070169,S3-157011805,S3-950107686,S2-32208669,S2-739370974,S2-11696569,S3-158016922,S2-777859165,S3-255930471,S2-342185821,S3-111233853,S2-309299654,S2-515963910
S1-200871763	S2-63117139,S2-827496675,S2-255462901,S2-419464022,S2-807777671,S2-700776216,S2-802063836,S2-860796349,S2-195098398,S2-17396079,S2-914544763,S2-971092647,S2-450374429,S2-803107780,S2-273301211,S2-186208794,S2-184735221,S2-479708210,S2-82758021,S2-837145800
S1-674001307	S3-434540599,S2-705523422,S2-926307939,S2-510252783,S2-526942742,S2-369291725,S2-781610436,S3-91682083,S2-971526174,S2-899848014,S2-129747560,S2-172221837,S2-709818997,S2-696407711,S2-203846496,S2-481159533,S2-214297627,S2-993211180,S2-558241726,S2-32201694
S1-946578635	S2-845645834,S2-560176566,S2-922208754,S2-357054735,S2-293550326,S2-46081950,S2-955410908,S2-510077081,S2-552500424,S2-243925355,S2-761131688,S2-160423663,S3-28744439,S2-375859516,S2-390478681,S3-739846520,S2-962325755,S3-824210686,S2-8701689,S2-156518925
S1-899271918	S2-711313605,S2-497867787,S2-259504978,S2-241352407,S2-148622220,S2-430361587,S2-347555508,S2-267778262,S2-377032895,S2-51704591,S2-489902969,S2-433853151,S2-879933457,S2-988205841,S3-349947939,S2-386022523,S3-404324826,S2-545530049,S3-806717151,S2-995357471
S1-861020733	S3-537474034,S2-666891678,S2-27616304,S2-191600994,S2-267778262,S2-191661992,S2-861934297,S2-368474989,S2-185048111,S2-452336759,S2-227767781,S2-932788318,S2-279365241,S2-869136050,S2-34788298,S2-749258736,S3-364063381,S2-696077581,S3-634639605,S2-898130235
S1-669118103	S2-945993788,S2-495532167,S2-165820601,S2-67990793,S2-839295106,S3-995002550,S2-557129215,S3-226386900,S3-224730676,S3-378872427,S3-294291761,S2-52525197,S2-101544429,S2-31047364,S3-323306439
S1-473518955	S2-6278549,S2-180186890,S2-866707274,S2-500397277,S2-646462358,S2-662554474,S2-977767407,S2-425387306,S2-635287425,S2-839266216,S2-765824316,S2-15220900,S2-771373566,S2-432719254,S2-605706952,S2-973096706,S2-526988564,S2-659108200,S2-178932506,S2-851418687
S1-112878071	S2-566050604,S2-452275743,S2-620337918,S2-548038593,S2-152599989,S2-358505329,S2-484191622,S2-306072421,S2-820276981,S2-619710035,S2-92524908,S2-942056610,S2-19854722,S2-259217770,S3-57512242,S2-805799122,S2-468404545,S2-808363608,S2-637387261,S2-409933827
S1-387370379	S2-733379415,S2-682811551,S2-171400053,S2-8212448,S2-151772630,S2-829581724,S2-510635651,S2-230442295,S2-521682474,S2-547792042,S2-226188917,S2-173292909,S2-150011505,S2-782765375,S2-25830538,S2-262925857,S2-770946052,S2-264434474,S2-994429807,S2-417884659
S1-591825395	S2-990482170,S2-657011540,S3-99307036,S3-934726775,S2-963483467,S2-122523853,S2-32115488,S2-165394940,S2-465396082,S3-784554592,S2-601872974,S2-145208547,S2-291793262,S2-238407713,S2-543970894,S2-560099164,S2-255393803,S2-632834158,S2-862691426,S2-154424183
S1-341836448	S2-985779539,S2-19953634,S2-185659687,S2-183316752,S2-814954555,S3-561446980,S2-164794380,S2-476421726,S2-397461184,S2-607175720,S2-807185331,S2-948560232,S2-47604326,S3-311795497,S2-944499310,S3-874143143,S2-349737375,S2-210395807,S2-828973795,S2-99729675
S1-730190320	S2-737151816,S3-877611291,S2-151812617,S3-701331261,S2-768057192,S3-785089132,S3-728301832,S3-724757917,S2-283864274,S2-567794249,S2-943922478,S2-632013904,S2-560700969,S3-418681361,S2-962334170,S2-500220701,S2-117427895,S2-781097534,S2-19789603,S2-607618457
S1-686724393	S2-309911578,S3-206871402,S2-863163785,S2-654683495,S2-962702918,S2-637036577,S2-279709844,S2-258532175
S1-884819027	S2-445942224,S3-82504710,S2-784775998,S2-486793135,S2-885801269,S2-998020586,S3-49183058,S2-276989835,S2-578453982,S2-54524563,S2-153138229,S3-49849057,S2-918620607,S2-731002082,S2-499191968,S3-413047851,S2-196257935,S2-890213402,S2-367778032,S2-461298680
S1-634733706	S3-447857658,S2-420285532,S2-953980154,S2-569044782,S3-863442681,S2-705104475,S2-309328559,S3-284819552,S2-8609683,S2-237871233,S2-308363615,S2-112628645,S3-153222291,S2-261076219,S2-990680851,S3-428783343,S2-513139735,S3-392678642,S3-876731164,S2-484916398
S1-146764860	S2-380858437,S2-25597922,S2-360915384,S2-668074379,S2-95077395,S2-271433869,S2-539928810,S2-540239756,S2-201937058,S2-331204011,S2-737136911,S2-421638808,S2-944522691,S2-684635733,S2-245889622,S2-156138474,S2-785716660,S2-273474928,S2-844461884,S2-545971540
S1-667494116	S3-326480624,S2-911450010,S3-210703201,S2-39205209,S3-112688824,S2-831554753,S2-645300630,S3-161867127,S2-295367282,S3-516849445,S2-985319269,S3-247968446,S3-289663750,S2-950562952,S3-4894483,S2-381054184
S1-644800304	S2-421154159,S2-145371126,S3-40055469,S3-117038331,S2-477375998,S2-123234152,S2-7478950,S2-821719738,S2-859176897,S2-773466761,S2-870430276,S2-512370211,S2-446754126,S2-119980365,S2-62744217,S2-275403860,S2-663168428,S2-315553780,S2-6505950,S2-168699066
S1-559176480	S2-359847177,S2-288771595,S2-477445858,S2-686293563,S2-211440621,S2-900169821,S2-693603365,S2-36655626,S2-528753270,S2-479192671,S2-658065717,S2-738338325,S2-851169378,S2-706271348,S2-677475250,S3-166298772,S2-795080120,S2-407997384,S2-565874159,S3-991192862
S1-670613672	S3-212654202,S3-209238677,S3-331161381,S3-222777380,S3-742953680,S3-943520618,S3-898481720,S3-527243777,S3-314872010,S3-629401619,S3-806372971,S2-968080021,S3-557674021,S3-566594132,S3-465983063,S3-238030305,S3-903921011,S3-525875791,S3-780739517,S3-248057337
S1-563834046	S2-675640625,S2-126998923,S2-877579581,S2-984113533,S2-666117417,S2-54212143,S2-118508445,S2-142868188,S2-827928151,S2-480571485,S2-796784638,S2-943857658,S2-488520085,S2-214420060,S2-366489407,S2-709890557,S2-851305685,S2-871683148,S2-832130633,S2-237407154
S1-605344566	S2-680510046,S2-440364221,S2-22105329,S2-267778262,S2-426956840,S2-514272993,S2-772740438,S2-955594287,S2-85291595,S2-511490226,S2-647232354,S2-9278111,S2-987470458,S2-794720017,S2-331030683,S2-913876478,S2-70543788,S2-309635192,S2-425975967,S2-35947177
S1-45476583	S2-129323274,S2-290553057,S3-500337445,S3-291884200,S3-430260020,S2-740206748,S3-261161531,S3-510295647,S2-899862249,S2-956230015
S1-712193425	S3-353915311,S3-614712110,S2-144612774,S3-574382723,S2-67173645,S3-579335116,S3-818225855,S3-505031457,S3-819513970,S2-466441764,S3-934939933,S3-447116968,S3-521990313,S2-428548873,S3-499997380,S2-119035480,S3-740109432,S2-519059543,S3-351379052,S3-725609444
S1-426796552	S2-709927355,S2-758239095,S2-740992066,S2-482083476,S2-339550008,S2-789260421,S2-199091008,S2-826479522,S2-773660366,S2-661972,S2-787105864,S2-262002129,S2-252251526,S2-767825344,S2-846352818,S2-302911534,S2-835973090,S3-898822914,S2-820230979,S2-861128508
S1-358071494	S3-231769594,S3-622263182,S3-807074883,S3-406336490,S2-986091068,S2-928197772,S2-327422375,S2-224146817,S2-934030778,S3-441387323,S2-263895037,S2-333365468,S2-315359476,S2-871282207,S2-912677755,S2-259991405,S2-623177472,S2-988862160,S2-515967930,S2-611232342
S1-913184147	S3-879537227,S3-344677516,S2-936281454,S2-644730457,S2-992416302,S2-185990682,S2-405076060,S2-995747893,S2-154838983,S2-339974980,S2-656521029,S2-695919422,S2-18350205,S2-157158723,S3-922703377,S2-193961247,S2-619090572,S2-420561153,S3-992404201,S2-504202275
S1-518999749	S2-457991226,S2-44025175,S2-697563548,S2-217145705,S2-531048254,S2-819442628,S2-611726487,S3-886719689,S2-770739202,S2-467377370,S2-806622319,S2-847053878,S2-341918520,S2-206425556,S3-56306195,S2-190531136,S3-682101428,S2-750310615,S3-621902617,S2-949560641
S1-142991774	S3-426199951,S3-467177396,S3-984586592,S3-461439412,S3-635261281,S3-810208317,S3-20436800,S2-855490920,S2-495264785,S2-936335822,S2-149132980,S2-582157623,S2-326803062,S2-301814811,S2-836202903,S2-965927735,S2-613258663,S2-398248094,S2-504523520,S2-583056157
S1-573105537	S3-916071327,S3-225967634,S3-972895921,S2-580749021,S2-714053121
S1-402263041	S3-808460033,S2-771050894,S2-850537951,S2-463603807,S2-771915225,S2-724515820,S2-408652493,S2-283062803,S2-987137884,S2-429700170,S2-769813575,S2-452482696,S3-569118373,S2-462895161,S3-403260526,S2-757419761,S2-898790281,S2-8983381,S2-367054388,S2-688663213
S1-852777299	S3-24068439,S2-326634354,S2-632376218,S2-854178460,S2-182686733,S2-780851477,S2-152147609,S2-331593178,S2-904264463,S2-220160785,S2-6321355,S2-945793531,S2-521927981,S2-51792789,S2-515538341,S2-679852212,S2-46827733,S2-75021252,S2-470093651,S2-271720851
S1-817055009	S2-473042823,S2-790145633,S2-840429575,S2-342962319,S2-590170802,S2-246736880,S2-579205196,S2-957386772,S2-630914572,S2-406944623,S2-852133919,S2-181859632,S2-318810047,S2-954973793,S2-175743777,S2-392773069,S2-426338563,S2-934840760,S2-505833156,S2-477355085
S1-121278089	S2-347655218,S3-48206352,S2-471031868,S2-49214055,S2-281070542,S2-930896476,S2-483799323,S3-653129795,S2-88356107,S2-772391360,S2-823404003,S3-184143124,S3-116435177,S2-786801120,S2-475125766,S2-455258363,S2-410997184,S2-698739738,S2-766813601,S3-655663211
S1-34406583	S3-657943678,S3-974094422,S3-36666630,S3-758864243,S2-683831863,S3-392637283,S3-392484536
S1-948206127	S2-512879637,S2-280684588,S2-817082510,S3-828889571,S2-685122301,S2-830701385,S2-446315212,S2-543128189,S2-590997700,S2-232574194,S2-66551488,S2-261808763,S3-166911116,S3-368834143,S2-49462327,S2-704563532,S2-102692152,S2-191136998,S2-706134294,S2-299196683
S1-793882586	S3-372073209,S3-228865041,S2-103269848,S3-405071038,S2-901624314,S3-596775210
S1-313423382	S2-209553818,S3-758899955,S2-478304001,S2-613821030,S2-619025040,S2-576871136,S2-75312805,S2-672059091,S2-880257253,S2-25338963,S2-417404196,S2-660306692,S3-335419412,S2-822351626,S2-668436793,S2-445805287,S2-758696151,S2-100576902,S2-245471859,S2-332072847
S1-230616179	S2-350883747,S2-594454566,S2-153505197,S2-627987550,S3-770134944,S2-80016062,S2-106788506,S2-375338070,S2-731148031,S3-938442150,S2-567342281,S2-70017494,S2-524299800,S2-299438556,S2-745605823,S2-492137575,S2-551866848,S2-856273746,S2-529720744,S2-700356415
S1-117946977	S2-567052749,S2-663460645,S2-540964861,S2-333613490,S2-238524651,S2-765824316,S2-971248357,S2-290181945,S2-421630830,S2-339232457,S2-288138359,S2-785493620,S2-521686993,S2-135740965,S2-989735280,S2-107496200,S2-401361458,S2-106706649,S2-717320276,S2-695340947
S1-764467216	S2-738472026,S2-711313605,S2-497867787,S2-241352407,S2-430361587,S2-347555508,S2-211934225,S2-377032895,S2-291823583,S2-995357471,S2-360225735,S2-451216326,S2-137600920,S2-996823478,S2-792801644,S2-936028018,S2-556440495,S2-3371252,S2-302816833,S2-911641664
S1-600671460	S2-340989324,S2-666666336,S2-247704545,S2-159595121,S2-83356526,S2-809557133,S3-311298959,S2-625905382,S2-226135704,S2-525845626,S2-594623823,S3-706963695,S2-567984848,S2-67331479,S2-464074557,S2-140292069,S2-924194092,S2-271026461,S2-655454215,S2-869100389
S1-985458663	S2-317228676,S2-958721746,S2-656501428,S2-211440621,S2-954244736,S2-942161603,S2-882636372,S2-185048111,S2-167281889,S2-908659391,S2-367817806,S2-430868026,S2-911860896,S2-274063083,S2-907447874,S2-709829962,S2-208001058,S2-382336414,S2-357207358,S2-2804013
S1-998079629	S2-210795203,S2-862704904,S2-163813229,S2-652194691,S2-16488165,S2-154538317,S2-368772803,S2-144083882,S2-70712803,S2-50810479,S2-1106932,S2-769588869,S2-889659889,S2-385139527,S2-782926621,S2-429131371,S3-877521175,S2-910658018,S3-281289275,S2-64127582
S1-751723139	S3-166177761,S2-297364789,S2-688940119,S2-410452561
S1-984503844	S3-424503610,S2-225307912
S1-436389656	S2-287303694,S3-887609870,S2-34494888,S3-307136424,S2-314229016,S2-4940811,S2-711321751,S2-812388142,S2-839893392,S2-101119174,S2-457833932,S2-808447250,S3-28991745,S3-924739455,S2-441865277,S2-310160360,S3-727199835,S2-338093355,S2-42323532,S3-195418141
S1-141582671	S2-709927355,S2-964998414,S2-929197322,S2-121933134,S2-760600385,S2-171400053,S2-671245360,S2-740992066,S2-255462901,S2-254426661,S2-265692575,S2-529934846,S2-210879384,S2-55804991,S2-339550008,S2-103660956,S2-484483494,S2-108323789,S2-904804689,S2-289121467
S1-870259303	S2-491755789,S2-683475030,S2-490165919,S2-498486440,S2-193373941,S2-451165277,S2-744730135,S2-38373278,S2-480874371,S2-810450538,S2-570616398,S2-627433245,S2-718710665,S2-369031031,S2-462137735,S2-447144284,S2-957112990,S2-356842730,S2-190125325,S2-462803433
S1-202627015	S2-228393165,S3-868954759,S2-909488399,S2-291603635,S2-925476055,S2-40692233,S3-305397461,S3-689045254,S2-587164425,S2-642748299,S2-980862269,S3-855630775,S2-653032817,S2-87973474,S3-44354326,S2-194172632,S2-948775098,S2-907973339,S3-314308120,S3-391588472
S1-870670114	S3-548833394,S2-774095572,S2-377649193,S3-515240309,S3-391199718,S2-14146564,S2-501197700,S2-160624658,S2-932610499,S2-849813365,S2-88571521,S2-350080805,S2-488148097,S2-56976716,S2-740479810,S2-167504820,S2-202191834,S2-500304689,S2-352430793,S2-31107112
S1-755329516	S3-413876161,S3-918875828,S2-446225253,S3-924362009,S2-811448925,S2-26401959,S3-630328340,S2-229246310,S3-39685118,S3-144867790,S3-667684512,S3-498496777,S3-682607891,S3-318208871,S3-813769437,S2-871596900,S2-632132212,S2-386618933,S2-990071191,S2-480444733
S1-769735105	S2-858993373,S2-99567503,S2-366570397,S2-781841007,S2-962685115,S2-974472122,S2-457693781,S2-296491616,S2-474896206,S2-61784677,S2-332417410,S2-841392952,S2-72232176,S2-951207031,S2-430243196,S2-138156931,S2-760402601,S2-716196978,S2-508155269,S2-296578909
S1-545535789	S2-601390888,S3-754082068,S2-952274066,S3-620926611,S3-444798361,S2-100644875,S2-789536456,S2-49217382,S2-726404174,S3-502728573,S3-382894897,S2-242268199,S2-896310610,S2-481458523,S3-114495603,S2-209355114,S2-127677938,S2-792529455,S2-145161277,S2-357803038
S1-255512449	S3-633619185,S3-766384285,S3-601554100,S3-656576609,S2-948576436,S2-50726817,S2-924017299,S2-822895150,S3-72812424,S2-900801786,S2-210870212,S2-658707520,S2-345088031,S2-56647749,S3-755308092,S2-76623600,S2-376504567,S2-710072135,S2-790010029,S2-173596520
S1-479368587	S2-251633904,S2-817082510,S2-742588286,S2-562806366,S2-950552953,S2-446315212,S2-395660590,S2-590997700,S2-232574194,S2-190626276,S2-704563532,S2-191136998,S3-197728428,S3-692097103,S2-732089221,S2-395490135,S2-706134294,S2-403385443,S2-299196683,S2-694111115
S1-220217287	S2-981496157,S2-56614601,S2-613476177,S2-256293169,S3-704354804,S3-642746332,S3-95160441,S3-881437697
S1-445413591	S2-790145633,S2-342962319,S2-590170802,S2-591261842,S2-957386772,S2-406944623,S2-318810047,S2-321916827,S2-37897847,S2-578006877,S2-203828757,S2-934840760,S2-505833156,S2-716212463,S2-477355085,S2-421800531,S2-793138141,S2-11818511,S2-405069926,S2-2505618
S1-307330189	S2-275850675,S2-168060910,S2-525657029,S2-197476459,S2-234929962,S2-122180875,S2-647847469,S2-867645524,S2-303963662,S2-926226036,S2-865717916,S2-309311877,S2-886098562,S2-284114191,S2-407315471,S2-849021145,S3-905620972,S2-793862736,S2-367922011,S2-639803582
S1-576221857	S2-398421353,S3-291295079,S2-694303161,S2-965782874,S3-401760724,S3-28563269,S3-47410837,S2-192570220,S2-104505050,S3-363570234,S2-430837426,S2-818049566,S2-274610593,S3-194373917,S2-116982626,S2-337586537,S2-413831758,S2-840122898,S2-468603383,S2-675385473
S1-540647065	S2-594494864,S2-732647268,S2-340178600,S2-329318294,S2-136048529,S2-162598685,S2-722571254,S2-570531042,S2-164417875,S2-495657501,S2-171400053,S2-431677109,S2-241352407,S2-807771720,S2-459860138,S2-713958006,S2-300045183,S2-711901838,S2-594032406,S2-400299584
S1-985849844	S3-573595903,S2-939747816,S3-753811745,S2-864079692,S2-188060279,S2-980202643,S2-281054849,S3-748302606,S2-621944733,S2-579736034,S2-688993279,S2-217212887,S2-922081024,S2-111551361,S2-483883749,S2-432508308,S3-993687199,S2-255039351,S2-104266539,S2-322598423
S1-129840509	S2-790675986,S3-551750733,S3-970448281,S3-791322116,S2-254310579,S3-738851353,S3-307560551,S2-212852327,S2-481107953,S3-980266446,S3-637131637,S3-338391065,S3-763018780,S3-322583228
S1-738529927	S2-443337973,S2-653791620,S2-863993280,S2-757299442,S2-430170541,S2-273508453,S2-884237833,S2-896894388,S2-334422121,S2-770748995,S2-54285705,S2-891293382,S2-625624051,S2-669992894,S2-614092832,S2-152632728,S2-788313534,S2-8174757,S2-301775298,S2-961642877
S1-631634336	S2-373582549,S2-876876907,S2-55719056,S2-237500935,S2-859616486,S2-352219285,S2-856227845,S2-972633160,S3-438265412,S2-690972400,S2-638943242,S2-244888886,S2-875867419,S2-110129237,S2-958738582,S2-723717236,S2-440086966,S2-632738566,S3-904005280,S2-787768937
S1-620439917	S2-25376749,S2-598590691,S2-930755904,S2-219604416,S2-915709808,S3-174589761,S3-827942507,S3-266579058,S2-1176127,S2-468523563,S2-634049191,S2-183814344,S2-70217775,S2-565369132,S2-416104408,S2-825691740,S2-578017355,S2-405134392,S2-521515671,S2-639581118
S1-645673704	S2-773245215,S2-225562720,S2-592836284,S3-482558232,S2-214596266,S2-595077206,S2-292508061,S3-102821360,S2-675071510,S2-541034527,S2-64970940,S2-540874228,S2-982676985,S2-262683005,S2-137389207,S2-834160585,S3-197702857,S2-528170022,S3-481968201,S2-355739573
S1-366906832	S2-112727367,S2-720053732,S2-85797615,S3-172622687,S2-770554644,S3-194496318,S2-283294926,S2-614712353,S2-721817420,S2-780529349,S2-363587356,S2-817042901,S2-499770641,S2-383680098,S2-535838606,S3-240456710,S2-249996078,S2-490423138,S2-292168113,S2-647269928
S1-818450767	S3-743710190,S3-332522873,S2-83448593,S2-839694960,S3-131403033,S2-335170979,S2-908693537,S3-701932949,S3-115766859,S2-403418007,S3-803736817,S2-552883694,S2-939922394,S2-301624164,S3-858993467,S3-287688650,S2-573133851,S3-140796003,S2-331019931,S2-616761157
S1-495018313	S2-806851040,S3-135506825,S2-674209336,S2-106423551,S2-197464938,S2-904015317,S2-715372906,S2-168199407,S3-970292100,S2-549342482,S2-395064932,S2-515849177,S2-213553485,S3-938198158,S3-53455585,S2-872639366,S3-316485408,S3-675344876,S2-695126083,S2-832939343
S1-236219320	S3-763115174,S2-456586628,S2-424363454,S2-860991339,S2-324939935,S2-810307636,S3-549319622,S2-713423559,S2-81485417,S2-726690994,S3-274344384,S2-415263004,S2-564132556,S2-162287463,S2-69572194,S2-675268496,S2-558375263,S2-436086330,S3-755997081,S2-555171331
S1-735494336	S2-380942689,S2-287975641,S2-331245541,S2-471908494,S2-850008573,S3-62451506,S2-211440621,S2-963965386,S2-239483581,S2-447128543,S2-942161603,S2-462273663,S2-255481825,S2-417829075,S2-547792042,S2-224403530,S2-878138609,S2-776654441,S2-709459837,S2-693790115
S1-313486473	S2-333093305,S2-879489772,S2-738171740,S2-538421918,S2-924141566,S2-890018446,S2-558983286,S2-105387169,S3-222645673,S3-890649267,S2-300522798,S2-26842570,S2-582423247,S2-312132378,S3-782213286,S3-769609096,S3-441351749,S3-921962226,S2-911011070,S2-447410245
S1-874756885	S2-497867787,S2-288210922,S2-6184028,S2-438799394,S2-427637832,S2-148650459,S2-752448172,S2-7681780,S2-689324768,S2-212014903,S2-237595561,S2-167032048,S2-408142091,S2-754756083,S2-946385574,S2-153943542,S2-177361756,S2-416290690
S1-930629318	S2-315662023,S2-354301287,S2-574806841,S2-51381290,S2-205212006,S2-860883420,S2-354185554,S2-76329082,S2-581947198,S2-209852246,S2-315292448,S3-789335897,S2-410169937,S2-527715322,S2-610795977,S2-865353474,S2-611897530,S2-581034834,S2-319146596,S2-223061275
S1-211227284	S2-488852155,S3-632573516,S3-146475158,S3-981405082,S3-532749811,S3-982975259,S3-781552002,S2-622072090,S2-292635003,S2-55850035,S2-548988565,S2-500039664,S2-440606895,S2-884965915,S2-34938055,S2-785171808,S2-563102995,S2-33340549,S2-432907377,S2-521660658
S1-665203072	S2-225145222,S3-776377119,S2-416991638,S2-692558924,S2-813717799,S2-18349828,S2-160562240,S2-115346761,S2-507738788,S3-524508642,S2-455202780,S2-277140057,S2-819531786,S2-721274816,S2-948622820,S2-325041000,S2-886086664,S2-132538672,S2-561078154,S2-290678434
S1-990859962	S2-202597808,S2-217782556,S2-959240779,S2-218831327,S2-533725137,S2-144875203,S2-354227349,S2-432703925,S2-665759482,S2-914801820,S2-602211155,S2-258399239,S3-455413991,S2-887896515,S2-401258832,S2-137513586,S2-888098884,S2-923535670,S2-301092279,S2-464857649
S1-743413952	S2-540873442,S2-877819926,S2-861676942,S2-432911578,S2-112419183,S2-85859038,S2-329216613,S2-751258709,S2-203989370,S2-200454250,S2-874386388,S2-750281946,S2-510071180,S2-409544847,S2-270729822,S2-116991321,S2-796520235,S2-297765496,S2-444730270,S2-81752043
S1-288261457	S2-952048795,S2-520960374,S2-569858314,S2-56661707,S2-992982589,S2-317085446,S2-776343542,S2-453345644,S2-653968258,S2-695338306,S2-573138437,S2-51997921,S2-540278296,S2-221013219,S2-775040052,S2-926918998,S2-854781612,S2-149894235,S2-118635116,S2-863336897
S1-325772170	S3-808472306,S2-523029118,S3-153792671,S2-445020737
S1-584694385	S2-309661009,S2-375121570,S2-216457161,S2-653313904,S2-386251210,S2-176970922,S2-904624650,S3-809346351,S2-894832779,S2-533518168,S2-191752212,S2-649390536,S2-263143209,S2-634192203,S2-572758758,S2-532490279,S2-836151644,S2-877227532,S2-595998257,S2-998871728
S1-196930853	S2-349501090,S3-533584165
S1-383705289	S3-938493457,S2-436869419,S3-9001336,S3-15082697,S2-61720212,S2-32146718,S2-16202200,S3-400863220,S2-43949774,S2-303884005,S2-77888193,S2-942093379,S2-628637811,S2-838087601,S2-118173574,S2-521235429,S2-878784601,S2-405372420,S2-638243806,S2-266771446
S1-94503331	S3-51375091,S3-133802843,S2-405768245,S3-575116062,S2-923268193,S3-258591390,S2-946425868,S2-183339404,S2-779730057,S2-315050470,S2-893340526,S2-308020958,S2-999077015,S2-784012234,S2-738199726,S2-145542029,S2-364749668,S2-654547248,S2-87792564,S2-701336850
S1-647575013	S3-181729593,S3-319852854,S3-957649101,S2-973764863,S2-109000738,S3-810877019,S3-905522871,S2-85176760,S2-785461656,S3-275763319,S2-552429655,S2-376993389,S3-725227078,S2-130802054,S2-67563048,S2-688459905,S2-596726845,S3-970486283,S3-224440234,S2-290732841
S1-362900691	S2-794209313,S2-212602077,S2-600642685,S2-146884818,S2-421636458,S2-177229246,S2-516359419,S2-189837438,S2-418768085,S2-444882269,S2-397478587,S2-21338202,S2-366484546,S2-632697615,S2-875351198,S2-476392874,S2-649989417,S2-328584740,S2-213033311,S3-546275075
S1-743701929	S2-774637834,S2-527970077,S2-72383385,S2-148490891,S2-606306217,S2-322304149,S2-96089706,S2-634828867,S2-813362237,S2-55732651,S2-996605554,S2-267778262,S2-747592620,S2-339550008,S2-500548003,S2-697100071,S2-666086838,S2-976361945,S2-164055745,S2-878161099
S1-554606367	S2-199676050,S2-649431829,S2-518125347,S2-739067276,S2-537250486,S3-85025766,S3-318316754,S3-73499333,S3-862163100,S3-417839630,S2-842629570,S2-85286533,S2-822069582,S2-934266166,S3-509512253,S3-81352769,S3-705820721,S3-856753108,S3-693087059,S2-243107911
S1-72057324	S2-729093689,S2-506127179,S2-953093359,S2-62336652,S2-252413749,S3-419644262,S3-719586542,S3-334085564,S3-182176021,S2-991169643,S2-844973855,S2-685809526,S2-542026109,S2-633851702,S2-225985610,S2-196490431,S2-739762827,S2-509454134,S2-844761617,S2-257354588
S1-537057658	S2-649547010,S2-732852898,S2-634716396,S3-768460564,S3-59385368,S3-70710622,S3-727665185,S3-326382103
S1-863840933	S2-933810069,S2-852331599,S3-922523500,S3-867424668,S2-555526798,S2-495834219,S2-647674630,S2-309462111,S2-24361664,S2-651514010,S2-610281424,S2-625274052,S3-532123435,S2-57935008,S2-794712852,S2-562173842,S2-668965288,S2-530951278,S2-76233435,S2-942102762
S1-867937984	S3-692132736,S3-360816335,S3-871457115,S3-304796871,S2-982093493,S3-602994428,S2-950963993,S2-601797713,S2-229130806,S2-984127671,S2-405398303,S2-644856246,S2-891161623,S2-290275852,S2-586427498,S3-833635918,S2-891200541,S2-302520374,S2-656171839,S2-687266851
S1-517585252	S2-455807658,S2-26670865,S2-40028766,S2-558979224,S2-85104453,S2-217356641,S2-234543279,S2-1373687,S2-595760933,S2-64327670,S2-542243784,S2-286764156,S2-300365136,S2-893711220,S2-854056064,S2-167656868,S2-731286001,S2-280848144,S2-931658422,S2-738644708
S1-843460748	S3-360912298,S3-625557075,S2-650702964,S2-646160705,S2-217017619,S2-103035077,S2-330186251,S2-503628608,S2-591919918,S2-600277211,S2-488953155,S2-318817944,S2-289412437,S2-346986940,S2-464525268,S2-941776470,S2-81823387,S2-602350221,S2-811437997,S2-845859246
S1-495431862	S2-50645204,S3-699657460,S3-609799395,S2-461229266,S2-592720104,S2-395163678,S2-602205174,S2-613533652,S2-185929878,S2-419612855,S2-668678081,S2-752130731,S2-479523367,S2-538101355,S2-161281991,S2-981954166,S2-717040429,S2-207751047,S2-760402808,S2-941304151
S1-705520087	S3-627036674,S2-860328568,S3-484096978,S3-696022052,S3-612002393,S2-883407082,S3-30730667,S2-492213485,S2-76936735,S3-346303863,S2-819091733,S2-408493975,S2-968927208,S2-498490780,S2-421005986,S3-176937187,S2-452372339,S2-464707120,S2-902614037,S2-583812244
S1-629792731	S2-6067355,S2-207134386,S2-275738125,S2-624590032,S2-778536769,S2-128022509,S2-237568911,S2-363890911,S2-475534884,S2-316958626,S2-168738824,S2-959558657,S2-188359704,S2-487788208,S2-268798893,S2-513891323,S2-782777331,S2-299907625,S2-645893146,S2-7070107
S1-24190993	S2-458282451,S2-164398077,S2-809236260,S2-288771595,S2-722571254,S2-133111388,S2-801598897,S2-171400053,S2-211440621,S2-463636635,S2-708913564,S2-54635056,S3-592617087,S2-489942216,S3-384553783,S2-852048323,S3-455532027,S2-376287584,S2-931376604,S2-988819067
S1-962462371	S2-402758956,S2-722571254,S2-73818001,S2-236730713,S2-772184038,S2-185328661,S2-319794999,S2-212291583,S2-871650614,S2-984790670,S2-152412703,S3-505730324,S2-988819067,S2-479192671,S2-24920741,S2-99502048,S2-575952928,S2-372329444,S2-114682948,S2-797302766
S1-891460771	S3-813336390,S2-529730336,S2-546025887,S3-472952697,S2-940676758,S3-17686466,S2-735110517,S2-95164436,S3-227599614,S2-299890701,S2-280133735,S3-105066703,S2-536905354,S2-722950957,S2-988924022,S2-518582660,S2-619483487,S2-958385797,S2-839151681,S2-63354266
S1-631267110	S2-712444803,S2-72383385,S2-333636263,S2-357129666,S2-176042166,S2-793541265,S2-197902331,S2-813362237,S2-953741371,S2-48577227,S2-375803934,S2-996605554,S2-747592620,S2-34851702,S2-324127126,S2-878161099,S2-424416246,S2-654033745,S3-671848003,S2-224468283
S1-616328186	S3-349290189,S3-129875220,S2-560559587,S2-72383385,S2-481348216,S2-706337481,S2-813362237,S2-804820962,S2-855913278,S2-996605554,S2-267778262,S2-747592620,S2-339550008,S2-712903067,S3-128527595,S2-666086838,S2-385601176,S2-878161099,S2-827806132,S2-813382432
S1-989458781	S2-71950593,S2-872495995,S2-902784132,S2-90013057,S2-994453014,S2-336309350,S2-519786126,S2-866688333,S3-622681091,S3-535259710,S2-567185953,S2-630667770,S2-213595224,S2-118826145,S2-319956275,S2-334435537,S2-273597150,S2-375606533,S2-557459682,S2-583114929
S1-158427430	S2-230585443,S2-654277336,S3-51841915,S3-389042111,S2-187294386,S2-321187648,S2-509639871,S2-209890328,S3-766776300,S2-318525016,S2-480721329,S3-930970523,S2-571812433,S2-75376425,S3-988071170,S2-17333249,S3-653707245,S2-763720471,S2-519130884,S2-536626047
S1-943866501	S2-749248571,S2-701898263,S2-886551299,S2-879444671,S2-83477130,S2-117307554,S2-421911617,S2-135577711,S2-991143026,S2-492453581,S2-597437163,S2-455353810,S2-950209356,S2-687360896,S2-307897837,S2-927273047,S2-455443943,S2-807783587,S2-286844634,S2-271723193
S1-772390233	S3-798626112,S2-701557910,S2-762429583,S2-320456440,S2-590216056,S2-603490064,S2-940820936,S2-732751599,S2-916646905,S2-81728872,S2-519619840
S1-555104163	S2-575141626,S2-984469435,S2-233602264,S2-266651927,S2-133103140,S2-423386393,S2-893951695,S2-20334888,S2-905308667,S2-771810333,S3-330476512,S2-146060254,S3-383857982,S3-802420661,S2-483298571,S2-42037139,S2-23986351,S2-579124505,S2-851798808,S2-48567713
S1-634708855	S3-395941400,S2-173595529,S2-453583067,S2-482411157,S2-455651186,S2-475160887,S2-179836929,S2-16943696,S2-264383023,S2-713197111,S2-959503102,S2-518768099,S2-888418192,S2-94195475,S2-986265512,S2-572466388,S2-98226719,S2-808276409,S2-999479211,S2-48932717
S1-574838650	S2-492078874,S2-51215865,S2-502930865,S3-651466531,S2-152697745,S2-130905515,S2-724688244,S2-825947739,S2-775949920,S2-324040945,S2-100615832,S3-440638175,S2-724101442,S2-338781686,S3-478388739,S2-440049351,S3-781518752,S2-957111467,S3-661397913,S2-769872856
S1-454570944	S2-858133216,S2-994372745,S2-732436583,S2-844044055,S2-769471273,S2-485400546,S2-124945243,S2-301609216,S2-793295648,S2-873910921,S2-238140865,S3-366141450,S2-551665521,S2-625996612,S2-626870476,S2-428248168,S2-992972265,S2-770332876,S2-42894828,S2-628420968
S1-824705510	S2-656847334,S2-562931537,S2-795164721,S2-572916308,S2-589199179,S2-819246786,S2-447307505,S2-193109420,S2-470070625,S2-341238047,S2-27616304,S2-861676942,S2-678446093,S2-469277619,S2-819272360,S2-771030005,S2-267778262,S2-31967151,S2-697288765,S2-587558296
S1-353555145	S3-751401112,S3-818253629,S2-533164810,S2-898125457,S3-609683278,S2-140443637,S2-477020811,S3-497397630,S2-432240042,S2-83797762,S2-394605737,S3-865204287,S2-178618370,S2-695745966,S2-346799447,S2-684641621,S2-660092797,S2-464868308,S2-270121390,S2-334918697
S1-868191449	S2-818529232,S2-272531935,S3-845378151,S2-384092786,S2-575154651,S2-236828382,S2-547128719,S2-630481570,S2-423947522,S2-608018713,S2-609285335,S2-465452409,S2-269437791,S2-366028465,S2-502798331,S2-994175071,S2-260886679,S2-892508020,S2-438982857,S2-350021233
S1-207542087	S2-807144083,S2-535979550,S3-531588040,S2-992633704,S2-884343527,S2-238763998,S2-776747495,S2-406825956,S2-681465694,S2-560496840,S2-519510652,S2-288102033,S2-943804608,S2-152689379,S2-465307813,S2-447107260,S2-105956688,S2-448795288,S2-425950408,S2-101307806
S1-128224466	S2-862518405,S2-259719302,S2-623168128,S2-967207425,S2-195080962,S2-746149150,S2-304077032,S2-606427745,S2-508406343,S2-326049268,S2-317905480,S2-170291994,S2-216143303,S2-506920068,S3-564752930,S2-330007293,S2-370394181,S2-925342742,S2-312177955,S2-761736312
S1-437847715	S2-456191599,S3-469685468,S3-882805779,S2-33869519,S2-279753929,S2-894793221,S2-568178429,S2-401925291,S2-172268544,S2-525846070,S2-94163983,S2-336038346,S2-112884740,S2-298411848,S2-707112886,S2-25809159,S2-436616493,S2-887568493,S2-857469110,S2-275642126
S1-175897406	S2-566295925,S2-182901879,S2-860014231,S3-133935400,S3-907124277,S2-816932081,S2-543129417,S3-904765665,S2-94705321,S2-538789218,S3-385413210,S3-574399914,S2-397917723,S2-611745671,S2-56824583,S2-791702895,S2-883218202,S2-570967744,S2-820739949,S2-83790332
S1-836657851	S2-871109352,S2-937923016,S2-728371051,S2-661727705,S2-206942303,S2-944361732,S2-181072488,S2-568412624,S2-145051744,S2-390519213,S2-30697088,S2-905246419,S2-931055928,S2-589264755,S2-867179517,S2-240347919,S2-339930519,S2-246293975,S2-38433058,S2-888507374
S1-738388422	S2-504552156,S2-337989388,S2-975261490,S2-320903178,S2-994136191,S3-570191416,S2-569462925,S2-711953893,S2-840044255,S2-260203555,S2-146912830,S2-773378108,S3-396487136,S2-405257560,S2-678169097,S2-742429866,S2-480941522,S2-291597623,S2-451410,S2-255783676
S1-70730985	S3-133483091,S2-613020305,S2-484101616,S3-926481813,S3-954978400,S2-345680222,S2-211215668,S2-915172935,S2-37057153,S3-350641339,S2-563757873,S2-311846402,S2-878596187,S2-522775862,S2-498372063,S2-585609343,S2-868864141,S2-803657118,S2-205797188,S2-408281034
S1-913071720	S2-648182301,S3-272011668,S3-569500613,S3-703039415,S3-753943508,S3-348473200,S3-378611087,S2-151915894,S2-904174951,S2-94814951,S2-703739766,S3-744199845,S2-233671755,S2-604133103,S2-958344410,S3-390206103,S2-688035361,S2-176038710,S2-312253904,S2-897115183
S1-730858570	S2-384197131,S2-70082377,S2-805458061,S2-573593031,S2-186173441,S2-151857306,S2-456541478,S3-168028800,S3-686196854,S3-341628152,S3-576765814,S3-346774160,S2-260969368,S2-963996209,S2-963941282,S3-287870635,S2-313507532,S2-58755616,S2-981337362,S3-846560832
S1-890842089	S2-847650678,S2-734011922,S2-75112210,S2-612887689,S2-401961789,S2-743465644,S2-912639886,S3-306773453,S2-375851990,S2-176838702,S2-632181125,S2-538388472,S2-159388306,S3-531435230,S2-804555066,S2-794587340,S2-962831553,S2-143139153,S2-850407753,S3-242694950
S1-755841052	S2-760203786,S2-475454956,S2-872485553,S2-367868959,S2-140739785,S2-454334965,S2-216729707,S2-749873683,S2-999806067,S2-634949841,S2-742184651,S3-878203498,S2-398575685,S2-84421012,S2-376271594,S2-891029785,S2-239724128,S2-313444375,S2-96687083,S2-7807150
S1-62406587	S2-185652713,S2-310379686,S2-220609416,S2-990646843,S2-842724576,S2-668474084,S2-746794550,S2-603808643,S2-802796687,S2-935688144,S2-27616304,S2-41117403,S2-181758204,S2-211440621,S2-863768619,S2-379799512,S2-267778262,S2-26128822,S2-489902969,S2-720811026
S1-945599294	S2-229277207,S3-426397248,S2-546313654,S2-496714817,S2-852162253,S2-512780859,S2-432254934,S2-773124953,S2-823173871,S3-448664476,S2-915942787,S2-418701297,S2-568239683,S2-329918243,S2-119867352,S2-466516593,S2-866541353,S3-950250788,S2-887967427,S2-9383826
S1-282690027	S2-290481152,S2-522330910,S2-733379415,S2-171400053,S2-817026751,S2-871919463,S2-151772630,S2-860947028,S2-36553172,S2-667998932,S2-451247253,S2-527146506,S2-510635651,S2-926635573,S2-420242391,S2-591052054,S2-844918657,S2-271026461,S2-521682474,S2-547792042
S1-119471339	S2-577954883,S2-590537821,S2-251919698,S2-539051909,S2-882795238,S2-473069981,S2-613415193,S2-678316349,S2-911674605,S2-115456826,S2-283928898,S2-219946912,S2-229671338,S2-478783647,S2-653295204,S2-334362275,S2-796111000,S2-688331948,S2-930448017,S2-666399968
S1-612238175	S2-989575182,S2-667406730,S2-279185766,S2-636832333,S3-500620762,S2-60019792,S2-165635617,S2-609161131,S3-681384149,S2-661096420,S2-750142317,S2-198586966,S2-159858540,S2-480614655,S2-186917321,S2-991713864,S2-38385559,S3-453967945,S3-898087109,S3-465165094
S1-507700514	S2-901232672,S2-287050533,S2-482565431,S2-545358484,S2-229285891,S2-366384251,S2-532473767,S2-990990563,S2-294514375,S2-603749107,S2-436593103,S2-609259719,S2-30453917,S2-347779215,S2-353160826,S2-39658122,S2-267781431,S2-826460648,S2-718068934,S2-436394470
S1-507057032	S2-10977605,S2-164639923,S3-997297456,S3-835062175,S2-503758067,S2-753761243,S3-747094452,S2-766513928,S2-680454844,S2-766861791,S2-56574012,S2-468028445,S3-830076849,S3-775108252,S2-316146755,S2-874067838,S2-142846071,S2-692511463,S2-878954305,S3-779931927
S1-290658366	S2-505283135,S2-165543368,S2-409385816,S2-200233789,S2-586024341,S2-715467847,S2-857761922,S2-2576456,S2-591289470,S2-231203966,S2-278977410,S2-153065680,S2-21308091,S2-647731155,S2-487955490,S2-134331128,S2-245372951,S2-751319489,S2-550764789,S2-653114172
S1-521891133	S2-372536821,S3-278534575,S2-861316820,S2-622087223,S2-246518795,S2-27631624,S2-203893368,S2-384239968,S2-692741375,S2-623828857,S2-716104927,S2-116286309,S2-250104093,S2-129076949,S2-526685373,S3-312553785,S2-878880862,S2-325250171,S2-685650633,S2-192711351
S1-49325121	S2-532542267,S2-258418177,S2-219981119,S2-460679640,S2-43219813,S2-516991087,S2-978482007,S2-735384158,S2-229910971,S2-797867961,S2-823967608,S2-380476108,S2-994425516,S2-36336444,S2-473635385,S2-314904428,S2-278515630,S3-245934286,S2-534686021,S2-504659549
S1-169797977	S2-632756038,S2-16102941,S2-864333163,S2-782960760,S2-405395037,S2-970399515,S2-89157347,S2-154310674,S2-47743821,S2-869809209,S2-176197085,S2-527470902,S2-306558185,S2-180038761,S2-781549598,S2-755637457,S2-209421189,S2-667220085,S2-385809334,S2-492113139
S1-44516836	S2-656847334,S2-562931537,S2-357109787,S2-722571254,S2-819246786,S2-171400053,S2-678446093,S2-622616547,S2-672153609,S2-988819067,S2-706271348,S2-93818491,S2-677475250,S3-695233102,S2-23318984,S2-998993600,S2-597052962,S2-902059655,S2-623816693,S2-163657158
S1-27176967	S2-234035111,S2-363076654,S2-265876489,S2-892306725,S3-492408727,S2-524457340,S2-588630705,S2-801383509,S2-849769418,S2-792961485,S2-54710850,S3-850022561,S3-844077437,S3-238761259,S3-217036933,S3-377662647,S3-790153887,S2-826883127,S2-883200496,S2-615341335
S1-428409415	S2-467703284,S2-770889353,S2-821985737,S2-148460198,S2-527827235,S2-253725519,S2-278603394,S2-774132488,S2-162238618,S2-157028848,S2-873740780,S2-492790097,S2-78955436,S2-131144759,S2-197540951,S2-200573770,S2-508735133,S2-992949798,S2-594037068,S2-585623389
S1-583030458	S3-136307579,S2-959752907,S2-947394467,S2-854485592,S2-65499701,S3-489814347,S2-89110842,S2-226943288,S3-611738306,S3-346238571,S3-470050910,S2-543353804,S3-544809396,S2-222397521,S2-58801493,S2-877172372,S2-127773320,S2-645675296,S3-594658489,S2-949524838
S1-659886446	S2-488627753,S2-125932148,S2-760284816,S2-539893107,S2-198452244,S3-814092370,S2-820610963,S2-151447682,S2-930389499,S2-507936485,S2-471871824,S2-379238251,S2-122123014,S2-31054633,S2-286048271,S2-102398860,S2-856861738,S2-846832730,S2-201814167,S2-709089512
S1-330401139	S2-196677657,S2-37169678,S2-696191767,S2-192621891,S2-561700565,S2-620022523,S2-521583861,S2-117421504,S2-804016810,S2-988592945,S2-206957287,S2-578453982,S2-977778726,S2-817497203,S2-385512052,S2-232855520,S2-713272376,S2-888360162,S2-259406265,S2-844478064
S1-928776546	S2-949408933,S3-862685414,S3-134187264,S3-890793020,S2-949285368,S2-390351879,S2-95479569,S2-741717165,S3-683507785,S2-424913137,S3-50135345,S2-933236756,S2-876311360,S3-783580658,S3-987536510,S2-451450115,S3-400728929,S3-418537090,S2-791063559,S3-980766999
S1-79493353	S3-214056028,S3-29380848,S2-586880684,S2-132199628,S2-674117317,S2-489491029,S2-765582103,S2-848132465,S2-421325717,S3-716354643,S2-254241439,S2-821070260,S2-257731188,S2-931532240,S2-430167969,S2-843372369,S2-220994320,S2-640274218,S2-380799404,S2-849967748
S1-598644426	S2-345648173,S2-625809454,S2-759584617,S2-537163793,S2-164642099,S2-242270071,S2-375925915,S2-272875506,S2-439135503,S2-724965798,S2-744038958,S2-963130602,S2-147192626,S2-13514170,S2-30672853,S2-285918910,S2-729602840,S2-285681710,S2-813929053,S2-936105871
S1-491672580	S2-292268375,S2-296083713,S3-819427724,S2-455121762,S3-956650867
S1-527616111	S2-575491460,S2-591343801,S2-260263864,S2-473042823,S2-955257465,S2-282451545,S2-195176576,S2-413332378,S2-174665922,S2-564770659,S2-610456074,S2-160882963,S2-94043851,S2-700570858,S2-210342822,S2-112675205,S2-31048772,S2-766422874,S2-473511335,S2-15002060
S1-269743554	S2-761144493,S2-566962409,S2-583450972,S2-238215129,S2-153134004,S2-443385015,S2-717767858,S2-27589490,S2-418356309,S2-186481444,S2-128720916,S2-156928982,S2-378177803,S2-27875579,S2-871343207,S2-997550756,S2-154504936,S2-370780470,S2-916935907,S2-609523647
S1-737563674	S3-593148734,S3-293745052,S2-317728270,S2-807872759,S2-644357603,S2-93065526,S2-552965145,S2-424940475,S2-643510528,S2-113558231,S2-973292905,S2-175161524,S2-964031257,S2-833466969,S2-228408454,S2-298151050,S3-505561401,S2-302810470,S2-352594067,S2-352184844
S1-662097139	S2-459812152,S2-871005272,S2-621943788,S2-567005056,S2-641867710,S2-263069284,S2-145744145,S2-263434387,S2-226568459,S2-598698683,S2-160739863,S3-616106258,S2-56354930,S2-985262675,S2-2366485,S2-766079823,S3-496694207,S2-215217934,S2-712928583,S2-754579364
S1-76227211	S2-963666454,S2-566842378,S2-914212688,S2-218141366,S2-653988897,S2-759414271,S2-625794297,S2-778366842,S2-521619432,S2-587114067,S2-548502007,S2-894301935,S2-169846623,S2-852267745,S3-631628736,S2-789340477,S2-535280929,S2-240496720,S2-109513342,S2-803708643
S1-754443232	S2-625956858,S3-917978977,S3-210239462,S3-778874343,S2-142605052,S2-45257674,S2-273535500,S3-147406120,S2-247875639,S2-629989648,S3-947730178,S2-537594529,S3-615492964,S2-247910793,S2-412804370,S2-948063885,S3-242685810,S2-597242283,S2-673806901,S2-233283535
S1-541847553	S2-12528336,S2-28995541,S3-703629333,S2-352905347,S2-266256547,S3-464125372,S2-599119793,S2-262949343,S2-16969709,S2-99615722,S3-917791537,S2-430328527,S2-524766710,S2-932245028,S2-475230603,S2-61247706,S2-783210543,S2-628352590,S2-109785175,S2-190268833
S1-811085440	S2-414128,S2-19691839,S2-129989106,S3-526372417,S2-880437793,S2-730880040,S3-524264093,S2-975562446,S2-737022317,S2-277014702,S2-417602884,S3-935203463,S3-192140881,S2-167915435,S2-592728542,S2-526640292,S2-786606842,S2-90313231,S2-505979840,S2-131962358
S1-398462363	S2-210550227,S2-711313605,S2-497867787,S2-217253556,S2-361128158,S2-606500974,S2-176481218,S2-241352407,S2-178720612,S2-283341212,S2-430361587,S2-347555508,S2-377032895,S2-399231936,S2-995357471,S2-668331937,S2-12519005,S2-783510901,S2-963557416,S2-255991417
S1-310166751	S2-561353485,S2-164573647,S3-784587399,S2-539362317,S3-924752070,S2-200402750,S2-685713058,S2-434987856
S1-258544368	S2-43923702,S2-270521088,S2-827496675,S2-255462901,S2-69120574,S2-419464022,S2-807777671,S2-21994381,S2-111945316,S2-216508906,S2-475951531,S3-315188557,S2-192376844,S2-157378433,S2-570700586,S2-59751310,S2-739109181,S2-510009759,S2-845840575,S2-357683353
S1-29704874	S3-105268408,S2-409978606,S2-78873274,S2-955319197,S3-423471817
S1-71390708	S2-672903893,S3-942198158,S2-121933134,S2-148916857,S2-171400053,S2-255462901,S2-354921830,S2-615951272,S2-484483494,S2-918065313,S2-159596368,S2-476489487,S2-377381536,S2-403756461,S2-474976210,S3-89477644,S2-56916752,S3-87153800,S2-767997013,S2-119365974
S1-522847261	S2-5242686,S2-629167842,S2-455215748,S2-571866968,S2-476190401,S2-70482492,S2-403516691,S2-453555810,S2-663396936,S2-928438221,S2-611405503,S2-305017161,S2-434953632,S2-63432504,S2-933378460,S2-338143439,S2-394018755,S2-379596474,S2-498972905,S2-917221150
S1-209560741	S3-667600650,S2-905469738,S3-493137593,S2-718024178,S2-498590652,S3-946912751,S3-441233588,S2-174469372,S2-467711952,S3-59192544,S2-933365108,S2-563421950,S2-210467532,S3-932329519,S2-869366912,S3-409620067,S2-962736537,S2-268030271,S2-744069711,S2-591799003
S1-76891238	S2-215541922,S2-754417752,S3-201622887,S3-887998003,S3-648815131,S2-105092014,S2-515497220,S2-718958054,S2-490465449,S3-775243169,S3-228367348,S3-170493664
S1-803723987	S3-780365732
S1-469837394	S2-130564125,S2-669957975,S2-544579639,S2-92735942,S2-257518526,S2-169059651,S2-497873642,S2-674965008,S2-150905818,S2-51130258,S2-518082352,S2-581088557,S2-521822251,S2-361738937,S2-173032359,S3-216764475,S2-710278078,S2-729241220,S2-706201691,S2-241678578
S1-262724894	S2-650046149,S2-755232935,S2-61016242,S2-597898011,S2-287808119,S2-385663824,S2-721145667,S2-962259838,S2-664792580,S2-476393460,S3-351779216,S2-25450988,S3-913294189,S2-647679808,S3-687023304,S3-646217685,S2-698087500,S2-284222439,S2-944192393,S2-642970066
S1-789310261	S2-412160272,S2-87926059,S2-551094231,S2-752468666,S2-651570866,S2-143731890,S3-779913485,S2-503459509,S2-166176213,S2-403917946,S2-456333522,S2-591260022,S2-949020591,S2-336400590,S2-663331997,S2-993644872,S2-658006490,S2-18425732,S2-871385323,S2-859423933
S1-476233101	S2-63738457,S2-358255758,S2-356536744,S2-937573489,S2-377336911,S2-969045378,S2-515784591,S2-73078735,S2-937041546,S2-983184913,S2-282715976,S3-958503323,S2-536820144,S2-762846066,S2-429666102,S2-376159446,S2-101723682,S2-834638091,S3-761482965,S2-391955461
S1-156259591	S2-80238119,S2-226601254,S2-417295850,S2-942595644,S2-41587982,S3-34939061,S2-464907254,S2-44659680,S3-520219062,S2-739429682,S2-561802812,S2-71454676,S2-334310127,S2-390486831,S2-811933991,S2-212157257,S2-312481065,S2-191007343,S2-484832900,S2-898166374
S1-148192848	S2-944535843,S3-479167307,S3-439668067,S3-394703332,S2-845720969,S2-917266083,S2-326541093,S3-751198023,S2-763995927,S2-600780043,S2-727890777,S2-509252079,S2-549782167,S2-480721329,S2-621631446,S2-882265306,S2-309694676,S2-50695260,S2-139736981,S2-852194334
S1-253986339	S2-53886766,S2-850096943,S2-708614396,S2-195946733,S2-437037931,S2-337127784,S2-285666564,S2-832560806,S2-530243272,S2-991135301,S2-128048117,S2-224102682,S2-339185676,S2-331966949,S2-66755605,S2-811708973,S2-445867616,S2-411014006,S2-646018702,S2-405084080
S1-613788308	S2-395796500,S2-684632461,S3-131048553,S2-275952656,S2-483496888,S3-885567369,S2-999415601,S3-633076272,S2-909855848,S2-156737117,S3-820695897,S2-427598388,S3-107506072,S2-841691668,S2-44220686,S3-506421743,S2-599936077,S2-428158066,S3-176143160,S3-32778144
S1-46734148	S3-720043401,S3-289971731,S2-895510434,S2-472612726,S2-777897244,S3-740543510,S3-626586492,S2-964073973,S2-341753840,S2-994541709,S2-908758991,S2-167084626,S2-231875101,S2-965184528,S2-718518783,S2-642249411,S2-886148036,S2-817787613,S2-407004221,S2-800301744
S1-925888590	S3-172656528,S2-460002560,S2-604133103,S2-958344410,S2-688035361,S2-904174951,S2-357520548,S2-139180803,S2-668524251,S3-127461742,S2-288710880,S2-39887920,S2-277945700,S2-94814951,S2-703739766,S2-473697759,S2-533939583,S2-832973234,S2-900283237,S2-241033694
S1-384391959	S2-283467012,S2-935118781,S3-873839936,S3-152570382,S2-442962909,S2-884282794,S3-712848899
S1-733058423	S2-523636163,S2-790564192,S2-754632405,S2-476641125,S2-370487187,S2-30130621,S2-304804455,S2-134105528,S2-424519167,S2-901649589,S2-39494701,S2-542493514,S2-505701429,S2-605934510,S2-687110299,S2-653592770,S2-291362588,S2-147739441,S2-955389831,S2-305321799
S1-335922295	S2-688289355,S2-17535232,S2-933575879,S2-268496728,S2-856697138,S2-674035742,S2-788697479,S2-329485159,S2-372030928,S2-725214956,S2-902130485,S2-889698102,S2-65732994,S2-595207507,S2-146955631,S2-225180444,S2-753712268,S2-362810328,S2-831822453,S2-379837132
S1-62369497	S3-513196593,S3-684905805,S3-898339505,S2-36710060,S3-165985482,S2-296847379,S3-719403607,S3-908565647,S3-944741345,S3-707590059,S3-693382076,S2-807269520,S2-673563627,S3-203630460,S2-133508855,S2-485045836,S3-277755436,S2-640261495,S2-211664970,S3-390034574
S1-472029773	S2-178621190,S2-609172374,S2-413226171,S2-48941967,S2-211380449,S2-91350829,S2-233140637,S2-615023296,S2-374153537,S2-871839343,S2-249731743,S2-771445530,S2-564448528,S2-525667544,S2-965520542,S2-910306637,S2-610209232,S2-126209019,S2-127052168,S2-686293792
S1-379378394	S2-901543914,S2-292493670,S2-330496101,S2-652579100,S2-420765801,S2-19473924,S2-856806234,S2-667085178,S2-429953541,S2-850993035,S2-317812739,S2-853354253,S2-12991459,S2-7208478,S2-353206092,S2-140991130,S2-293543742,S2-557428590,S2-304254754,S2-205275783
S1-802501899	S3-514315894,S3-817109450,S3-693626189,S3-975271836,S2-441929881,S2-826869350,S2-508658926,S2-808218764,S3-412622440,S3-239134486,S3-382204683,S2-403801604,S3-256922299,S2-228968262,S3-867472775,S3-213536069,S2-37278540,S3-372049636,S2-763911197,S2-29151453
S1-404958214	S2-249830141,S2-808016137,S2-472041101,S2-240282350,S2-353649571,S2-822061777,S2-826426210,S2-409719011,S2-758979300,S2-148155807,S2-951430215,S2-449948033,S2-214480066,S2-480247070,S2-662305405,S2-243741620,S2-917821136,S2-126907213,S2-181366269,S2-166702513
S1-134964502	S2-933557091,S3-705315306,S2-916963820,S2-472723254,S2-349687525,S2-410957572,S2-843705605,S2-511536852,S2-768146443,S3-859699763,S2-108829296,S2-748270928,S2-265218009,S2-532303055,S2-493803930,S2-56620170,S2-233622641,S2-517957709,S2-167742500,S2-78605484
S1-903680191	S2-863434419,S2-208976155,S2-457510326,S2-995871321,S2-477102854,S2-575963641,S2-882548317,S2-790291737,S2-86529937,S2-278055453,S2-291473110,S2-610439446,S2-762012049,S2-594683682,S2-177712117,S2-576567594,S2-1658297,S2-938514183,S2-221756390,S2-194289922
S1-746205301	S2-440886445,S3-36355722,S2-681678698,S2-545381676,S2-143153794,S2-766847644,S2-827073273,S2-35818556,S2-671224799,S2-412238683,S2-749960779,S3-302863361,S2-12088051,S2-808238050,S3-223967017,S2-799888599,S3-465091667,S2-328573795,S2-459476618,S3-601099764
S1-356330116	S2-72972055,S3-122480355,S2-39764213,S2-116640202,S3-302197729,S3-846763283,S2-343639556,S2-315161163,S2-295894084,S3-153027663,S2-606485464,S3-645169225,S2-32300971,S3-421960017,S2-764778791,S2-85242474,S2-366769977,S2-136356543
S1-897438771	S2-669139066,S3-443560965,S3-941488547,S2-724366993,S2-26248306,S2-977508739,S2-203322947,S2-302703599,S2-976648050,S2-36084342,S2-511259891,S2-994271738,S2-938741025,S2-952189668,S2-986370054,S2-253024458,S3-387098251,S2-957652878,S2-900133421,S2-548269478
S1-216853138	S2-522361066,S2-807937509,S2-369679397,S2-175296466,S2-207782158,S3-929686998,S2-372420557,S2-765821582,S2-581124456,S2-767712294,S2-18327066,S2-496671461,S2-109082474,S2-598386903,S3-145868515,S2-521609812,S2-849926235,S2-365168168,S2-729839334,S2-324024746
S1-21010276	S2-317389355,S2-399870204,S3-315630500,S2-739022923,S2-802421591,S3-571070008,S2-893354776,S2-975127638,S2-718111580,S2-657008708,S3-581963510,S2-96129324,S2-399451518,S2-296111658,S2-776940751,S2-742613673,S2-672478590,S2-553796874,S2-678729977,S3-498339561
S1-411150863	S2-932357171,S3-294478014,S2-767635643,S2-941918347,S2-950869462,S2-121847250,S2-34485662,S2-800544177,S2-913565474,S2-606953014,S3-538767431,S2-141594120,S2-438469257,S2-772758677,S2-796210676,S2-338730914,S2-476994097,S2-175332509,S2-830641149,S2-609795005
S1-721904625	S2-602203950,S3-306174461,S2-660034848,S3-294514310,S3-446580499,S2-249723219,S3-445122219,S3-583223212,S2-276155001,S2-605664528,S2-788771036,S2-318277091,S2-227713139,S3-483709423,S2-102153410,S3-87453360,S2-269261571,S3-3665006,S2-552854457,S3-116952865
S1-500842861	S2-165832939,S2-575156324,S2-381031287,S2-920347050,S2-357495719,S2-825587114,S3-714218896,S2-989933804,S2-151151024,S3-908726520,S2-753730262,S2-428916916,S2-99409382,S2-329945981,S3-91849688,S2-121569158,S2-921127477,S3-843451106,S2-855704511,S2-617964205
S1-519840188	S2-78013127,S2-855290619,S2-917577467,S2-432587340,S2-940712633,S3-601734349,S2-222011827,S2-819634156,S2-71019904,S2-86519011,S2-765945628,S3-277784101,S2-765889331,S2-118253664,S2-60461390,S2-539814595,S2-349310921,S3-533542867,S2-781648375,S2-965244588
S1-371172270	S2-935306094,S2-292587641,S2-577600897,S2-71932388,S2-363396678,S2-322137183,S2-624222622,S2-60521590,S2-119614283,S2-231619971,S2-660279390,S2-755267755,S2-201805072,S2-851076136,S2-473540190,S2-598332687,S2-101482453,S2-429891816,S2-20769730,S2-259282383
S1-146269669	S2-307200901,S2-114677887,S2-425425835,S2-232180026,S2-311730117,S2-431537333,S2-890611356,S2-118970073,S2-64398640,S2-957306151,S2-966158096,S2-697561845,S2-623024653,S2-251301115,S2-151840990,S2-108101905,S2-819478181,S2-361102683,S2-691466757,S2-739430897
S1-640903890	S2-862948988,S2-320705190,S3-136131916,S2-809866423,S2-28830133,S2-31794127,S2-590248359,S3-11332744,S3-523334385,S2-467317856,S3-325091276,S2-34414981,S2-827198453,S2-576814917,S3-216827181,S2-37862907,S3-656715518,S2-949243075,S2-339136780,S3-998406035
S1-579513223	S2-256410627,S3-391514588,S3-968649351,S3-504433693,S3-253360312,S2-248948063,S2-777238016,S2-420168546,S2-169279239,S2-888931002,S2-68028539,S2-349060901,S2-128407897,S2-325886548,S3-295841023,S2-339865190,S2-630344820,S2-470839532,S3-521305147,S2-410321480
S1-834059246	S3-65458359,S2-861144104,S3-709501927,S2-479404224,S2-924952598,S2-685013632,S3-256059096,S2-966396372,S2-545876540,S2-508607883,S3-793289301,S2-139633705,S2-758628205,S2-675046762,S2-955341430,S2-955523,S2-229635846,S2-916681637,S2-491710894,S2-156443496
S1-543738021	S2-257297314,S2-920867275,S2-843538840,S2-914456786,S2-212758684,S2-828281664,S2-697053536,S2-304803933,S2-919367866,S2-638397100,S2-950521240,S2-302624372,S2-602047306,S2-849184412,S3-450549578,S2-700504961,S2-609837998,S2-827100365,S2-691501256,S2-990038368
S1-464735932	S2-803194809,S2-220610151,S2-243479558,S2-514932765,S2-662521443,S2-678446093,S2-849829740,S2-686933101,S2-459162881,S2-187125528,S2-860569191,S2-965645245,S2-770058821,S2-305389483,S2-759321649,S2-637441749,S2-468067303,S2-270099602,S2-480991066,S2-343804442
S1-720494821	S2-581681344,S3-651768916,S2-630563695,S2-948335176,S2-565965642,S2-821558908,S2-941663833,S2-964898890,S2-876164038,S2-558010821,S2-527571896,S2-945854843,S2-193405578,S2-192377636,S2-542568485,S2-416482162,S2-739449822,S2-843448421,S2-67403417,S2-65131965
S1-614166527	S2-865528048,S2-934876238,S2-569193456,S2-647145822,S2-910566204,S2-150843701,S2-416284159,S2-694634387,S2-479192671,S2-222833745,S2-718797590,S2-671366912,S2-220790601,S2-125283533,S2-288138359,S2-784676924,S2-171835516,S2-259406265,S2-162256262,S2-947945521
S1-330425761	S2-314093282,S2-182040116,S2-680390565,S2-363953555,S2-900169821,S2-675366569,S2-747592620,S2-11993054,S2-860947028,S2-178843096,S2-672458933,S2-795080120,S2-739997154,S2-657406768,S2-257362411,S2-920912982,S2-725361973,S2-599328437,S2-555109544,S2-382659433
S1-636382711	S2-322329289,S2-333896199,S2-883589976,S2-862243450,S2-639397586,S2-797537720,S2-126165442,S2-539933445,S2-933431234,S2-507658773,S2-236675284,S2-227862079,S2-442534925,S2-292932378,S2-524376855,S2-393394038,S2-191316507,S2-503115218,S2-303169179,S2-618092449
S1-845582955	S2-191571799,S2-637434303,S2-878080964,S2-356508120,S2-880993283,S2-522160593,S2-288769131,S2-911158633,S2-40319271,S2-772024716,S2-370355888,S2-673035334,S2-655529315,S2-203763422,S2-520811833,S2-933273941,S2-239506012,S2-194364466,S2-262628910,S2-179988520
S1-864813407	S2-81286561,S2-113811416,S2-992006406,S2-583374327,S2-575064638,S2-537111308,S2-132674302,S2-261721339,S2-334451552,S2-873674824,S2-796129566,S2-114484353,S2-872780930,S2-447865452,S2-636578726,S2-667707540,S2-682662242,S2-11131798,S2-413316964,S2-972390926
S1-226835563	S2-323801779,S2-368586257,S2-178179376,S3-768906842,S2-381733783,S3-770186621,S2-48946611,S3-520520580,S2-379322316,S2-66235723,S2-558801179,S2-588265845,S2-768839106,S2-607860468,S3-148537174,S2-278757374,S2-268060097,S2-39689267,S3-350772408,S3-906491196
S1-593083174	S2-1028293,S2-964998414,S2-531840309,S2-847885728,S2-301609376,S2-671245360,S2-373268228,S2-265692575,S2-633864452,S2-529934846,S2-210879384,S2-55804991,S2-906187140,S2-518370271,S2-108323789,S2-850929163,S2-289121467,S2-962902509,S2-395171961,S2-634391688
S1-265308634	S2-63117139,S2-827496675,S2-255462901,S2-419464022,S2-807777671,S2-700776216,S2-802063836,S2-860796349,S2-195098398,S2-17396079,S2-914544763,S2-971092647,S2-450374429,S2-803107780,S2-273301211,S2-186208794,S2-184735221,S2-479708210,S2-82758021,S2-837145800
S1-342524902	S2-348025364,S2-61941537,S2-603469151,S2-920145375,S2-32957720,S2-844929440,S2-400097554,S3-447743154,S3-468186160,S3-598083505,S3-820200531,S3-540287432,S3-792079804,S2-670767033,S2-461390208,S2-171379851,S2-344097525,S3-123101660,S2-208204292,S2-862438356
S1-313657958	S3-653532815,S2-622035128,S2-842767571,S2-366456594,S2-788912824,S2-904216920,S2-343293323,S2-500517366,S2-7170490,S2-226660260,S2-355823991,S2-574403342,S2-743713486,S2-554084093,S2-731981438,S2-395496922,S2-872467582,S2-992024618,S2-256116058,S3-729257160
S1-761368811	S2-481324065,S3-41638112,S2-129207262,S2-782474130,S2-919023031,S2-921749475,S3-280714558,S3-390959056,S2-831669387,S3-297792134,S3-883242910,S3-448583019,S2-987074667,S2-966218952,S2-464726955,S3-805227364,S2-945532055,S2-704219023,S2-682964084,S2-9011326
S1-370040082	S2-162166376,S2-138856229,S2-901737483,S2-188307865,S2-225002831,S2-802575292,S2-748835471,S2-837631808,S2-447245627,S2-232335982,S2-718462512,S2-76087331,S2-657676091,S2-754605180,S2-107056683,S2-891262992,S2-889579121,S2-874682130,S2-487377978,S2-237059279
S1-30674002	S2-765119164,S2-971567084,S3-705715491,S2-530812786,S2-231575030,S2-804411273,S2-299342727,S2-675154033
S1-184326040	S2-536962627,S2-603925132,S2-295461241,S3-659093964,S2-339458076,S2-26174880,S2-580489913,S2-709317804,S3-26913471,S3-535398546,S3-528076921,S2-244844187,S2-752879073,S2-745643503,S2-6762897,S3-158625087,S2-436610455,S2-356295912,S3-884394694,S2-206286336
S1-752875458	S3-406764133,S2-998093186,S2-325740613,S2-555845394,S2-139103688,S2-162426646,S2-877017080,S2-6972990,S2-549308827,S2-843683668,S2-341076898,S2-777961677
S1-749190987	S2-749314281,S2-83797713,S2-157994429,S2-112568195,S2-768843204,S2-315482527,S2-343895321,S2-550165224,S2-274562917,S3-995036409,S2-906667378,S2-255163418,S2-456950657,S2-567645990,S2-714756349,S2-592050762,S3-440754821,S2-231171275,S3-17471447,S2-973260206
S1-303885393	S3-97491013,S3-549707202,S3-427826276,S3-108952736,S2-569965890,S3-199774386,S3-267881212,S2-72424740,S2-484722369,S2-934765792,S3-630291944,S2-959173796,S2-150094027,S2-949018815,S2-395388137,S3-336437438,S3-416221157,S3-460328956,S2-639970776,S2-183842442
S1-524471698	S2-146176739,S2-972024706,S2-442024187,S2-629124523,S2-151772630,S2-407706133,S2-152703063,S2-798799020,S2-428668423,S2-613359628,S2-843138087,S2-40068173,S2-521682474,S2-515366288,S2-547792042,S2-165338809,S2-173292909,S2-872715255,S2-782765375,S2-262925857
S1-81401869	S2-244537157,S2-356293003,S2-267778262,S2-992826753,S2-85506947,S2-935137737,S2-938808823,S2-511490226,S2-647232354,S2-9278111,S2-14924951,S2-386204222,S2-374549999,S2-891097199,S2-823878285,S2-433321114,S2-709829962,S2-960965773,S2-631563082,S2-938845361
S1-600924899	S2-867451612,S2-39385134,S2-220790601,S2-660347536,S2-344775815,S3-207985396,S3-904755528,S3-803972049,S3-68634400,S3-196097972,S3-249746680,S2-642055950,S2-782715427,S2-745933210,S3-337189572,S2-370996536,S2-440244489,S2-566290969,S2-671491628,S2-564535119
S1-223740121	S2-658492644,S2-287934344,S2-32330460,S2-235490714,S2-528960693,S2-333741086,S2-890194693,S2-688565518,S2-836348116,S2-187574411,S2-275672522,S2-645191485,S2-961160173,S2-391512964,S2-716089288,S2-491373294,S2-161306999,S2-374808942,S2-435059689,S3-98094500
S1-497450389	S2-683837151,S2-49688637,S2-165918364,S2-265976024,S2-943558215,S2-749375054,S2-377530014,S2-932168048,S2-293586179,S2-427057637,S2-112258481,S2-699676943,S2-923439351,S2-915890938,S2-731028620,S2-927430125,S2-18767731,S2-899692927,S2-348048699,S2-911495155
S1-951404426	S2-873583062,S2-36340782,S2-192432730,S2-956436580,S2-544130372,S2-825868262,S2-567943745,S2-827906546,S2-539243353,S2-413988994,S2-244698332,S2-277845430,S2-406698616,S2-990833084,S2-436498967,S2-914931785,S2-986536303,S2-889702512,S2-893830008,S2-892715501
S1-677361364	S2-632168180,S2-710649780,S3-736375050,S2-712020249,S2-964553535,S2-822285117,S3-446152020,S3-521353268,S2-352025134,S2-950460927,S3-683640458,S3-927759652,S3-656438010,S3-705172606,S2-248218291,S3-753353268,S2-374323797,S2-286850939,S2-655009477,S2-580049999
S1-438605996	S2-752119897,S2-680713390,S2-274254721,S2-831824279,S2-676948304,S2-856894465,S2-551178826,S2-917609381,S2-456537002,S2-766717581,S2-401053896,S2-958339716,S2-376191131,S2-780966594,S2-363588027,S2-414380830,S2-331494200,S2-6612241,S2-820747964,S2-372638290
S1-669877826	S3-106777235,S2-155305184,S2-181282338,S2-665317399,S2-130493912,S2-256255969,S2-411829195,S2-229688709,S2-853566241,S2-829237356,S2-671344501,S2-261250925,S2-372067364,S2-548668848,S2-959809538,S2-674855082,S2-335481473,S2-561851707,S2-760877141,S2-59803604
S1-293244964	S2-224307737,S3-512396101,S3-5315828,S2-910771698,S2-955309719,S3-234386463,S2-511958310,S3-774999233,S3-276649806,S2-146151467,S2-859816862,S3-45798850,S2-956082207,S3-708844335,S3-228236798,S3-395828916,S2-101311390,S3-257024697,S3-164396834,S3-678702142
S1-872080679	S2-86933812,S2-210897207,S2-166426356,S2-298363028,S2-55546180,S2-852720662,S2-322564584,S2-504115068,S2-993619425,S2-505716165,S2-958935615,S2-841383915,S2-599554394,S2-373346765,S2-671027938,S2-812381311,S3-335660831,S2-976842704,S3-406677405,S3-229362725
S1-578655170	S2-581681344,S2-30704543,S2-702471485,S2-836004765,S2-537356536,S2-649403213,S2-18200445,S2-229159411,S2-416096879,S2-698207989,S2-784865956,S2-934768477,S2-270211464,S2-530060009,S2-603153745,S2-606206320,S2-620578470,S2-556336307,S2-915544603,S2-530264827
S1-855309387	S2-82866756,S2-245020170,S2-776973699,S2-609460667,S2-152125106,S2-848197511,S2-449948474,S2-133800046,S2-83356526,S2-702540858,S2-523704237,S2-107118188,S2-886423111,S3-466083752,S2-379848369,S2-741662077,S2-237645855,S2-500693275,S2-306111922,S2-135739077
S1-849800146	S2-742061876,S2-757323825,S3-154978895,S3-153492696,S3-424207628,S2-224900756,S2-768558258,S2-734733566,S2-258890511,S3-228825870,S2-308644145,S2-425252195,S2-155439668,S2-85470349,S2-122994917,S2-511490226,S2-110375503,S3-930890382,S2-580686128,S2-765978472
S1-950006929	S3-844956483,S2-10124068,S2-833576804,S2-754409492,S2-76362469,S2-133969966,S2-20408161,S2-893633801,S2-432700776,S2-997202916,S2-930983760,S2-336883861,S2-574729908,S2-106885403,S3-734544839,S2-965287792,S2-912781724,S2-61049391,S2-237503456,S2-133514837
S1-477543769	S2-746560792,S2-2995921,S2-737845063,S2-864615786,S2-112563664,S2-849402188,S2-174025572,S2-184173932,S2-726611896,S2-659630027,S2-727642692,S2-432837765,S2-551332216,S2-867351878,S2-123839288,S2-790515457,S2-508843919,S3-392584938,S2-177642943,S2-161060937
S1-533947051	S2-850183603,S2-962685165,S2-310895149,S2-749332942,S2-708395797,S2-735382642,S2-48293289,S2-72330323,S3-880742398,S3-845085405,S2-966716359,S3-245497840,S2-711988737,S3-705646106,S2-353411103,S2-866622842,S2-486609327,S2-586356148,S2-42118086,S3-935589878
S1-689992280	S2-157592476,S2-142679078,S2-803486912,S2-824273608,S2-512485607,S2-608031120,S2-339550008,S2-309399964,S2-5120707,S2-666086838,S2-546304676,S2-723395775,S2-863412943,S2-577147983,S2-198108921,S2-374441251,S2-378099609,S2-621587820,S3-481549713,S2-809167112
S1-827116132	S2-787252555,S2-229682474,S2-34785457,S2-701693997,S2-379180527,S2-599831035,S2-622316567,S2-955409563,S2-140311251,S2-386124122,S3-325075721,S2-120712913,S2-539437066,S2-755347983,S2-838080776,S2-460564771,S2-543625139,S2-98278646,S2-99074555,S2-520494016
S1-130033627	S2-53268981,S2-293258419,S2-590041406,S2-940998626,S2-637701459,S2-968546614,S2-663349709,S2-549926757,S2-772404260,S2-142574056,S2-591917607,S2-397479008,S2-737002985,S2-150155149,S2-404834771,S2-573825136,S2-958000761,S2-815184077,S2-165049153,S2-834190816
S1-200328362	S2-722016423,S2-980402948,S2-705676472,S2-121501063,S2-172419148,S2-589093743,S2-388271852,S2-598730491,S2-480940999,S2-484614755,S2-949789731,S3-947115160,S2-587184561,S3-296449529,S2-292356513,S2-295063147,S2-854242350,S2-406644745,S2-387656136,S2-277519434
S1-822365624	S2-402758956,S2-638893019,S2-603448716,S2-492563254,S2-91290208,S3-357376929,S2-171400053,S2-450150470,S2-705068570,S3-854573108,S3-413293341,S3-484519030,S3-424456703,S2-103020894,S2-675366569,S2-479558638,S2-492258101,S2-519156320,S2-837963248,S2-984790670
S1-973488776	S2-75589274,S2-246993003,S2-602131018,S2-213998259,S2-755041106,S2-942286493,S2-357874611,S2-268503349,S2-65254793,S2-801292271,S2-959274893,S2-22262363,S2-598603978,S2-100905213,S3-206744058,S2-707509483,S3-892637408,S2-555364837,S3-224961584,S2-985388229
S1-13451015	S2-111584236,S3-833167002,S2-93932470,S2-666333459,S2-665106723,S2-60140995,S2-175730067,S2-170571699,S2-121793624,S2-666676820,S2-966488787,S2-290137811,S2-954142309,S2-191509355,S2-416815009,S2-995950556,S2-438998039,S2-902999971,S2-529759802,S2-454839856
S1-618510970	S2-655857783,S2-30715276,S2-833020625,S2-971583862,S2-273176088,S2-624676318,S2-858615793,S2-582115856,S2-763942905,S2-137824069,S2-74379341,S2-594160243,S2-58863673,S2-460105777,S2-548593846,S2-981468991,S2-324121762,S2-866641098,S2-931153275,S2-862000237
S1-452851960	S2-683268866,S2-450150470,S2-675366569,S2-149090348,S2-27331495,S2-89154099,S2-768939888,S2-276208795,S2-734716146,S2-16159514,S2-437232268,S2-396436659,S2-42110101,S2-648482918,S2-210000261,S2-545743665,S2-771479218,S2-231093985,S2-554018720,S2-169145721
S1-725672126	S2-558734300,S2-234767864,S2-18299230,S2-141050531,S2-522268541,S2-769443469,S2-540188815,S3-799291453,S2-687451319,S3-998574647,S2-261181043,S2-806948801,S3-138047632,S2-215800567,S3-651346872,S2-96368391,S3-814384834,S2-878257479,S3-555961794,S2-988818211
S1-371215032	S2-259824650,S3-152625129,S2-179597225,S2-523360926,S2-607067717,S2-258946762,S2-735251755,S2-362255983,S2-715079769,S2-972233519,S2-647239979,S2-464759666,S2-861584552,S2-792629406,S2-184615466,S2-43391521,S2-307629028,S2-772212266,S2-914403862,S2-33312581
S1-880149151	S2-294847382,S2-451202218,S2-192808955,S2-757597861,S2-339550008,S2-277300530,S2-251268811,S2-851838521,S2-288138359,S2-742207065,S2-920503966,S2-88416607,S2-791724067,S2-854532458,S2-460016897,S2-115402855,S2-194966152,S2-50984892,S2-43457709,S2-533474335
S1-704316296	S3-3194259,S2-708234279,S2-360675610,S2-959127469,S2-825466031,S2-199422546,S2-84389141,S2-855052803,S2-689700592,S2-158388966,S2-736218794,S2-37100271,S2-208617837,S2-209955246,S2-418144525,S2-254339845,S2-935140019,S2-939029838,S2-293042654,S2-609653496
S1-491775540	S2-641047503,S2-542651458,S2-57971619,S2-785481928,S2-449254145,S2-633567049,S2-657483647,S2-471365975,S2-924228041,S2-733075304,S2-429459546,S2-330895548,S3-731819536,S2-946693077,S2-919068136,S2-896350539,S2-626598154,S2-466523762,S2-44719604,S2-943794303
S1-503016984	S2-543891441,S2-89257765,S2-135527544,S2-930534156,S2-374841089,S2-902390801,S2-502351402,S2-564389400,S2-95918813,S2-371067079,S2-768843175,S2-803950260,S2-696676396,S2-835286797,S2-564183171,S2-275658338,S2-19519880,S2-310921356,S2-806024318,S2-379335559
S1-446731231	S2-182973133,S2-488875340,S2-4821239,S2-453011052,S3-429748713,S2-538519619,S2-92407190,S2-697046960,S2-852632781,S2-445961364,S3-396999680,S2-222944073,S2-153517459,S2-117813024,S2-704237286,S2-222833745,S2-463925954,S2-707240310,S2-65071732,S2-102987687
S1-908289013	S2-503047431,S2-579199753,S2-500889820,S2-726624641,S2-192828557,S3-287500929,S2-840083885,S2-53527608,S3-458990562,S2-781022506,S3-674857686,S2-373597445,S2-336479174,S3-683197953,S2-487748726,S2-822585553,S2-593753561,S2-971048208,S2-141090172,S2-680934882
S1-450337428	S2-494726293,S2-487016370,S2-901598873,S2-646329227,S2-861676942,S2-626122160,S2-813362237,S2-574455957,S2-183691515,S2-490723577,S2-264181896,S2-560797094,S2-32688526,S2-17268730,S2-354925833,S2-506285225,S2-788155145,S2-169477080,S2-147147968,S2-334832607
S1-29596643	S2-895946322,S2-337333964,S2-167038040,S2-269222583,S2-322923353,S2-320547750,S2-733406949,S2-239191486,S2-961104979,S2-760153924,S2-923228735,S2-995661810,S2-401099965,S2-44513291,S2-331015421,S2-270890260,S2-701741111,S2-783289938,S2-247210665,S2-595491741
S1-601561210	S2-267778262,S2-354921830,S2-476489487,S2-119365974,S2-150783646,S2-433502615,S2-731993798,S2-511490226,S2-647232354,S2-9278111,S2-637449309,S2-218797949,S2-746264154,S2-261040744,S2-433321114,S2-709829962,S2-960965773,S2-631563082,S2-771226539,S2-912630648
S1-597171150	S2-247712246,S2-36093617,S3-468371103,S2-918109874,S2-935064142,S2-825152643,S2-68465851,S2-387386704,S2-541548409,S2-759710010,S2-165039603,S2-319411688,S3-656504297,S2-357581706,S2-841256326,S3-941673883,S2-852206551,S2-678544105,S3-228142620,S2-613763967
S1-754410830	S2-985204565,S2-801458837,S2-430361587,S2-995661810,S2-13255217,S2-968704122,S2-416942713,S2-668297612,S2-134651318,S2-59751310,S2-415058236,S2-721023031,S2-456412771,S2-92709819,S2-674184976,S2-75527216,S2-906829049,S2-335619254,S2-502948604,S2-186885055
S1-995936163	S2-366970567,S2-36788392,S2-580785950,S2-9469855,S2-792430300,S2-911473337,S2-671225192,S2-389763456,S2-133431050,S3-510190514,S3-356288831,S3-295333259,S3-802461373,S3-345647987,S3-634698587,S3-238942332,S3-981545928,S2-73029229,S3-395623408,S2-402157638
S1-990991704	S2-678335660,S3-800145747,S2-370857772,S2-858682988,S2-809898686,S2-529702997,S2-123110663,S2-252076675,S3-371775340,S2-555169336,S2-700710751,S3-661480321,S2-804324020,S2-22320947,S2-606303519,S2-806987465,S2-53079915,S2-541069016,S2-152996729,S2-919388490
S1-52033338	S2-568977455,S2-674357985,S2-194735455,S2-486172656,S2-581163826,S2-151741371,S2-201189703,S2-652930314,S2-620875041,S2-297133008,S2-445040531,S2-846162900,S2-838922389,S2-170882711,S2-846976627,S2-260088128,S3-685170000,S2-73994111,S3-308474269,S2-501650000
S1-717480913	S2-978569794,S3-791345768,S3-745526075,S2-202078030,S2-468502083,S2-738699664,S3-448387977,S3-379431470,S2-568621810,S2-557952930,S2-542319144,S2-200560643,S2-868814399,S2-491761578,S2-615924488,S2-661700962,S2-20802166,S2-556524121,S2-730927649,S2-81470365
S1-699194125	S2-233939017,S3-111325422,S2-987382970,S3-108297280,S2-437350706,S2-570183378,S2-216714065,S2-668882272,S2-288489442,S2-338458211,S2-434556726,S2-439481073,S3-680143148,S2-998492892,S3-971144719,S2-281656485,S2-229321933,S2-935067744,S2-451733745,S2-950228179
S1-685163224	S3-982014392,S2-500676341,S2-82626449,S2-738717842,S3-523593284,S2-782697613,S3-396382028,S2-589179558,S3-624339263,S2-557299350,S2-235014812,S2-716768343,S2-976136220,S2-674539809,S2-50635120,S2-548533603,S3-360796301,S2-466795772,S3-470942695,S2-791282314
S1-185787384	S3-483074413,S3-351272030,S2-943296611,S2-294883923,S2-627856269,S2-935659894,S2-522366066,S2-195925757,S2-716250023,S2-424861114,S2-836241131,S2-925189933,S2-23391000,S2-53382096,S2-853829451,S2-863151040,S2-324176118,S2-783262591,S2-735678350,S2-941662433
S1-263986904	S2-707715152,S3-509322643,S3-636860568,S3-754895193,S2-867727309,S2-986544556,S2-324442957,S2-93332319,S2-635702672,S2-649337622,S2-475502255,S2-957107212,S2-369088937,S2-648681252,S2-86633220,S3-334855679,S2-292096725,S3-299243192,S3-361576829,S3-678016542
S1-109940605	S2-636337117,S2-119326035,S3-331580529,S2-18190640
S1-109569754	S2-856850105,S2-670476200,S3-433226640,S3-131814953,S3-4671459,S2-56675598,S2-444967601,S2-367686688,S2-546877821,S2-654993419,S2-553999673,S2-423812936,S2-753614357,S2-231016622,S2-136918575,S2-199273968,S2-988564160,S3-952078087,S3-838337725,S2-140274977
S1-161663716	S2-936955849,S2-832761728,S2-100408047,S2-109557331,S2-403867866,S2-698207989,S2-310786087,S2-19252708,S2-871919463,S2-143547760,S2-900195293,S2-695175095,S2-50395656,S3-621042579,S2-360271895,S2-654707778,S2-600114040,S3-792336899,S2-640413584,S3-538320523
S1-162695461	S2-730740069,S2-834910337,S2-383650091,S2-29833507,S2-473158541,S2-757075423,S2-94820185,S2-203099050,S2-838788094,S2-845745634,S2-110782127,S3-177223520,S2-223730264,S2-477385995,S2-159067774,S2-171188917,S3-823247786,S2-402687099,S2-665880581,S2-730563099
S1-648022940	S2-120434063,S3-667548170,S2-744296100,S3-910725063,S2-261777666,S2-944944509,S3-9783317,S3-980111933,S2-668603396,S2-756845146,S2-410609936,S3-79680017,S2-65969112,S2-582610041,S3-511116245,S3-773129192,S3-411863960,S3-140770518,S2-462533326,S3-692078911
S1-807531920	S2-622972758,S2-502179878,S2-37720254,S2-534288992,S2-823029503,S2-773347295,S2-213617262,S2-923163350,S2-217348867,S2-239074986,S2-484953927,S2-212775684,S2-606431205,S2-607400655,S2-635913876,S2-112349889,S2-964938157,S2-944042038,S2-512195067,S2-983033660
S1-622031313	S2-134790345,S2-989156557,S2-371338404,S2-211691996,S2-160390996,S2-621473365,S2-740398456,S2-600106172,S2-99725676,S2-886302365,S2-362360760,S2-41853151,S2-434663987,S2-122456507,S2-182297109,S2-808184968,S2-916123760,S2-193575302,S2-184135366,S2-911025779
S1-147548498	S2-287020310,S2-175391406,S2-786334210,S2-170539940,S2-364544835,S2-440162759,S2-477445858,S2-811732581,S2-665569437,S2-401863434,S2-353258284,S2-309479510,S2-537363637,S2-600206979,S2-238733702,S2-587195896,S3-285256021,S2-825567227,S3-885533724,S2-434995442
S1-26628666	S3-635953835,S3-219918523,S2-13557804,S2-899621500,S2-626709174,S2-893565406,S2-45690361,S2-224725631,S2-818332935,S2-602655203,S2-877517843,S2-557969803,S2-52807530,S2-670692574,S2-362630656,S2-370926832,S2-419787602,S2-521682474,S2-894042897,S2-100364499
S1-240414034	S2-718557429,S2-792503615,S2-967372345,S3-168692989,S2-877319240,S2-109541932,S2-393406345,S2-210629558,S2-104571628,S2-355764678,S2-226846653,S2-697568729,S2-37267999,S2-69017132,S2-396230520,S2-845034300,S2-514340253,S2-175658502,S3-611947352,S2-833362800
S1-377471644	S2-603026530,S2-589199179,S2-169172705,S2-184525448,S2-125864753,S2-423671532,S2-252054202,S2-426247226,S2-651652568,S2-457552022,S2-67331479,S2-506589190,S2-186497835,S2-202000815,S2-53997476,S2-509247242,S2-218631475,S2-509247774,S2-664075539,S2-16594281
S1-795051867	S2-107178670,S2-852843912,S3-10033147,S2-849390226
S1-518221826	S2-755763824,S3-519534808,S2-648861555,S2-825209918,S2-311756182,S2-942161962,S2-304610832,S2-919092521,S2-710533342,S3-306688876,S2-366314790,S2-827688660,S2-634277508,S2-391983603,S2-928394666,S2-336874056,S2-969836193,S2-64970740,S2-13584938,S2-792954930
S1-569486927	S2-195675904,S2-819568706,S2-811776364,S2-418133248,S2-807771720,S2-792247634,S2-958108793,S2-587812193,S2-297273792,S2-710636523,S2-776999904,S2-790848656,S2-829581724,S2-240451739,S2-947796802,S2-855458656,S2-53057939,S2-999957257,S2-186661539,S2-438574200
S1-788480541	S2-290481152,S2-522330910,S2-733379415,S2-171400053,S2-817026751,S2-871919463,S2-151772630,S2-860947028,S2-36553172,S2-667998932,S2-451247253,S2-510635651,S2-926635573,S2-420242391,S2-591052054,S2-844918657,S2-271026461,S2-521682474,S2-547792042,S2-226188917
S1-650931728	S2-134730924,S2-98628135,S2-458132170,S2-4641020,S2-266562773,S2-262771877,S3-437577380,S3-28945528,S3-189430245,S3-627952070,S2-193583990,S2-363558482,S2-509958421,S2-480447623,S2-745045667,S3-462815356,S2-58507894,S2-759756945,S2-216819550,S2-436139551
S1-949970105	S2-534978126,S2-464988954,S2-852769789,S3-677816186,S2-633793089,S2-564323905,S2-379360025,S2-212488250,S2-721323836,S2-957038659,S2-118053006,S2-355062827,S3-143504482,S2-821663446,S3-337438281,S2-576798413,S2-716888540,S3-490022451,S2-39414989,S2-39289011
S1-224442543	S2-314201561,S2-919777382,S2-877258448,S2-187246514,S2-684194246,S2-733793823,S2-234223881,S2-950942920,S2-296522560,S2-972613374,S2-902464728,S2-984703062,S3-357166507,S2-967095238,S3-478128761,S2-928241049,S3-640882566,S2-609608026,S2-338241699,S2-111700713
S1-262086042	S2-947478812,S2-888367226,S2-710180407,S2-492854698,S2-378736935,S2-780304120,S2-821309298,S2-62057809,S2-291764551,S2-404367903,S2-277465924,S3-890949197,S3-396901961,S3-521631035,S3-361452398,S2-510585758,S2-925992260,S2-325956139,S2-304304432,S2-296859220
S1-539063080	S2-550406141,S3-846387747,S2-197324925,S3-210774198,S3-856290566,S3-756490712,S3-742763666,S3-882729031,S3-145978736
S1-758070549	S3-307632812,S2-570729001,S3-469564784,S2-953995440,S3-227288848,S2-141395410,S2-538401920,S2-965624566,S2-686404245,S2-198102333,S2-685464524,S2-859060034,S2-487250754,S2-541177692,S2-734174318,S2-692045957,S2-173315976,S2-517003254,S2-296570750,S2-802313825
S1-102067063	S2-395260151,S2-568650068,S2-892006439,S2-149090348,S2-262435821,S2-995357471,S2-827106949,S2-597093806,S2-755371491,S2-303486472,S2-813421134,S2-480259464,S2-931332874,S2-2522425,S2-619042771,S2-389013354,S2-886971021,S2-756606388,S2-896934465,S2-648482918
S1-232798487	S2-753800347,S2-232769220,S2-299988667,S3-859179571,S2-644527354,S2-61494437,S2-38363602,S3-574065630,S3-573550325,S2-279100070,S2-364463675,S2-617251404,S2-706467204,S2-190592983,S2-968755217,S2-158240593,S2-736092555,S2-676436349,S2-720898991,S2-92751867
S1-105827392	S2-517494244,S2-733379415,S2-570531042,S2-171400053,S2-841886269,S2-807771720,S2-588851408,S2-63895715,S2-212026533,S2-403363854,S2-151772630,S2-442280862,S2-818547040,S2-240485341,S2-370920153,S2-24199676,S2-314579837,S2-103971868,S2-2010636,S2-829581724
S1-906803032	S2-42110101,S2-770820850,S2-830730009,S2-363953555,S2-80205148,S2-268194953,S2-900169821,S2-583894646,S2-311393437,S2-676936328,S2-339550008,S2-149525035,S2-934382557,S2-762072837,S2-829581724,S2-155102922,S2-443627128,S2-795080120,S2-779152044,S2-50658187
S1-42258623	S2-486211996,S3-85543308,S2-123020150,S3-905271317,S2-137175214,S2-858649857,S2-433551532,S2-627159690,S3-191295606,S3-209717945,S3-945527557,S2-873361440,S2-111820669,S2-227899535,S3-196271280,S2-856076562,S2-802356320,S2-990510160,S2-938636639,S2-304312500
S1-578070457	S2-130555362,S2-299977256,S2-441470605,S2-500894131,S2-804879964,S2-606754382,S2-4262870,S2-246076338,S2-944017978,S2-541858507,S2-774426992,S2-526092562,S2-268492626,S2-835820675,S3-338898259,S3-805117637,S2-289334814,S2-54906243,S2-753593742,S2-439812158
S1-179448674	S2-913892804,S2-184167281,S2-194285627,S2-491266964,S2-65000526,S2-583664359,S2-896933904,S2-772853798,S2-992841773,S2-153985748,S2-210568304,S2-776326245,S2-590154223,S2-977449307,S2-106265354,S2-148322402,S2-303550844,S2-991749411,S2-640673671,S2-788695544
S1-377942865	S2-764652743,S2-719025317,S2-124038819,S2-693761075,S2-59995284,S2-408748873,S3-373485648,S2-707475142,S3-501561725,S2-781463673,S2-980078941,S2-134950347,S2-364404527,S2-211468740,S2-76374267,S2-333880138,S2-349851477,S2-235849280,S2-527405823,S3-181822944
S1-117124656	S2-273609983,S2-748511003,S3-305111733,S2-715634936,S3-992505707,S2-44876563,S2-707686414,S2-159536481,S2-121267975,S2-881658941,S2-670155279,S2-455228880,S2-329534618,S2-515030115,S2-969733616,S2-415106154,S2-517901180,S2-228783998,S2-907424308,S2-213500419
S1-993829678	S3-596333041,S2-808905000,S2-678675688,S2-879798617,S2-899095953,S2-624351352,S2-869999881,S2-823007325,S2-260340534,S2-54931123,S2-588314904,S2-909475641,S3-305367794,S3-450053485,S3-180776940,S3-411022363,S3-825703960,S2-248202938,S2-374586391,S2-277468291
S1-170883326	S2-635063335,S3-525083607,S3-29987568,S2-759841103,S2-460338195,S2-935785189,S2-944751837,S2-573319,S2-590096764,S2-473107328,S2-17945020,S2-67513521,S2-958649306,S2-486177417,S2-22761429,S2-144177657,S3-392960693,S2-611927816,S2-285880651,S2-881481500
S1-966166665	S2-400147630,S2-942209677,S2-640869069,S2-240306229,S2-787542881,S2-259938676,S2-803005483,S2-885341752,S2-863141077,S2-821678370,S2-304808691,S2-673290754,S3-167825061,S2-50424219,S2-788674426,S2-380342225,S2-214664092,S2-538778822,S2-389699043,S2-244731676
S1-168402024	S2-321500812,S2-143780233,S2-336156496,S2-348871745,S2-33152729,S2-69917641,S2-352427262,S2-571609696,S2-122127513,S2-210365416,S2-539888617,S2-633540523,S2-278862555,S2-4076361,S2-177277335,S2-353643468,S2-812102550,S2-231494373,S2-286731523,S2-405484687
S1-432612382	S2-844184795,S2-216498678,S2-650219271,S2-988320093,S2-948512943,S2-306382366,S2-200847498,S2-615336451,S2-669425413,S2-598939750,S3-83070614,S2-382294075,S2-346032035,S2-347935966,S2-74333238,S3-915411286,S2-40145546,S2-104196960,S3-730045972,S2-70197781
S1-106694036	S2-519448849,S2-446479058,S3-135015692,S3-642397178,S2-286765973,S2-889467639
S1-860696171	S3-135093994,S2-724177847,S2-792134576,S2-208749793,S2-489975503,S2-333089565,S2-536037645,S2-436668215,S2-566854421,S2-585000573,S2-199877935,S2-322244419,S2-747205542,S2-293930904,S3-571593004,S2-76255262,S2-628491940,S2-522810719,S2-203854883,S2-334059331
S1-947779057	S3-958089258,S3-54066974,S2-837858805,S2-336917633,S2-491302981,S3-973567300,S2-816979726,S2-917629231,S3-220390765,S2-620731914,S2-445663207,S3-820952727,S2-750472137,S2-833252587,S2-919890029,S2-662336328,S2-674300278,S2-186865114,S3-729564686,S2-879471893
S1-478187960	S2-155253907,S2-644827496,S2-785056910,S2-688917708,S2-995131324,S2-626381788,S2-220133112,S2-708558140,S2-894191822,S2-166850070,S2-603026530,S2-332192216,S2-717176121,S2-936859623,S3-195916437,S2-495109033,S2-773900071,S3-540295887,S2-298161779,S2-263742705
S1-901582927	S3-791336529,S2-98543602,S2-804025945,S2-706597208,S2-227432873,S2-296581081,S2-942513988,S2-238425515,S2-226513713,S2-108059745,S2-887402059,S2-744581961,S2-506768218,S2-839683690,S2-417351621,S2-188150409,S2-111588828,S2-957759096,S2-327746029,S2-241125990
S1-903791016	S2-791799032,S2-740307687,S2-619748967,S3-578509376,S2-651861808,S2-661022109,S2-413042597,S3-978082725,S2-205951816,S2-98731864,S2-645488353,S2-574380380,S2-362489939,S2-56252349,S2-314493753,S2-42379672,S2-343411163,S2-307442268,S2-280501399,S2-905987316
S1-11483643	S3-946638461,S2-391111019,S2-637648056,S2-409281242,S2-977418298,S2-759418630,S2-982650634,S2-910193743,S2-703445185,S2-176163544,S2-879304088,S2-544945331,S2-119315778,S2-336372832,S2-559950239,S2-994138345,S2-374569527,S2-247594889,S2-123091291,S3-656512800
S1-347810367	S2-157361465,S3-898667659,S2-347226039,S2-238165661,S3-595350476,S3-322503905,S2-694974786,S2-1974814,S2-17706842,S2-51377709,S2-811979272,S2-807667659,S2-494355389,S3-2965120,S2-487651701,S2-802667281,S2-699586839,S2-658186942,S2-874468624,S2-56617143
S1-557169552	S2-985380205,S2-929544093,S2-186816618,S2-392111181,S2-280165249,S2-930645139,S2-887600086,S2-224151210,S2-898180156,S2-435033729,S2-870930075,S2-797458206,S2-716657096,S2-811013516,S2-372920462,S2-265252514,S2-527274157,S2-804400105,S2-303618367,S2-957219521
S1-618760923	S2-25750277,S2-530987548,S2-950962605,S2-570531042,S2-152295432,S2-171400053,S2-807771720,S2-81943072,S2-204683810,S2-24199676,S2-103971868,S2-237194117,S2-829581724,S2-454631631,S2-374083718,S2-662613483,S2-737270514,S2-755513874,S2-987633443,S2-566781360
S1-342769339	S3-177683130,S3-725867292,S2-326816073,S2-272045624,S2-235620361,S3-196690543,S3-352948378,S2-599391941,S2-527698128,S2-243795473,S2-658152045,S2-686551179,S2-613452983,S2-814067123,S2-91161505,S2-769511155,S2-697016349,S2-458625135,S2-118586781,S2-788781343
S1-533988643	S2-92851629,S2-861157555,S2-48021375,S2-224600361,S2-882884779,S2-823078982,S2-351745768,S2-863755181,S2-758829637,S2-254089956,S2-147636911,S2-38964225,S3-121240426,S3-698824500,S2-152258742,S2-662657277,S2-943666444,S2-215039219,S2-834370136,S2-983536904
S1-683869141	S2-132733480,S2-351264673,S2-783569063,S2-216588237,S2-523951310,S2-70669716,S2-284681063,S2-577204741,S2-192407921,S2-153148427,S2-525907074,S2-505815768,S2-77241306
S1-293619205	S2-724716103,S2-514769026,S2-450150470,S2-807771720,S2-202819778,S2-595006863,S2-675366569,S2-297273792,S2-167074588,S2-387742668,S2-636868922,S2-316201708,S2-829581724,S2-68956669,S2-79053167,S2-606100572,S2-85487276,S2-833748800,S2-406601335,S2-689812827
S1-896292297	S2-354426267,S2-211198292,S3-292366952,S3-465231694,S2-401319854,S3-325380732,S2-575041973,S2-839604114,S2-612849640,S2-775817403,S2-297242768,S2-762503147,S2-617580585,S2-995492077,S2-579540313,S2-199864588,S3-434221042,S2-118452003,S2-245340071,S3-447544175
S1-926971348	S2-390350294,S2-600456124,S2-839203623,S2-355869630,S2-770280818,S2-85014137,S2-437785092,S2-267927930,S2-590960075,S2-995919741,S3-823481646,S2-646184572,S2-908332279,S2-913403310,S3-46258968,S3-118636804,S2-688680843,S2-673801092,S2-553675441,S2-496537582
S1-329066163	S2-503090374,S2-234933575,S2-441135875,S3-303197693,S2-248067896,S2-985024792,S2-448078212,S3-374374229,S2-77097807,S2-323897348,S2-376091679,S2-722821497,S2-901128747,S2-352902649,S2-491964103,S2-609188065,S2-643531692,S2-926905412,S2-548196168,S3-372063746
S1-658544337	S3-775202695,S2-923806730,S2-38417214,S3-13608961,S2-952668756,S2-125554242,S2-843734671,S2-466302485,S2-926078725,S2-517341051,S2-512389408,S2-975731767,S2-356079960,S2-312099392,S2-915382760,S2-20811142,S2-247052866,S3-668564980,S2-660187456,S2-418524353
S1-137870529	S2-130309662,S2-891146838,S2-507352559,S2-250539995,S2-344680287,S2-935928673,S2-507692080,S2-716180458,S2-425417474,S2-412800319,S2-716393519,S2-198703906,S2-444127173,S2-705375496,S2-670036934,S3-587236626,S2-53282602,S2-174925380,S2-515152170,S2-737624714
S1-486008614	S2-982956363,S2-932120146,S2-8118703,S2-910967096,S2-188150794,S2-326877961,S2-651399058,S2-920634396,S3-805574283,S2-506106318,S2-904847562,S2-348625306,S2-702654997,S2-844528135,S2-886103140,S2-537171599,S2-754455454,S2-113620155,S2-868573496,S2-31083507
S1-935841397	S2-212388157,S2-165555445,S2-885358180,S2-151772630,S2-954091799,S2-816131370,S2-936916016,S2-975530033,S2-817424023,S2-763482496,S2-865452236,S2-909460217,S2-712050188,S2-884305198,S2-709829962,S2-130888639,S2-978100588,S2-208001058,S2-93393917,S2-555598297
S1-326846186	S2-456487662,S2-724998574,S2-248752009,S2-757960276,S2-127068962,S2-214564498,S2-518131700,S2-906154571,S2-993783021,S2-499918264,S2-627682672,S2-311751510,S2-384450374,S2-145514301,S2-690789382,S2-477385543,S2-632339334,S2-690199740,S2-651230447,S2-196270261
S1-711330965	S2-95770597,S2-192485522,S2-346638713,S2-658555204,S2-541638209,S2-374072379,S2-945962294,S2-207306818,S2-405965601,S2-292711323,S2-859615232,S3-441588056,S3-677933439,S2-994940257,S3-888194806,S2-620546066,S3-678974290,S2-761164945,S3-167240326,S2-126494172
S1-722405675	S3-932390407,S2-765043645,S2-537211347,S2-504912998,S2-800485802,S2-199069092,S2-490949771,S2-89947614,S2-166136754,S2-89783788,S2-832361560,S2-376681135,S3-829756931,S2-397302925,S2-614008897,S3-71413445,S2-386865104,S3-970324006,S2-870599515,S2-586346078
S1-463287529	S2-453116214,S2-651656652,S2-673532769,S2-888537654,S2-323314189,S2-668577555,S2-752408875,S2-26481761,S2-948610292,S2-273059058,S2-278179714,S2-149737675,S2-834960626,S2-144297276,S2-218923016,S2-316891024,S2-10858867,S2-929276885,S2-240971471,S2-223410433
S1-149411806	S2-238743567,S2-167197000,S2-563697388,S2-341544462,S2-552094197,S2-893972749,S2-86767697,S2-761782721,S2-748362356,S2-97405974,S2-546611723,S2-893042409,S2-141586112,S2-771197859,S2-153179079,S2-690851158,S2-466543981,S3-430449455,S3-818025629,S2-319930234
S1-541361289	S2-368587285,S2-907862948,S2-367839153,S2-411917737,S2-53048997,S2-517176804,S3-917110251,S3-575630421,S2-769451835,S2-378841692,S2-427013153,S2-954956934,S3-832274270,S2-429251523,S2-396796342,S2-89042452,S2-24287578,S2-600853493,S2-602399394,S2-622736444
S1-977429262	S2-604123258,S2-80813200,S2-221600262,S2-479650666,S2-499915062,S2-138922773,S2-378039289,S2-192075744,S2-544448680,S2-590550633,S2-884444073,S3-999866299,S2-982101017,S2-525479785,S2-144850623,S2-57012954,S3-397827977,S2-579630242,S3-421962946,S2-357577876
S1-11172779	S2-283675220,S2-453489003,S2-175431710,S2-331723028,S2-577024044,S2-551941180,S2-898104454,S2-16979632,S2-685530988,S2-528283777,S2-361669102,S2-985291744,S2-857060297,S2-923416551,S2-500048646,S2-485253157,S2-195852635,S2-330447640,S2-498894728,S2-745515849
S1-350174317	S2-815817699,S2-63835594,S2-547861422,S2-716841607,S2-324406220,S2-552055571,S2-9598834,S2-525864556,S2-108256797,S2-594744464,S2-88460746,S2-696671298,S2-238131166,S2-896655467,S2-318116937,S2-344233045,S2-394484961,S3-877935539,S2-247924197,S2-837071541
S1-279892562	S2-320745986,S2-939891370,S2-737725348,S3-662516221,S3-790067848,S3-744704185,S2-335466450,S3-43443080,S2-439783093,S3-616146722,S3-601595010,S2-383456208,S2-647119232,S2-328444328,S2-655535851,S2-255805250,S2-330695074,S2-696021294,S3-57368875,S2-734094753
S1-822292739	S2-722571254,S2-121933134,S2-171400053,S2-255462901,S2-973497625,S2-419437406,S2-484483494,S2-403363854,S2-641811355,S2-988819067,S2-701496773,S2-148088368,S2-186487091,S2-388136802,S2-910016135,S2-767997013,S2-610439446,S2-226172949,S2-706271348,S2-677475250
S1-272127430	S3-174029881,S2-396675879,S2-131017796,S2-107456291,S2-8165625,S2-907742110,S2-106210613,S2-416538326,S2-692381730,S2-611128078,S2-727079170,S2-933095866,S3-665652272,S3-876165180,S3-847037835,S2-386105233,S3-727618056,S2-151706674,S3-946350976,S3-11296710
S1-667764898	S3-567299923,S2-67091173,S2-232021582,S2-749045528,S3-615785472,S3-837176171,S2-651091990,S2-376457458,S2-674540905,S3-963232961,S2-83740665,S2-40389315,S3-744472531,S3-749881767,S2-787453387,S2-433758526,S3-351991073,S2-848103779,S2-896684461,S2-722783992
S1-581382815	S3-344112218,S2-407023689,S2-884659062,S2-566203656,S2-810623421,S2-545066646,S2-636552803,S2-491038690,S2-282056207,S2-756264800,S2-237597528,S2-357741606,S2-795004688,S2-263954704,S2-972919732,S2-530099598,S2-511958715,S2-558242347,S2-555146867,S2-19086305
S1-473952711	S2-982596046,S3-661237208,S2-50445047,S2-90295380,S2-715224238,S2-121039498,S2-542136461,S2-359068799,S2-53006420,S2-104833041,S2-156301791,S2-422014697,S2-101464760,S2-738000560,S2-734800997,S2-154154404,S2-479181808,S2-771214714,S2-511484581,S2-422153593
S1-221315364	S2-944096566,S2-845320573,S2-138575836,S2-445960343,S2-575319781,S2-98129679,S2-95165315,S2-6367814,S2-240102917,S2-82543758,S2-619064665,S2-308302282,S2-455454274,S2-3978797,S2-886819514,S2-866713686,S2-851231502,S2-981149739,S2-3531062,S2-848635245
S1-250931789	S2-297683064,S3-4604707,S3-176385475,S2-72126535,S3-245368097,S2-217642110,S3-333455171,S2-307814050,S3-416876794,S2-412850844,S3-179324697,S3-601037810,S3-642763049,S2-895551802,S3-481532132,S3-200124289,S2-812491973,S3-870553450,S2-152650204,S3-326264218
S1-598934460	S2-869410128,S2-249711222,S2-363660114,S2-60025983,S2-206331426,S2-53538874,S2-104264454,S2-827576971,S2-429127822,S2-236600644,S2-532775865,S2-311517927,S2-744311990,S2-245932370,S2-747122890,S2-268978192,S2-936760783,S2-916061344,S2-256967888,S2-914187541
S1-584697437	S2-942646919,S3-699867926,S2-251500821,S2-145632631,S3-434781636,S3-326093668,S3-633257718,S3-157767591,S3-139345857,S3-154181924,S2-174322448,S3-570140581,S2-8124721,S2-903985964,S2-98348512
S1-405602194	S2-514993689,S2-504907221,S2-219892050,S2-188423769,S2-758246666,S2-436606577,S2-464911553,S2-519792248,S2-769202217,S2-316679784,S2-798830571,S2-628601667,S2-644277433,S2-318805882,S2-396833342,S2-661642358,S3-494759525,S2-36502966,S2-879177270,S2-979638979
S1-608664540	S2-477082327,S3-30697097,S3-753331718,S3-46260901,S2-84154239,S2-948499585,S2-347161834,S3-621391418,S3-547513154,S3-543580978,S3-967066725,S3-321511392,S3-101657375,S2-150353978,S3-915002358,S2-388097353,S2-785798232,S3-395697592,S2-474720800,S2-757856869
S1-84451840	S2-960011814,S2-294847382,S2-996594231,S2-920069304,S2-284841210,S3-508907220,S3-28175509,S2-7332976,S2-865121912,S2-46688604,S2-634481898,S2-608419060,S2-37707107,S2-426313690,S2-274361268,S2-276155359,S3-444493826,S2-802063836,S3-412687348,S2-235626119
S1-167638623	S2-407365915,S3-970761312,S2-416669478,S2-788740188,S2-591100788,S2-109992673,S2-889745213,S2-481020980,S2-421084129,S2-773422318,S3-880487485,S2-441561827,S2-100408047,S2-378429885,S2-537679173,S2-900567548,S2-334533868,S2-538347786,S2-338326265,S2-520130815
S1-956897563	S2-860969820,S2-518994409,S2-169584575,S2-272924551,S2-507777560,S2-219172044,S2-809315951,S2-154425593,S2-660513032,S2-8218080,S2-733001092,S3-639005020,S2-153022216,S2-468215626,S2-801958148,S3-872584288,S2-101093835,S2-534196765,S2-687442396,S3-205219035
S1-729467781	S2-656934262,S2-606128538,S2-902514914,S3-996144058,S2-835409297,S3-706318130,S2-615457752,S2-26364760,S2-954792068,S2-318407630,S2-153016229,S2-75869298,S2-310310813,S2-153218257,S2-296326471,S2-966278274,S2-803650177,S2-640325842,S3-18257518,S3-670488695
S1-80773469	S2-429819493,S2-402517287,S3-160058942,S3-771895116,S2-790745208,S3-85290449,S3-655954060,S2-420727504,S2-608934969,S2-306342305,S3-985318849,S2-510888968,S3-132664075,S3-445151763,S2-633599467,S2-154003125,S3-38182524,S3-192211992,S2-534320428,S2-185726591
S1-513599911	S2-922373960,S2-723063286,S3-499529172,S2-691086654,S2-247008937,S2-20591610,S2-280494468,S2-35215034,S2-214085981,S2-29826119,S2-650044131,S2-135709808,S2-863263625,S2-923625513,S2-542191545,S2-397640599,S2-612574002,S3-254360793,S2-978597581,S3-791098255
S1-533522938	S2-422821371,S3-447923876,S2-244758794,S2-65676975,S2-576968073,S2-104370484,S2-838059226,S2-899127327,S2-882819563,S2-370943813,S2-845574657,S3-465319226,S3-785749666,S3-921556923,S2-244883113,S3-199551727,S2-767613940,S2-984606507,S2-79727883,S2-779712527
S1-581757578	S3-669939144,S3-934573904,S3-84411421,S2-553980934
S1-657558693	S2-509969810,S2-534318343,S2-232908914,S2-510917378,S2-981365526,S2-265091861,S2-818286067,S2-862877072,S2-559757796,S2-780974137,S2-583235557,S2-531085293,S2-721126281,S2-235274324,S2-807666012,S2-123217977,S2-656749185,S2-620112902,S2-704392212,S2-972930170
S1-402494925	S3-620520282,S3-606940916,S2-109591901,S3-118992027,S3-540695178,S3-214392429,S3-301224033,S2-478272677,S3-593523688,S2-315519854,S2-466718508,S2-163876657,S2-834093650,S3-69042590,S2-83805776,S2-118169626,S2-347025224,S2-693988359,S2-334723391,S2-147440186
S1-387016214	S2-162670424,S2-194252895,S2-541335229,S2-918177557,S2-975919039,S2-121191110,S2-488013823,S2-349672318,S2-548080337,S2-979057417,S2-545887142,S2-918165992,S2-934711967,S2-757669308,S2-121323651,S2-160074649,S2-363197515,S3-861877130,S2-831318009,S3-729245255
S1-266555379	S2-836654703,S2-691565000,S2-68320231,S2-287977042,S2-207320000,S2-596165880,S3-222416156,S2-586536217,S2-109323337,S2-367898966,S2-563484545,S2-854670350,S2-842959662,S2-48110994,S3-803258313,S2-873146371,S2-933628433,S2-254042100,S2-525125390,S2-501146747
S1-669776689	S2-433721543,S2-866913908,S3-495575651,S2-170748394,S2-22159340,S2-542845048,S2-216079202,S2-632424325,S2-700185470,S2-380046945,S2-859393296,S2-196943079,S2-256233051,S3-356744456,S2-884317867,S2-971617356,S2-694051621,S2-134071962,S2-64791339,S2-750474773
S1-225034106	S2-876497352,S2-129052674,S2-439922314,S2-100245148,S2-596386518,S2-184784247,S2-625794297,S2-34885786,S2-545881269,S2-894301935,S2-388666271,S2-613540538,S2-602185161,S2-634874097,S2-860947028,S2-340330730,S2-637512490,S3-692815380,S2-660323164,S2-394008632
S1-751033619	S3-351742826,S2-878641562,S2-522439100,S3-50378586,S2-186436716,S2-829812666,S2-475715498,S2-452179719,S2-834279693,S2-683330480,S2-787105663,S2-388562028,S2-973224696,S3-922214514,S2-628876368,S2-318997404,S2-437979083,S2-5429090,S2-471573952,S2-571521660
S1-976424391	S2-142014134,S2-334674297,S2-458026067,S2-997934068,S2-794976917,S2-235825953,S2-577458588,S2-999701194,S2-811852848,S2-6743546,S2-948897320,S2-202525948,S2-7255293,S2-775990734,S2-563364607,S2-894269171,S2-592412932,S2-319580949,S2-543738105,S2-665347227
S1-519677292	S2-286924108,S3-226264779,S3-60592553,S3-677403546,S3-519231735,S3-515169096,S2-517495658,S3-689409445,S2-716558427,S3-404985568,S2-541816018,S2-770906619,S3-777730095,S3-399354478,S3-695555442,S2-317442007,S2-355759260,S2-304861180,S3-327742420,S3-30285564
S1-443534708	S2-290481152,S3-5552645,S2-522330910,S2-450050381,S2-733379415,S2-953439996,S3-390727685,S2-171400053,S2-70579958,S2-512339917,S2-817026751,S3-933740563,S2-32835614,S2-336281157,S3-397025424,S2-93571741,S3-626930124,S2-871919463,S3-42538140,S2-151772630
S1-382169090	S2-686536301,S2-117666669,S2-671058356,S3-715346870,S2-765871265,S3-786401980,S3-574721829,S3-16658621,S3-91388002,S3-352816848,S2-995829620,S3-763055538,S3-802786949,S2-593639660,S2-869136050,S2-951983449,S2-310023026,S2-158936501,S2-400037726,S2-352738607
S1-790517362	S2-803126271,S2-365465472,S2-677698117,S2-217746458,S2-589371343,S2-223205055,S2-16407468,S2-937413252,S2-248134707,S2-814655946,S2-671748220,S2-789582231,S2-693081965,S2-275742806,S2-815975809,S2-291684097,S2-906937290,S2-259971134,S2-204427818,S2-710117244
S1-880615423	S3-258396524,S2-444933728,S3-981935479,S3-242034963,S3-762570109,S2-349034414,S2-379892046,S2-664768120,S2-210002016,S3-694569166,S2-892148013,S2-281572354,S2-726723920,S2-247060915,S2-876916564,S3-401707306,S2-180936093,S2-852845677,S2-458623163,S2-731619211
S1-449179193	S2-389998485,S2-145494253,S2-476194511,S2-756325831,S2-909749859,S2-653703948,S2-93509829,S2-807373675,S2-728464299,S2-153924233,S3-139354478
S1-48180936	S2-495786890,S2-570890041,S2-298394580,S2-912305150,S2-176763113,S2-181102068,S2-514975887,S2-381873530,S2-431807226,S2-30254336,S2-852252410,S2-718279057,S2-684911698,S2-163356857,S2-215299283,S2-284938007,S2-298465933,S2-988143032,S2-328637710,S2-805720524
S1-427642601	S3-373069145,S3-377550238
S1-912943762	S2-801416965,S2-806149933,S2-512329633,S2-499108133,S2-461700935,S2-122377908,S2-119762577,S2-545739308,S2-548807978,S2-778580003,S2-871745721,S2-22562380,S2-197172443,S2-500138981,S2-528910390,S2-5135071,S2-671648509,S2-51928896,S2-736508424,S2-251301115
S1-671491624	S2-705357520,S2-327028230,S3-252426150,S2-950444714,S2-349957528,S2-209322324,S2-349671745,S2-84322965,S2-859051222,S2-389192981,S2-826553896,S2-759700054,S2-747924884,S2-832576902,S2-175762832,S2-441539108,S2-111868968,S2-222913019,S3-459937581,S2-211977318
S1-55716966	S2-619927826,S3-587615729,S2-206277329,S2-571958925,S2-103092103,S2-776272572,S2-725207035,S2-624645399,S3-543815633,S2-576856091,S2-498334930,S2-593484129,S3-839901974,S2-979185363,S2-72341444,S2-235582863,S2-244300890,S3-531505452,S2-649065120,S2-96690383
S1-98549181	S2-854294190,S3-3843630,S3-512221858,S3-237219664,S2-494311891,S2-510378664,S2-243754594,S2-665162427,S2-437584474,S2-200674581,S2-780201013,S2-202973438,S2-408665593,S2-509922423,S2-221804257,S2-394926677,S2-130948394,S2-650945,S2-578961394,S2-782998121
S1-815606753	S2-57788667,S2-737949109,S2-936693493,S2-218291702,S2-406497879,S2-864347048,S2-505849622,S2-872603761,S2-31968097,S2-303106152,S3-442558847,S3-611375402,S3-626660915,S2-225477697,S2-774708193,S2-75230496,S2-892021673,S3-752170524,S2-655574730,S2-384817231
S1-407721399	S3-698222925,S2-367136987,S2-30571169,S2-78512845,S2-531498711,S2-115107560,S2-565200416,S3-311632970,S3-488139365,S2-920944298,S2-272159978,S2-393637685,S2-356029080,S2-784108863,S2-290137407,S2-239580303,S2-404042439,S2-111623587,S2-274231658,S2-784314531
S1-796461188	S2-609495812,S2-650640716,S2-575081886,S3-483224574,S2-319142975,S3-986483281,S3-798192381,S3-4888836,S2-220512313,S2-653790176,S3-229844070,S3-973207465,S2-415495836,S3-498974947,S2-583520266,S2-934579811,S2-767017763,S2-47581387,S3-384381925,S2-763384534
S1-959883069	S2-615526201,S2-540903170,S2-348777274,S2-365423690,S2-69745098,S2-930479799,S3-926288855,S3-397155310,S2-162436505,S2-689354814,S2-232784632,S2-28895469,S2-902200176,S2-635820555,S2-606698418,S2-68772136,S2-354583233,S2-481104273,S2-748965566,S2-83185115
S1-166391907	S2-901482866,S2-254074044,S2-424218928,S2-226476804,S2-753818081,S3-846681535,S3-776733022,S2-550051867,S2-581406083,S2-500327525,S3-550362032,S3-90060712,S2-59793603,S3-344342314,S2-175817454,S3-270967547,S2-927222884,S3-230257995,S3-897640336,S2-203862995
S1-726276781	S2-507446771,S3-72081782,S2-940506859,S2-796924756,S2-441456867,S2-608234908,S3-313248987,S3-354134670,S3-662452598,S3-354016729,S3-892108082,S3-521254480,S2-2063353,S2-291398211,S3-34820633,S2-625967427,S2-970754266,S2-880901957,S2-836198324,S2-329804832
S1-120806394	S2-578210575,S2-768620537,S3-922028184,S3-692123906,S3-12407042,S3-839815509,S2-53452224,S3-224378913,S3-875838015,S2-68426004,S2-414262952,S2-101245234,S2-748031429,S2-537386382,S3-97132941,S2-110561233,S3-75687723,S2-96541947,S3-974665953,S3-972966826
S1-391836868	S2-716140585,S2-498420659,S2-25157662,S2-447575713,S2-664976635,S2-320621018,S2-120912305,S2-514560241,S2-530168496,S2-886752763,S3-489774166,S3-155319573,S3-96014019,S3-375191806,S2-44158372,S2-53093751,S2-993453569,S2-944645104,S2-889431763,S2-478948445
S1-200079725	S2-561895616,S2-200758879,S2-419074899,S2-338567916,S2-217020004,S2-221018361,S2-18812099,S2-835996567,S2-439318825,S2-406058928,S2-759083391,S2-343753649,S2-672696142,S2-719520385,S2-355207944,S2-198652621,S3-492438082,S2-640101660,S2-59411504,S2-444133746
S1-765276200	S3-878729460,S2-930394437,S3-266268724,S3-915176624,S2-83952182,S2-377564383,S3-350043085,S2-150943469,S3-288004372,S2-266247724,S2-703330931,S2-711754195,S2-785960835
S1-899317092	S2-475389185,S3-751418656,S2-307331331,S2-681340578,S3-819349926,S2-566839559,S2-478100996,S2-639176728,S2-660193134,S2-152504745,S2-254929278,S2-363609678,S3-84863651,S2-494751937,S2-63557192,S2-473062693,S2-537131662,S2-244825169,S2-461550530,S2-79980256
S1-775310986	S2-185445279,S2-442827896,S2-163770430,S2-669611468,S2-680580188,S2-132657039,S2-131782802,S2-631889230,S2-92929203,S2-563099038,S2-867749644,S2-12573751,S3-106331992,S2-255293341,S3-206331047,S2-851932079,S3-173093738,S2-104750240,S3-235902710,S2-229416939
S1-305472241	S2-873602343,S2-273633186,S2-493605859,S2-865212034,S2-6374687,S2-883905333,S2-574895072,S2-970747867,S2-87882879,S2-722571232,S2-112189302,S2-930279992,S3-160713078,S2-321651806,S3-558199243,S2-304168842,S2-270470117,S2-941833559,S2-871203803,S2-831504408
S1-865063383	S3-729349920,S2-302683572,S2-889523910,S2-612308358,S2-250311113,S2-735709867,S2-986891816,S2-929345938,S2-800522152,S2-343318732,S2-251945058,S2-527467556
S1-264694687	S3-763121272,S2-460722696,S3-724878495,S3-297316393,S2-137387018,S2-492483030,S2-211772860,S2-724957640,S2-330083397,S3-508112398,S2-271030107,S2-117499156,S2-294722082,S2-921780813,S2-683091117,S2-181690143,S3-930320824,S2-725515859,S3-243933528,S2-577087485
S1-526715015	S2-86943486,S3-675778260,S3-516555218,S2-964645836,S3-394139271,S2-466405571,S2-626182090,S3-468874125,S2-103208158,S3-294531005,S2-845365806,S2-443270170,S2-741469177,S2-217728370,S2-260002134,S3-306615422,S2-736756517,S2-675020117,S2-350375657,S2-842812316
S1-299047552	S3-539335401,S3-126408503,S3-715588879,S2-334791602,S2-75931926,S3-888736804,S3-672380055,S3-732356870,S2-856427599,S2-739343826,S2-634597929,S2-236971614,S2-479162508,S2-346024004,S2-710247892,S2-934355707,S2-402461144,S2-325828959,S2-304870160,S2-369473891
S1-983022047	S2-38145380,S3-757450407,S2-818829037,S2-198202051,S2-699721302,S3-626620494,S2-838108266,S3-232919641,S3-714810251,S3-586188414,S2-665669145,S2-741296018,S2-345685303,S2-249365320,S2-166062294,S2-179558117,S2-720091038,S2-451740579,S2-217859509,S2-503269043
S1-864843313	S2-312856786,S2-816159863,S3-760309210,S2-811321138,S2-859149271,S2-486588867,S3-137127517,S2-219458294,S2-454298755,S2-879945459,S2-725573409,S2-805455211,S2-945133683,S2-477631959,S2-80186621,S2-526241653,S2-269134724,S2-95253705,S2-469962410,S2-982977843
S1-301477237	S2-16405396,S2-569926722,S2-859859294,S2-162173966,S2-28418438,S2-890898971,S2-753476005,S2-598188448,S2-896653286,S2-289250154,S2-481021991,S2-606485066,S2-825605066,S2-183450083,S2-881686287,S2-839380886,S2-53347660,S2-577918258,S2-751319676,S2-538969248
S1-673136886	S2-581690936,S2-679133017,S2-349354539,S2-746681751,S3-605795766,S2-502130586,S2-840056249,S3-418331431,S2-203652471,S3-798680778,S2-746479749,S3-965831034,S2-347179380,S2-434590802,S2-267259554,S2-349042567,S2-427178517,S2-435896857,S2-30200101,S2-347609684
S1-230813348	S2-405558135,S3-27107812,S2-233195827,S2-305301602,S2-847362396,S2-714006641,S3-417153361,S2-547712775,S3-25859760,S2-774204906,S2-267666417,S2-270577233,S2-327627957,S3-427438667,S2-868063856,S2-958506355,S2-986698939,S3-76982767,S2-585356033,S3-206497550
S1-404917346	S3-594038231,S3-832508168,S2-540923550,S3-625114581,S2-705489992,S2-287794481,S2-220866346,S2-317010389,S2-360352555,S2-435802163,S2-765795341,S2-422292823,S2-169555061,S2-374568106,S2-265353586,S2-899286979,S2-423705,S2-940333368,S2-750857453,S2-166582012
S1-672593972	S3-293869995,S3-252821111,S2-87507670,S2-183123910,S3-955774059,S2-761740886,S2-585735762,S2-292348284,S3-159702226,S2-363049203,S2-871535401,S2-431611082,S2-608440752,S2-363508505,S2-854044675,S2-856819109,S2-438523405,S3-344283309,S2-598536980,S2-91072059
S1-541465582	S2-133718208,S2-211306217,S3-834913116,S2-720497519,S2-331137865,S2-865618736,S2-424113384,S2-911834659,S3-280793258,S2-708742413,S2-544548630,S2-732942829,S2-625306897,S3-143973675,S2-746408091,S2-16188381,S2-873082779,S2-857358542,S2-445713661,S2-841780296
S1-703209922	S2-790554646,S2-807321827,S2-732463862,S2-149730127,S2-365461439,S2-76658175,S2-804128340,S2-256240473,S2-477561138,S2-408099117,S2-330125457,S2-49543265,S2-785365345,S2-120537740,S2-125682581,S2-901319608,S2-378907312,S2-667952350,S2-694923578,S2-2523408
S1-985578465	S2-832761728,S2-920590085,S2-316809691,S2-809050068,S2-267778262,S2-157845190,S2-375849614,S2-48617158,S2-555235475,S2-262398612,S2-511490226,S2-760176544,S2-647232354,S2-9278111,S2-949044369,S2-527445026,S2-921691864,S2-425661446,S2-996688177,S2-835343544
S1-602902072	S2-25696761,S2-101618697,S2-362023908,S2-124991255,S2-650729637,S2-893505767,S2-405863280,S2-315939615,S2-495549920,S2-89589965,S2-628045199,S2-453869770,S2-563579855,S2-312976768,S2-249068518,S2-90125622,S2-980832830,S2-959448714,S2-794683752,S2-565647215
S1-487057151	S2-625326293,S2-288244436,S2-690590791,S2-220872563,S2-386519635,S2-239812085,S2-785914648,S2-177232974,S3-893583261,S2-816932081,S2-647829624,S2-397917723,S2-806756809,S2-876533598,S2-7855992,S2-784166306,S2-351840179,S2-402141275,S2-920162929,S2-346628098
S1-736800651	S2-899766148,S2-934171666,S2-170879473,S2-387857518,S2-8144817,S2-691762250,S2-720551782,S2-55459699,S2-635921367,S2-379535393,S2-172246099,S2-746347769,S2-925510768,S2-59604091,S2-101547600,S2-454483999,S2-405084497,S2-814744581,S2-11126138,S2-565813006
S1-935703327	S2-130147955,S2-121933134,S2-171400053,S2-40674379,S2-345127264,S2-255462901,S2-428128547,S2-484483494,S2-15062943,S2-767997013,S2-522429554,S2-767917914,S2-750743175,S2-469274833,S2-547792042,S2-960965773,S2-232328124,S2-349670413,S2-809050068,S2-25097345
S1-308849584	S3-342447307,S2-107792556,S2-450284961,S2-570008578,S2-979551536,S2-383613270,S2-272636084,S2-545508374,S3-458186861,S3-744761103,S2-291123408,S2-532475546,S2-923771685,S2-506205320,S2-407357707,S2-704574229,S2-536947127,S2-705257986,S2-11976743,S2-939872217
S1-61384671	S2-534580132,S2-418585767,S2-208512451,S2-777494365,S2-110971346,S2-608907305,S2-989220249,S2-393071460,S2-65176639,S2-494578851,S2-46705460,S2-908229609,S2-103043937,S3-111875584,S2-763971087,S2-400486085,S3-579622600,S2-966988421,S2-472185474,S2-815168474
S1-852148273	S3-966266387,S2-953178347,S2-655670100,S3-919234861,S2-198152539,S2-553189033,S3-935964787,S2-984716070,S2-258314159,S3-948288614,S3-407723834,S2-546699046,S3-239362716,S3-157108505,S3-137694383,S2-990578452,S3-815425760,S2-572006938,S2-788475633,S2-878945129
S1-787461836	S2-909996230,S2-143673386,S2-950797288,S2-561509568,S2-547059865,S2-175192432,S2-25056056,S2-7208478,S2-766439340,S2-780367808,S2-676780645,S2-263024876,S2-972244054,S2-699632119,S2-537814889,S2-40752872,S2-753741803,S2-592591674,S2-633442633,S2-256642085
S1-629887537	S2-857224554,S2-347423386,S2-265036308,S2-111965300,S2-254962055,S2-762015361,S2-838812924,S2-883334520,S2-620595331,S2-274089701,S2-29054717,S2-817732618,S2-410142952,S2-889475388,S2-404813341,S2-400426719,S2-115911803,S2-389089448,S2-980910468,S2-23169549
S1-71595254	S3-751011730,S3-959788930,S2-91570273,S2-258923421,S2-836215359,S2-760371891,S2-513284616
S1-140373393	S2-655282381,S2-834629061,S2-639246727,S2-527096131,S2-926804625,S2-218133750,S2-352146627,S2-40478056,S2-92147552,S2-497902278,S2-853814540,S3-758007664,S2-459214471,S2-409171371,S2-197719225,S2-22451180,S2-786511866,S3-6986317,S2-600433584,S3-583948062
S1-712418507	S2-231847310,S3-480139891,S2-215508235,S3-719593440,S2-433618277,S2-998201989,S2-987911021,S2-623445498,S3-869478752,S2-671450885,S2-896252943,S3-999127180,S2-373276892,S2-428499329
S1-515072958	S2-290481152,S2-522330910,S2-733379415,S2-171400053,S2-817026751,S2-871919463,S2-151772630,S2-860947028,S2-36553172,S2-667998932,S2-451247253,S2-969804364,S2-510635651,S2-926635573,S2-420242391,S2-591052054,S2-844918657,S2-278202833,S2-271026461,S2-521682474
S1-197280203	S2-905743601,S2-100906030,S2-504577078,S2-125769135,S2-943529597,S2-532747474,S2-757641678,S2-54890820,S3-918815132,S2-189353144,S2-635823871,S2-196710945,S2-726853688,S2-837510119,S2-753465198,S2-579657869,S2-274106968,S2-397777505,S2-277835565,S2-989698269
S1-794806928	S2-948276779,S2-583777997,S2-53697402,S2-884721890,S2-184848073,S2-909917754,S2-495514354,S3-329683540,S2-931853563,S2-134679052,S2-345054774,S2-880442408,S2-391844811,S2-730229891,S2-949516218,S2-849073425,S2-308003288,S2-78538804,S2-395545360,S2-378612347
S1-195675964	S2-79038929,S2-527949776,S2-601942475,S3-694725841,S3-306293324,S2-596061199,S2-107557903,S2-427222441,S2-656444296,S2-986867050,S2-758017982,S2-650594439,S2-29791671,S2-508146703,S2-421242034,S2-287693608,S2-430217088,S2-834389216,S2-128452626,S2-222635518
S1-245620451	S3-988163181,S3-674696049,S3-916241250,S2-310723739,S2-91049283,S2-637485608,S2-886989257,S2-436565934,S2-697870384,S2-182308826,S3-153177896,S3-282566669,S2-389598771,S2-305055105,S2-147341056,S2-792213468,S3-161693106,S3-394535060,S2-465598090,S2-308852719
S1-402387176	S2-509909552,S2-346638713,S2-10364422,S2-199377315,S2-393902595,S2-17829343,S2-321268773,S2-569183399,S2-229656817,S2-484483494,S2-56947795,S2-611086251,S2-427949439,S2-689324768,S2-840046872,S2-679483668,S2-85396808,S2-200273357,S2-647232354,S2-635214615
S1-218107486	S2-759808290,S2-920140481,S2-125544477,S2-902643232,S2-709621267,S2-945771765,S2-194039649,S3-750877531,S2-449088274,S2-361145416,S3-250562490,S2-375269241,S3-84516455,S2-353024423,S3-240404915,S3-816122772,S2-844098567,S2-410058732,S2-72650353,S2-635082651
S1-899593553	S2-814602670,S2-916659116,S3-693414246,S2-812715255,S3-66550517,S3-246946757,S2-363150664,S3-544446296,S2-847272890,S2-230982406,S2-103048495,S2-389598169,S3-934549146,S2-759302981,S2-431050832,S2-586065311,S2-349989198,S2-255165738,S3-308121546,S2-850016144
S1-103648967	S2-455124030,S2-269057826,S2-887397945,S2-752713110,S2-531399830,S2-554428595,S2-18193042,S2-655114092,S2-894042080,S2-887647520,S2-650323324,S2-50051460,S2-943424987,S2-856785567,S2-790848656,S2-537345878,S2-619674297,S2-255481825,S2-481803853,S2-539802555
S1-186871220	S2-581270995,S2-669135190,S2-163606583,S2-646844686,S2-988286506,S2-74962143,S2-427491535,S2-557616410,S2-142891013,S2-467891561,S2-581589774,S2-314714146,S2-698326838,S2-322552175,S2-997527921,S3-30231298,S2-132667283,S3-226330568,S2-373280427,S2-311658127
S1-856200540	S2-312077425,S2-701978411,S2-819797053,S2-75451124,S2-551703162,S2-133715496,S2-76612687,S2-520328376,S2-510357157,S2-963581398,S2-563218901,S2-143535805,S2-181542788,S3-980191092,S3-308698332,S3-384598962,S2-648497191,S2-784229498,S2-998882497,S2-306443973
S1-952064431	S3-833435086,S2-297438809,S2-244102134,S2-590837982,S3-585194120,S2-300796780,S2-950986451,S3-575577399,S2-679738088,S3-832558677,S2-677095875,S2-100226066,S3-176557962,S2-646711069,S3-54634119,S3-623271868,S2-611632224,S2-456956331,S2-136094774,S3-880760187
S1-15967051	S3-855380717,S2-88104785,S2-667292189,S2-323299641,S2-234976065,S2-175406915,S2-324076626,S2-620021988,S2-85140229,S2-339003866,S3-418868973,S3-795491443,S2-415076865,S2-682041194,S2-341561772,S2-15662189,S2-225890262,S2-810789047,S3-733352474,S2-912448221
S1-499785692	S3-198667605,S2-551066372,S2-737485314,S2-939067850,S2-581634694,S2-867753207,S2-192461597,S2-845347450,S2-586268188,S2-72886455,S2-945859688,S2-890349890,S2-688732710,S3-101439708,S2-983078220,S3-576306898,S2-936818281,S2-859100204,S2-338736936,S2-345438689
S1-954789288	S3-918273431,S2-162494151,S2-153396572,S2-414106578,S2-408951603,S2-779291094,S2-643690384,S2-852091223,S2-98543492,S2-796105180,S2-314898805,S2-383431516,S3-302989404,S3-150178812,S2-868439810,S3-57593710,S2-886106462,S3-990903101,S2-202910472,S3-782591631
S1-543400611	S2-380409816,S2-404696478,S2-457887451,S2-323990787,S2-578050201,S2-618293523,S2-652991255,S2-581563396,S2-597217147,S2-182688369,S2-302292521,S2-242267610,S2-717290151,S2-348965315,S2-929068248,S2-257039201,S2-194898310,S2-326354763,S2-318626522,S2-176282207
S1-552047258	S2-67380924,S2-12791613,S2-980569997,S3-80445728,S3-428514109,S3-904790066,S3-36337352,S2-569926536,S2-394951948,S2-651573846,S2-410251708,S2-68484510,S2-877333068,S2-824893858,S2-994690705,S2-619134879,S3-692631990,S3-230109175,S3-496906998,S3-95561813
S1-654184515	S2-551352513,S2-295709831,S2-843139123,S2-559518009,S2-266475696,S2-239800979
S1-276858394	S2-124355652,S2-178779915,S2-796741075,S2-129319947,S2-635038644,S2-477732440,S2-630787123,S2-529160777,S2-517308967,S2-759398822,S2-713917441,S2-951661363,S2-618314392,S2-145022105,S2-331656248,S2-552693453,S2-315938874,S2-789166215,S2-658732901,S2-153107525
S1-533888847	S2-731695209,S2-182929319,S2-958336292,S2-370170148,S2-402166395,S2-763711714,S2-520375077,S3-167120458,S3-901079393,S3-128771145,S3-820309661,S2-17581117,S3-846169135,S2-305802357,S3-845598078,S2-155980234,S2-724042402,S2-290720381,S2-29072891,S2-630031539
S1-323057996	S2-658616975,S2-267158013,S3-394271549,S3-413041401,S2-697560373,S2-153590190,S2-27081170,S2-454384904,S2-234872195,S2-375849614,S2-151772630,S2-645452316,S2-553574300,S3-310997048,S2-500314924,S2-5273595,S2-738338325,S2-795080120,S2-443497474,S2-667998932
S1-320086079	S2-177399946,S2-975042562,S2-844181348,S2-717786782,S2-346993762,S2-645667304,S2-299086001,S3-464375890,S2-970660141,S2-973421138,S2-111111960,S2-178688628,S2-580092113,S2-451467390,S2-906987507,S2-329191783,S2-93595865,S3-425838219,S2-373096107,S3-779965488
S1-855616906	S3-324938597,S2-900959400,S2-57068753,S2-461663542,S2-717733939,S2-284767233,S2-48170422,S2-954554968,S2-718805694,S2-512105189,S2-150275514,S2-462908361,S2-602304881,S2-19893136,S2-669256703,S2-950170744,S2-234304454,S2-143004935,S2-214991675,S2-10378272
S1-744754397	S3-723527328,S2-312033138,S3-513957230,S2-862966789,S2-187135263,S2-624838087,S3-517988597,S3-668309140,S3-111769605,S3-63698844,S2-394012999,S3-21316643,S3-473942814,S2-678630055,S3-36179469,S2-315725743,S3-937261368,S3-620990760,S3-845594904,S3-672967321
S1-152508801	S3-440003040,S3-647388769,S3-311099550,S2-56418417,S3-28162979,S3-102852571,S3-422568485,S3-466123158,S3-825713403,S3-957221981,S2-994171335,S2-231853562,S3-258396342,S3-594784180,S3-820480444,S3-862356466,S3-205540529,S2-67158439
S1-307615125	S2-30419437,S3-581938595,S2-938600928,S2-583833939,S3-949688347,S3-597688026,S2-707332438,S2-710704519,S2-994238565,S2-106942683,S2-948175928,S2-297960743,S3-981964049,S2-427307176,S3-764757515,S2-506213912,S2-769177707,S2-47877274,S2-745566697,S3-382328718
S1-143536197	S2-966411188,S2-693228393,S2-527571722,S2-67446602,S2-61859157,S2-412830021,S2-562440556,S2-16605540,S2-899024796,S2-381917291,S2-424732847,S2-329885586,S2-378654746,S2-771466285,S2-705273683,S2-35747463,S2-640726535,S2-276107544,S2-678360279,S2-832266167
S1-618419675	S2-652114082,S3-81971153,S3-178206706,S3-911538155,S3-396399117,S2-56184248,S2-746768156,S2-106990916,S2-742411801,S2-498413641,S2-811071240,S2-645022140,S2-328193602,S2-635410142,S2-430446867,S2-662355514,S2-14370070,S2-476552034,S2-998496691,S2-230355607
S1-259620026	S2-807337566,S2-708101560,S2-897758124,S2-828050600,S2-891155479,S2-270521088,S2-380436125,S2-196430197,S2-959731145,S2-21994381,S2-475951531,S2-59751310,S3-545221174,S2-851169378,S3-679969178,S2-357683353,S2-343611917,S2-289898998,S3-438390244,S2-212476792
S1-584838253	S3-107218932,S3-40704067,S3-878153677
S1-39575732	S2-100181112,S2-133583268,S3-761014732,S2-701544854,S2-875643927,S2-998201577,S2-693587084,S2-10431993,S2-687579741,S3-374264058,S2-726969587,S2-692412234,S2-104009733,S2-512741468,S2-362621023,S2-314049815,S2-676165602,S2-615114075,S2-335069664,S3-496292197
S1-692949559	S2-737917815,S2-897538561,S2-713220621,S3-110663749,S2-30182724,S2-960437493,S3-598527360,S3-272587052,S2-753072927,S3-424715377,S2-983592959,S2-149565649,S3-610565931,S2-413028708,S2-698265250,S3-392991033,S3-535666442,S2-985571506,S3-518989824,S2-563237988
S1-777929094	S2-217504875,S2-496803595,S2-672392100,S2-710163937,S2-76009452,S2-329072925,S2-601304168,S2-210879384,S2-693385078,S2-241054547,S2-896823041,S2-797018747,S2-164055745,S2-568741977,S2-480158827,S2-761095478,S2-242535459,S2-706750304,S2-828739074,S2-8105634
S1-31931266	S2-218448251,S3-265514246,S3-493869578,S2-648872469,S2-43464595,S3-941946597,S2-219700511,S3-117814172,S3-932831096,S3-865333766,S3-42860964,S3-195952601
S1-337081657	S3-709460558,S3-272197397,S3-449694576,S3-804153881,S3-375730952,S2-648438260,S3-619832323,S3-911391210,S3-565701240,S3-813688170
S1-478404464	S3-118991403,S2-524607849,S2-516621329,S2-467901537,S3-254547161,S2-845974866,S2-808415747,S3-65086771,S2-110743232,S3-149124970,S3-848585387,S2-432727723,S3-203092428,S2-463546382,S3-560604512,S2-513076482,S2-825564509,S3-857047737,S2-649396899,S2-365119436
S1-916370847	S2-551906016,S2-954391431,S2-93755193,S2-90169572,S2-588139246,S2-137873435,S2-657297387,S2-439557415,S2-449060661,S2-671852316,S2-196049810,S2-850366494,S2-571700211,S2-253859951,S2-662114588,S2-39012531,S2-100199347,S2-131675854,S2-631865616,S2-85047381
S1-373387246	S2-52734457,S2-4859084,S3-959313455,S3-110236940,S3-980077060
S1-769814533	S2-636403911,S2-198661843,S2-971311534,S2-888992234,S2-824684047,S2-69525447,S2-738620477,S2-599144883,S2-178461601,S2-35358531,S2-804497634,S2-917215319,S2-722096480,S2-925337503,S2-695068332,S2-908661137,S2-906363654,S2-503434029,S2-606401943,S2-764083721
S1-423303116	S2-738785346,S2-679028686,S2-60938994,S3-143856842,S3-104737230,S2-348771999,S2-415593439,S3-770301519,S2-547846724,S2-32682124,S2-601844955,S2-714456197,S2-555561596,S2-830867872,S2-366844086,S3-185411418,S2-763966116,S2-985128408,S2-215254252,S2-665792630
S1-765122448	S3-320090764,S2-553572793,S2-291951298,S2-41951784,S3-587181234,S2-716132432,S2-322762065,S2-735033895,S2-286756581,S2-345458398,S2-7890240,S3-789449825,S2-620073074,S2-48293175,S2-726252641,S2-345107362,S2-911789720,S2-132866851,S2-534077704,S2-758199471
S1-143143410	S2-373582549,S2-876876907,S2-55719056,S2-237500935,S2-859616486,S2-310612356,S2-352219285,S2-856227845,S2-972633160,S2-690972400,S2-638943242,S2-629757248,S2-534079542,S2-244888886,S2-17271060,S2-883716082,S2-763149837,S2-875867419,S2-476281387,S2-110129237
S1-45193124	S3-468234285,S2-627832186,S3-604167429,S3-752193117,S3-305934322,S2-636996693,S3-4768829,S2-49597405,S3-436194986,S2-995250820,S3-15553534,S2-302476043,S2-614657425,S2-136992755,S3-773836266,S2-602190911
S1-957659829	S2-24634445,S2-920756535,S2-432161173,S2-707045894,S2-351869951,S2-250708628,S2-205426379,S2-751407165,S2-59125050,S2-443753104,S2-210631590,S2-118844808,S2-418766988,S2-707000935
S1-783895442	S2-19172026,S2-428800748,S2-726876968,S2-109346517,S2-735017058,S2-275089379,S2-858479410,S2-963033405,S2-678301580,S2-717849346,S2-539695268,S2-711742969,S2-879281098,S2-784382629,S2-679059682,S2-366115274,S2-43602482,S2-399677809,S2-191831400,S2-221954011
S1-241194969	S2-40555063,S2-709000249,S2-487791983,S2-944692299,S2-905823562,S2-10993652,S2-744178117,S2-408305993,S2-740482096,S2-616244402,S2-919231689,S2-235374449,S2-912140546,S2-93316350,S2-563773377,S2-148150788,S2-570430466,S2-302778365,S2-709804335,S2-883111569
S1-906946241	S3-620459937,S2-944245377,S3-436122582,S3-763658961,S2-267934830,S2-276094149,S2-496846455,S3-986820458,S2-277296103,S2-260609868,S2-919213296,S2-763877258,S2-376037808,S2-837475024,S3-527081609,S2-27094870,S2-728062463,S3-219428723,S2-315517931,S3-671544870
S1-660027440	S3-371678880,S3-845975647,S2-557707044,S2-142363283,S2-340661713,S2-921404827,S2-860760642,S2-949584853,S3-425367687,S2-658665296,S3-258225788,S2-466165465,S2-260270376,S2-773501319,S2-231985179,S3-429395685,S3-278019285,S3-946222114,S3-370712747,S2-915953514
S1-461670379	S2-208695940,S2-789213227,S2-626280699,S2-377292134,S2-577972441,S2-865639122,S2-459411513,S2-587243233,S2-395989111,S2-260757931,S2-521937463,S2-450097954,S2-968260543,S2-897764690,S2-759491363,S2-613319735,S2-311252187,S2-206221665,S2-92131596,S2-274948542
S1-985740908	S2-351758526,S2-118195187,S2-973857201,S3-726562159,S2-849951422,S2-254748195,S2-708828834,S2-202188954,S2-534646524,S2-93175091,S2-577121251,S2-769521158,S2-95524631,S2-366526973,S3-588210769,S2-641782333,S2-519385931,S2-975901268,S3-211535542,S2-499912877
S1-870743390	S3-326164527,S3-605496779,S2-259616022,S2-651253389,S2-550174767,S2-434663987,S2-610993002,S2-452010454,S2-851230205,S2-312976768,S2-680447582,S2-387883506,S2-486865253,S2-822541633,S2-44028440,S2-79196460,S2-408499436,S2-219417847,S2-252352918,S2-395589836
S1-575174642	S2-560767927,S2-426795303,S2-908914308,S2-118991345,S2-803423339,S2-665214700,S2-601598548,S2-481800991,S2-116940733,S3-694080612,S2-859199658,S3-239998079,S2-832134229,S2-494426376,S2-707233619,S2-122777353,S2-142053905,S3-907621055,S2-788861424,S2-330345360
S1-828526849	S2-832686081,S3-5674633,S3-830889338,S2-600690262,S3-812324663,S2-465657592,S2-849028,S3-723148825,S2-503730933,S2-878241582
S1-670774972	S3-327856374,S2-514298001,S2-353845993,S2-549294347,S2-551754657,S2-971115324,S2-969301764,S2-735204021,S2-556869113,S3-810172707,S2-75594451,S2-973620669,S2-51186743,S2-235116168,S3-818640834,S2-663776414,S2-243346746,S3-584436647,S2-619328582,S2-847737428
S1-222836798	S2-690569624,S2-965521247,S3-27424026,S2-19671183,S2-321773362,S2-588839327,S2-122295793,S3-535215574,S2-457807766,S2-786374495,S2-796799531,S2-459831302,S2-311491789,S2-666253289,S2-345549323,S2-337194685,S2-459935120,S2-901246126,S2-42828203,S2-32761473
S1-941927098	S2-342345469,S3-962332856,S3-94289489,S3-721301773,S2-896969861,S2-429086224,S2-836398223,S2-321762601,S2-600679469,S2-172901073,S2-421186412,S2-559845356,S2-221614512,S2-402380035,S2-444884672,S3-780107698,S2-595972058,S2-767897206,S2-51138222,S2-228225696
S1-36050400	S2-534588651,S2-757268301,S2-365930492,S2-170926375,S2-188338789,S2-95678919,S2-237985350,S2-380037151,S2-247683484,S2-412610635,S2-762010772,S2-851273727,S2-67581758,S2-985658157,S2-147366365,S2-886160658,S2-417404392,S2-654282427,S2-832213576,S2-876316392
S1-480447397	S2-352477093,S2-15063847,S2-407062343,S2-733406949,S2-817026751,S2-957669078,S2-730895389,S2-238063798,S2-827739825,S2-363352830,S2-817041324,S2-803867350,S2-3818680,S2-139917468,S2-15481690,S2-786822785,S2-416073425,S2-324306208,S2-936967835,S2-622161778
S1-810784492	S2-106631099,S2-589349497,S2-34479887,S2-255191549,S2-908592413,S2-932738865,S2-865376762,S2-727402558,S2-3290158,S2-154056876,S2-991100803,S2-806586209,S3-403362497,S2-649549847,S2-17511923,S2-427291451,S2-704974544,S2-621039637,S2-142410217,S2-35029840
S1-311974093	S2-441039894,S2-578663598,S2-180634728,S2-14840371,S3-871819463,S3-803558788,S2-645508022,S3-500820564,S3-47692106,S2-927648140,S3-164744460,S2-651352740,S3-265791292,S2-187841044,S2-562364165,S3-858030265,S3-468747919,S2-472824180,S3-860567217,S2-485280761
S1-59070872	S2-895657665,S2-666550491,S2-411704281,S3-468828848,S3-210446531,S3-724460600,S2-616939452,S2-62549249,S2-126862329,S2-747122731,S2-859628499,S3-273599540,S2-45099083,S2-295275164,S3-891118755,S2-752770010,S3-173552811,S3-620113130,S2-454194779,S2-727299187
S1-226072612	S2-581710799,S3-306917068,S2-990357359,S2-886047408,S2-338840115,S2-751092624,S2-287796827,S3-93079541,S2-209687321,S2-888504848,S2-604367407,S2-701412435,S3-245275505,S3-731335463,S2-198148821,S3-685010113,S3-212103366,S3-982332489,S2-829627740,S2-781832282
S1-142032781	S3-714193876,S2-460326399,S2-567784025,S3-924625709,S3-565579868,S2-292333354,S2-770495504,S3-323173812,S3-879128039,S3-157136681,S3-929386385,S3-9572094,S2-970408410,S3-663916623,S3-889317215,S3-131968171,S2-505414261,S3-259125066,S2-976683328,S2-598717080
S1-45340570	S2-621814903,S2-667400645,S2-346638713,S2-398298073,S2-71102638,S2-121371485,S2-33902044,S2-587679768,S2-136480825,S2-663077516,S2-387742668,S2-875881422,S3-262250514,S2-794070233,S2-415765513,S2-272860183,S2-968086178,S2-554432229,S2-53057939,S2-255481825
S1-917054737	S3-340086735,S2-121218781,S2-317498395,S3-467282938,S2-191556818,S2-835939446,S2-254126658,S2-565668493,S2-920965774,S2-833262061,S2-118578478,S2-130000947,S2-137510495,S2-906794992,S2-770163355,S2-713754625,S2-740923163,S3-773665440,S2-603127395,S2-16673748
S1-740535429	S2-475498495,S2-842724576,S2-962454104,S2-575963641,S2-701713657,S2-555573436,S3-577301687,S2-210879384,S2-539933445,S2-137492280,S2-99837292,S2-164055745,S2-568741977,S2-809124476,S2-828739074,S2-8105634,S2-194942958,S2-907721595,S3-258118712,S2-119374797
S1-547382550	S2-308579150,S2-904280964,S2-839962122,S3-21752199,S3-414533951,S2-999548180,S2-838595741,S2-773196152,S2-67995225,S2-741428829,S2-134343871,S2-189245819,S2-114125216,S2-129882176,S2-152523406,S2-62908916,S2-984762458,S2-288265310,S2-650437000,S2-833514641
S1-705324532	S2-23501635,S3-555336504,S2-634049706,S2-220817548,S2-994951703,S2-316990316,S2-445528656,S2-590680320,S2-432472002,S3-8041986,S3-81697524,S3-302118444,S3-774846159,S2-368831883,S3-7150864,S3-369699895
S1-754493357	S2-489913069,S2-532675738,S2-414044395,S3-511650093,S2-948004061,S3-94158342,S3-535814508,S2-2095002,S2-251724567,S2-871193572,S2-670709859,S2-291508820
S1-831250685	S3-341911790,S2-851425346,S3-604347133,S2-840265634,S2-693368483,S2-284481505,S2-17473212,S2-982789981,S2-10315717,S2-797032719,S2-833293716,S2-656266438,S2-463284266,S2-443627857,S2-325753624,S2-497518999,S2-791873786,S2-470212986,S2-924231624,S2-197540838
S1-522913763	S3-784213896,S2-919410954,S2-579400517,S3-628286939,S2-576117130,S2-774556585,S2-911512885,S2-675995948,S2-177393621,S2-392600040,S2-78001064,S3-287596947,S2-383402625,S2-327055290,S2-351536283,S2-268016359,S2-391020136,S2-574584211,S2-753241749,S2-911662262
S1-934216469	S3-416383007,S3-343452353,S2-277809370,S2-692757695,S2-214772929,S2-115114446,S2-963500346,S3-555062258,S2-899351957,S2-731272233,S2-500623682,S2-321412314,S3-58047287,S2-437591714,S2-23013012,S3-250464947,S2-392809286,S2-834876903,S3-430422666,S2-160739863
S1-860733442	S2-896145074,S2-904962932,S2-799280139,S2-375488104,S2-916383925,S2-693603365,S2-884859830,S2-69648403,S2-803532544,S2-569072996,S2-587126178,S2-72265748,S2-764098012,S2-462269697,S2-662622839,S2-787825386,S2-194184115,S2-804033804,S2-910026414,S2-403589395
S1-750661182	S2-665448008,S2-812006203,S2-647707269,S2-127718627,S2-825083844,S2-263522740,S2-736289435,S2-448174517,S2-212403385,S2-757540981,S2-130563592,S2-407677597,S2-7596882,S2-453204775,S2-182864047,S2-346028623,S2-96947243,S2-365264034,S2-725889286,S2-892006439
S1-881055954	S2-304901340,S2-790145633,S2-342962319,S2-590170802,S2-609581326,S2-957386772,S2-406944623,S2-573031509,S2-318810047,S2-260888952,S2-723596134,S2-229788938,S2-145000580,S2-451836963,S2-88796337,S2-267671732,S2-890054489,S2-934840760,S2-537048460,S2-505833156
S1-514613275	S2-908543848,S2-698940261,S2-536274640,S2-147434959,S2-879833322,S2-177885047,S2-628894632,S2-755172534,S2-15571192,S2-879687617,S2-802153187,S2-56458333,S2-496618621,S2-686663091,S2-235905825,S2-161609036,S2-575889262,S2-174473323,S2-951970926,S2-167168113
S1-914583493	S2-171844179,S2-775209424,S2-404273474,S2-940573718,S2-842140692,S3-616861510,S2-521660658,S2-611527711,S2-883304018,S3-868383942,S2-349698816,S2-960752525,S2-381927331,S2-377468802,S2-894558418,S2-876348838,S2-664615263,S2-319221246,S2-367541223,S3-352306474
S1-607890592	S3-186891008,S2-286204047,S3-682147400,S3-895878517,S2-688637977,S2-324192936,S2-926188195,S2-636585747,S2-798820318,S2-105751184,S2-969491396,S2-260443597,S3-301682044,S2-222623663,S2-256371728,S2-905388882,S2-697682804,S2-562592323,S2-196205862
S1-123576263	S2-832761728,S2-672392100,S2-121933134,S2-171400053,S2-264951839,S2-255462901,S2-809050068,S2-34516684,S2-595812239,S2-17829343,S2-484483494,S2-920374203,S2-487900272,S2-978307502,S2-10009379,S2-860947028,S3-88661320,S2-262398612,S2-873929373,S2-767997013
S1-351949258	S2-503043705,S2-367044401,S2-889738989,S2-625165363,S2-812903108,S2-403323735,S2-502037324,S2-840925378,S2-965398157,S2-79583240,S2-407916285,S2-750189957,S2-519966999,S2-539013938,S2-614138272,S2-86481987,S2-248866494,S2-56873495,S2-175357354,S2-303963077
S1-652287609	S2-880470957,S2-7204821,S2-902996327,S2-735297292,S2-677504021,S2-831933327,S2-827125724,S2-211351739,S2-553971690,S2-473390217,S2-567557396,S2-46746151,S2-613875840,S2-901955664,S2-731275117,S2-378380624,S2-981369013,S2-457753565,S2-852667507,S2-376843138
S1-975538421	S2-457726992,S2-58029720,S2-16416551,S2-906632045,S2-954348816,S2-123954898,S2-317027802,S2-806188876,S2-563457512,S2-953948435,S2-713015989,S2-254818555,S2-852483057,S2-859157746,S3-942410366,S2-336049783,S2-165843904,S2-624275594,S2-406659111,S2-171425369
S1-399652471	S2-945886881,S2-762638968,S2-705267461,S3-425741609,S2-538505238,S2-390572031,S2-722172803,S2-743735511,S2-5279392,S2-230446372,S3-870254614,S2-616752200,S2-261920394,S2-75313678,S2-518518982,S2-802274154,S2-371172306,S2-212183822,S2-963387733,S2-591620801
S1-489820330	S3-807222592,S2-604324124,S3-348375629,S2-875277235,S2-880594496,S3-94800936,S3-101640370,S2-947782824,S2-993898851,S2-863660581,S3-523380108,S2-433272648,S2-369312435,S2-837776440,S2-11962051,S2-177996462,S2-165498236,S2-568060066,S2-717016218,S2-373391487
S1-459265885	S2-760136688,S3-458120166,S2-198097644,S2-342446601,S2-250773874,S2-930092646,S2-425875021,S2-396855648,S2-862303068,S2-694068654,S2-139153782,S2-976071161,S2-450400014,S2-107754842,S2-168489915,S3-362505268,S2-518736550,S3-100086540,S2-376847900,S2-620823482
S1-329065638	S2-368330152,S3-655200386,S3-198813725,S2-552601007,S2-845726285,S2-447238271,S2-796802023,S2-208714683,S2-656484914,S2-602315051,S2-180152399,S2-581827899,S2-634458678,S2-424510403,S2-171580048,S2-769729581,S2-968924068,S2-19199518,S2-132651273,S2-813220315
S1-325974220	S2-256092773,S2-320109401,S2-993123257,S2-704059385,S2-268110378,S2-147793428,S2-64573229,S2-737605977,S2-626005947,S2-265879688,S2-802680981,S2-87043956,S3-127528366,S3-233837338,S2-309715817,S3-748295061,S2-368580726,S3-831625184,S2-835715451,S3-507945891
S1-293122678	S3-16395552,S3-49931092,S2-402906825,S2-28419511,S2-839464930,S2-638895438,S2-895698083,S2-48788166,S3-249861972,S2-467006730,S2-52042679,S2-515363837,S2-587018750,S2-873200826,S2-340050534,S2-735504589,S2-480958575,S2-950785573,S2-932758445,S2-413246258
S1-406820024	S2-350171086,S2-872447777,S3-757624330,S2-175192432,S2-7208478,S2-766439340,S3-569950948,S2-780367808,S2-128758482,S2-521483622,S2-72330323,S3-841417819,S2-580025538,S2-972244054,S2-699632119,S2-537814889,S3-4456072,S2-909996230,S2-753741803,S2-655157217
S1-677625506	S2-745574412,S2-146765625,S2-625866952,S2-246770880,S2-123054596,S2-125361138,S2-442939461,S2-104784165,S2-612490816,S2-652088351,S3-45321345
S1-146164660	S2-678770694,S3-344554977,S2-576190118,S3-503158757,S3-446806459,S2-990287047,S2-419786690,S3-935514114,S2-106822000,S3-232945843,S3-886684827,S3-6370859,S3-949223934,S3-68079473,S3-197370980,S2-87214070,S2-802257885,S2-319119003,S3-306903941,S3-181899378
S1-446660894	S3-892991858,S2-655658485,S2-258012265,S2-870837077,S3-17172077,S3-604114564,S2-79766012,S2-147352064,S2-533329909,S3-713351535,S2-252460818,S2-237572324
S1-720831376	S3-309089012,S3-649264856,S2-855066239,S3-27240490,S2-991092532,S2-233546324,S3-215277739,S2-884807252,S2-154868460
S1-322970668	S2-346638713,S2-241269860,S2-661170314,S2-675366569,S2-747592620,S2-608206550,S2-451538092,S2-484483494,S2-24533450,S2-21480418,S2-725361973,S2-153727110,S2-407363000,S2-693790115,S2-608608841,S2-422432587,S2-767825344,S2-344787388,S2-727134185,S2-314093282
S1-603512987	S3-392737060,S2-332499580,S2-728465942,S3-12514443,S2-285926624,S2-821783442,S2-492153426,S2-752958282,S2-339752253,S2-957993318,S2-558941490,S2-663846812,S2-840080968,S2-819962612,S2-318339072,S2-663558168,S2-616390768,S2-106496176,S2-659561187,S2-403909359
S1-515708142	S2-881423085,S2-436735977,S2-874702145,S2-865972861,S3-907610273,S2-481990050,S2-45470952,S2-409491038,S2-377232760,S3-101937030,S3-521339806,S2-624741693,S3-750586918,S2-325000684,S3-863077433,S2-984079529,S3-831049334,S3-498188308,S2-348935931,S2-880197123
S1-621619027	S2-464158415,S2-142636929,S2-987474148,S2-75047229,S2-684194246,S2-988205841,S2-108323789,S2-309464087,S2-389175345,S2-964318302,S2-510002186,S2-146323770,S2-14345892,S2-959694968,S2-52196540,S2-108021130,S2-438240330,S2-260821412,S2-526730352,S2-975019652
S1-571678867	S2-164608345,S2-56758858,S2-173363549,S3-576932306,S2-681903702,S2-673721153,S2-266140807,S3-946678957,S2-449434947,S2-422359379,S2-655989547,S2-396651706,S2-655684181,S2-667261564,S2-448955840,S2-845106738,S2-690974000,S2-870596042,S2-654570634,S3-401161029
S1-475434066	S2-722571254,S2-838909015,S2-171400053,S2-849512498,S2-606224920,S2-736903568,S2-988819067,S2-701496773,S2-422335334,S2-706271348,S2-677475250,S2-657406768,S2-920912982,S2-565874159,S2-749717457,S2-23318984,S2-163657158,S2-72495135,S2-47970510,S2-785720605
S1-44832721	S3-409013469,S3-734766165,S2-820914928,S3-881480892,S2-214489614,S2-309558888,S2-787276065,S3-897210278,S3-767744695,S2-555772538
S1-73643688	S2-43542217,S2-454499299,S2-980536370,S2-762107627,S3-83325401,S2-305930091,S3-335539104,S2-35147812,S2-327989463,S2-677789699,S2-77367500,S3-577410459,S2-813683101,S3-661427371,S2-68207004,S3-901083157
S1-389829785	
S1-908708575	S3-807087074,S2-162476147,S2-307444812,S2-656864217,S2-368446878,S2-531578112,S2-232646495,S2-36765366,S2-814593362,S3-131522110,S3-685159523,S2-778347947,S3-393994609,S3-724549445,S3-894424396,S3-457967223,S3-392760161,S2-483405334,S3-679861589,S3-242731594
S1-407373690	S2-134720663,S3-811672873,S3-920835862,S3-20289290,S3-848665387,S3-700721311
S1-129487038	S2-762869674,S2-739599389,S2-538840120,S2-989225443,S3-317749607,S3-119454432,S2-235620815,S2-745904855,S2-55476035,S2-644512709,S2-529379096,S2-749294515,S2-742380393,S2-735184213,S2-1669664,S2-513181896,S2-783162483,S2-883802188,S3-173173371,S2-660661765
S1-757768634	S2-572550230,S2-969993487,S2-74663364,S2-960402456,S2-151772630,S2-191653607,S2-257063448,S2-768116233,S2-936916016,S2-377944720,S2-817424023,S2-553971803,S2-229862728,S2-662037206,S2-797605783,S2-974807499,S2-555569941,S2-27498033,S2-233251202,S2-712050188
S1-443842458	S2-926133163,S2-813468038,S2-535851223,S3-208061667,S2-19787905,S3-89864730,S2-80622942,S2-786659218,S2-348428623,S2-693889158,S2-631735822,S2-997893711,S2-529918526,S3-402229120,S2-205457683,S2-911703800,S2-358224370,S2-166690160,S2-312332010,S2-296582824
S1-906302489	S2-260949982,S3-127562066,S3-690603607,S2-228996802,S2-902210303,S2-239161455,S2-819115662,S2-305097190,S2-686840124,S2-321367654,S2-320214516,S2-278622651,S2-993416342,S3-107977382,S3-167825127,S3-871883825,S3-553411553,S3-346614939,S3-20215286,S3-126085292
S1-836337159	S2-855640544,S2-760600385,S2-710346048,S2-179065185,S2-223826524,S2-236847505,S2-874586310,S2-765824316,S2-620532515,S2-564012783,S2-152982672,S2-557406404,S2-120300748,S2-580651946,S2-559296948,S2-272653736,S2-198108921,S2-689222703,S2-843372369,S2-217216479
S1-317432810	S2-733379415,S2-121933134,S2-171400053,S2-255462901,S2-447128543,S2-484483494,S2-440788806,S2-413411091,S2-151772630,S2-767997013,S2-986614062,S2-510635651,S2-417829075,S2-521682474,S2-547792042,S2-226188917,S2-150011505,S2-608608841,S2-25830538,S2-770946052
S1-29676446	S2-499848246,S2-301332274,S3-299535241,S3-212600677,S3-208839640,S2-563840419,S2-227628578,S2-47802170,S2-516091869,S2-183146143,S2-666908312,S3-869313756,S3-362672403,S2-595541839,S2-356063694,S2-442073449,S2-689705411,S2-762113629,S3-799913602,S3-226288477
S1-641733504	S2-175987478,S3-803067574,S2-612887689,S2-911094162,S2-931675116,S2-616548489,S2-25153011,S2-230728991,S2-65077415,S3-766678079,S3-743779842,S2-498383013,S2-714444820,S2-765699667,S2-850175765,S2-799031135,S3-491956617,S2-406987724,S2-870099294,S3-528189755
S1-628264763	S3-607844758,S2-289025075,S2-826884849,S2-263211392,S2-958916618,S2-17225214,S2-618983479,S2-472614948
S1-617326546	S2-96368991,S2-217091750,S2-572747167,S2-581712338,S2-721573010,S2-863378900,S2-767242243,S2-510587277,S2-759484504,S2-882636372,S2-544674535,S2-769710367,S2-308808035,S2-933505454,S2-58226230,S2-402845317,S2-235612966,S2-814084967,S2-683333618,S2-382376722
S1-134212823	S3-257106741,S3-186809516,S3-315334947,S3-150556982,S2-479736228,S2-834378122,S2-758681470,S3-820279055,S2-301211079,S2-402889095,S2-681175380,S3-755219096,S2-686293142,S2-599555513,S2-919097080,S3-32795105,S3-140045716,S3-210021464,S3-102145945,S3-404160916
S1-563052726	S2-691893707,S2-463430704,S2-427778193,S2-733379415,S2-733717513,S2-813656146,S2-1590175,S2-634497519,S2-126110878,S2-586495741,S2-407493723,S2-430361587,S2-785112459,S2-949962169,S2-321558399,S2-670384670,S2-668297612,S2-59751310,S2-686945885,S2-964318302
S1-468536106	S2-71849770,S2-41945157,S2-824673066,S2-442609475,S2-8693773,S2-243817815,S2-539503855,S2-663462850,S2-477854098,S2-526869908,S2-225070059,S2-618482945,S2-8497800,S2-953953885,S2-825280901,S2-800982560,S2-192007364,S2-227476658,S2-609658451,S2-845949470
S1-14173735	S2-268088559,S3-475105538,S3-715062536,S3-704499446,S3-515918276,S2-293556777,S2-120826040,S3-334904948,S3-285977012,S2-208429214,S2-249143755,S2-695673934,S2-222115606,S2-901083665,S2-738822092,S2-116898819,S2-914034924,S2-304794747,S2-529790156,S2-171458406
S1-332647251	S2-430164086,S2-689077959,S2-548019233,S2-665669145,S2-11342506,S3-974381642,S2-543148991,S3-148387719,S2-289698212,S3-207891828,S3-248475254,S2-583872513,S2-827797937,S2-25354175,S2-39992486,S3-623873052,S2-485268624,S2-239421272,S2-693465553,S3-857158717
S1-217957750	S2-622204129,S2-829721793,S3-397944724,S2-562543089,S3-26228597,S2-156040414,S3-688998817,S2-651522455,S3-838832336,S3-654178583,S3-339995557,S2-728531614,S2-155661585,S3-480606290,S2-706582301,S2-504249660,S2-612046925,S2-856749045,S2-828610699,S3-932404329
S1-990121956	S2-881650591,S2-204363204,S2-450455883,S2-963699956,S2-393662964,S3-651651448,S3-393181947,S2-784680477,S3-554396257,S2-960145108,S3-719193741,S2-736445254,S3-420267184,S2-995730033,S3-977494170,S2-959780869,S2-508066159
S1-73778505	S2-578637499,S2-684635300,S3-481921753,S2-553383167,S2-804288500,S2-283902058,S2-247181590,S2-454797027,S2-632685199,S2-110868844,S2-675449668,S2-609413229,S2-835019092,S2-765182666,S3-895424853,S2-358589119,S2-643961384,S3-5317534,S2-187417124,S2-839941111
S1-505499864	S3-335246852,S2-390792704,S2-155059839,S2-111654367,S3-577979653,S2-174561259,S3-656174575,S3-792565376,S3-163781441,S2-321917462,S2-808176024,S2-93744212,S2-882143020,S2-750427076,S3-990120068,S2-703315852,S2-520044211,S2-993325453,S2-258500566,S2-161506009
S1-220921987	S2-79640559,S3-885817023,S2-43894701,S2-970333298,S2-614117462,S2-67555,S2-388303250,S2-907060187,S2-89898516,S2-532683774,S2-516079867,S2-919529536,S2-796780000,S2-459001582,S2-183274070,S2-629630276,S2-384740720,S3-455477472,S2-845638109,S2-548277661
S1-930793828	S2-718977738,S2-466472010,S2-124386236,S2-289018232,S2-844638787,S2-826191854,S2-427460949,S2-851116668,S2-178154086,S2-707109332,S2-658428630,S2-743801510,S2-933829023,S2-145538929,S2-442736392,S2-591151970,S2-637728761,S2-159824810,S2-159861614,S2-747542460
S1-92777166	S2-64728409,S2-607677565,S3-632996833,S2-669405867,S2-65862931,S3-195049658,S2-965769323,S2-778463926,S3-689315087,S2-907116311,S2-502389689,S2-989422437,S2-110125107,S2-404289253,S2-756145738,S2-517531740,S3-103012532,S2-680154016,S3-865670127,S3-398898032
S1-694526898	S2-976445428,S2-59060300,S2-400338481,S2-849262850,S2-413480822,S2-540664895,S2-341552549,S2-399463964,S2-32649644,S2-220193521,S2-539458512,S2-401421560,S2-856634941,S2-341240431,S2-72135345,S2-591533273,S2-768936670,S3-973718705,S2-785949524,S2-204614151
S1-767699511	S2-468222064,S2-940381022,S2-43410550,S2-835538559,S2-97687949,S2-652839505,S2-822903404,S2-330690601,S2-93367946,S2-123390190,S2-20196223,S2-768008335,S2-251733232,S2-402042020,S2-439941234,S2-801105028,S2-681631738,S2-346616714,S2-802706106,S2-458037024
S1-728529555	S2-385544304,S2-324408659,S2-444351031,S2-785101324,S2-71850350,S2-825086615,S2-267134773,S2-749606502,S2-766963957,S2-253261001,S2-340507458,S2-559400634,S2-675952439,S2-240020745,S2-318340543,S2-684404780,S2-260691449,S2-514686318
S1-638128832	S2-697560373,S2-153590190,S2-27081170,S2-454384904,S2-234872195,S2-375849614,S2-151772630,S2-645452316,S2-553574300,S2-500314924,S2-5273595,S2-722944435,S2-738338325,S2-795080120,S2-667998932,S2-806399837,S2-521682474,S2-547792042,S2-304641664,S2-173292909
S1-403810741	S2-195050609,S2-559612834,S2-353852049,S2-82876685,S2-491028550,S2-678446093,S2-683496812,S2-601657989,S2-957850022,S2-83686396,S2-986895219,S2-988647912,S2-133448791,S2-725854925,S2-230118550,S2-965735048,S2-61732442,S2-165367967,S2-675554397,S2-332580288
S1-733594883	S2-42110101,S2-243455407,S2-665102075,S2-311393437,S2-238904287,S2-291028132,S2-655424467,S2-860947028,S2-829581724,S2-823088221,S2-429190741,S2-193182845,S2-71354976,S2-451247253,S2-50658187,S2-599328437,S2-799628102,S2-288360769,S2-436376914,S2-680221298
S1-562491304	S2-767345839,S3-128488034,S3-684792195,S3-933385400,S3-149522770,S3-641751365,S3-937501762,S2-748338148,S2-302423259,S2-564331437,S2-411925851,S2-831297940,S2-949734704,S3-430879921,S2-931199028,S2-686794674,S2-8536610,S2-250097314,S2-380506450,S2-149132980
S1-491136206	S2-178133670,S2-996640307,S2-207137648,S2-172878318,S3-859870279,S2-704887991,S3-555619364,S2-895178944,S2-242393501,S2-390892460,S3-315681459,S2-998683912,S2-213871303,S3-280773635,S2-610360850,S2-379910797,S3-684451124,S3-661713083,S2-531185868,S2-291534169
S1-201112839	S3-447386204,S2-970666259,S3-276314196,S2-719594561,S2-321115173,S2-136169123,S2-658555204,S2-777354915,S2-161125952,S2-504754932,S2-807507032,S3-930531923,S3-137291221,S2-185328661,S2-215620949,S2-233174918,S2-11667435,S2-191661992,S2-742461011,S2-431017679
S1-750513522	S2-855880477,S3-443007804,S3-788427604,S2-509826714,S2-698449726,S2-209675775,S2-311953710,S3-739342747,S2-963304792,S3-183356763,S2-97859903,S3-512259989,S2-900206779,S2-302836013,S2-890334235,S2-379832620,S3-825975960,S2-558818226,S3-267963333,S2-839029983
S1-665694632	S2-220610151,S2-932450729,S2-301805717,S2-134801500,S2-341552550,S2-641260910,S2-871745721,S2-508590881,S2-397551252,S2-961584027,S2-513275632,S2-208479939,S3-623545466,S3-105329906,S2-914782353,S2-79289231,S2-329256962,S2-323591728,S2-388594236,S2-495724545
S1-845833663	S2-887012422,S2-609263299,S2-81818273,S3-39653180,S2-577737315,S2-393260946,S2-754676691,S2-40905098,S2-534605799,S2-871700968,S2-854381770,S2-982880043,S2-561062086,S2-621748331,S2-14903751,S2-462924206,S2-405794689,S2-210403569,S2-126035648,S2-559516908
S1-658355065	S2-144209506,S2-758240281,S2-306648849,S2-525509771,S2-214495992,S2-933169157,S2-515071262,S2-530392260,S2-991966083,S2-687393697,S2-539811213,S2-142583255,S2-46065942,S2-816527540,S2-537119190,S2-78839139,S2-625283889,S2-971568702,S2-637082500,S2-454032587
S1-596614047	S2-822326091,S2-909413905,S2-73303656,S2-340989324,S2-159595121,S2-83356526,S2-956946622,S2-809557133,S2-625905382,S2-226135704,S2-525845626,S2-165555445,S2-594623823,S2-567984848,S2-67331479,S2-464074557,S2-924573550,S2-140292069,S2-787592144,S2-924194092
S1-592294131	S2-290481152,S2-522330910,S2-733379415,S2-171400053,S2-817026751,S2-871919463,S2-151772630,S2-860947028,S2-36553172,S2-667998932,S2-451247253,S2-50395952,S2-866915964,S2-510635651,S2-638508765,S2-926635573,S2-630157262,S2-420242391,S2-856599672,S2-591052054
S1-437062378	S2-911837769,S2-663416319,S2-931510455,S2-116105962,S2-867278515,S2-5194968,S2-207373359,S3-433905111,S2-126933001,S2-115224219,S2-634367946,S2-403966623,S2-215917778,S2-8970244,S2-609068598,S2-18647872,S3-432503473,S2-698602322,S2-945248813,S2-944059666
S1-1120102	S2-388529393,S2-341697774,S2-217753329,S2-116832445,S2-930832159,S2-513337942,S2-50789146,S2-357401062,S2-388848677,S2-511275439,S2-886627473,S2-354857552,S2-716104882,S2-745833145,S2-916671312,S2-629472763,S2-600817644,S2-726602275,S2-422632506,S2-645425178
S1-463400859	S3-367959318,S3-765494928,S2-992208539,S2-699858932,S2-879303047,S2-12799530,S2-570570577,S2-711113587,S3-416397539,S3-607984010,S3-970703883,S3-685319018,S3-919920058,S2-551254121,S3-702710198,S2-706111868,S2-494947232,S3-180588259,S3-314977099,S2-369284022
S1-40438195	S2-831245461,S2-259109111,S3-634614582,S2-881156864,S2-556335807,S2-8996244,S2-736236505,S2-990443545,S3-386863220,S2-907418818,S2-515805191,S2-651047736,S2-277279815,S2-134723038,S3-114417002,S2-422487770,S2-770459953,S2-853167873,S2-610101180,S2-264720049
S1-492055681	S2-490199648,S2-33718651,S2-13730299,S3-173695263,S2-25376749,S2-783531701,S2-542504933,S3-841678878,S3-4215067,S3-878300912,S2-451440917,S2-930755904,S2-219604416,S2-915709808,S3-174589761,S3-827942507,S2-125464223,S3-315656967,S3-266579058,S2-181024604
S1-249155369	S2-522771996,S2-713948769,S2-268554135,S3-378012262,S3-248348559,S2-284723228,S2-222972542,S3-848643431,S3-448258320,S3-317404988,S3-317226776,S2-940829009,S2-271838227,S2-690841654,S2-603930477,S3-175183609,S3-24223037,S2-62208898,S2-562874524,S2-935558932
S1-932632094	S2-529780706,S3-472378981,S2-302174751,S3-968475091,S2-58390618,S3-764693097,S2-446439037,S2-654006110,S3-351523313,S3-930210997,S2-918356878,S3-484278156,S3-688880209,S2-755454742,S3-803770119,S3-332526370,S2-225083621,S2-231498190,S2-828713329,S2-45759108
S1-840718013	S3-645198750,S2-5772228,S2-635861536,S3-364952825,S3-142440800,S3-769004637,S3-523450923,S2-346331905,S2-804032960,S2-807512262,S2-230217132,S2-126865821,S3-289913853,S3-507536927,S3-119105451,S2-259376013,S2-166196566,S3-891881092,S3-613252374
S1-689634385	S2-466163435,S2-410023681,S3-193488739,S2-831387659,S3-617228392,S3-6659974,S2-845467267,S3-115030754,S3-262417056,S3-311428033,S2-147076798,S2-839608622,S3-887179475,S2-219736485,S2-612173662,S2-330748345,S3-374979538,S2-285953222,S2-232211161,S2-539619673
S1-639390518	S2-626429470,S2-493605859,S2-920590085,S2-367282992,S2-671245360,S2-148622220,S2-83314315,S2-594910009,S2-231524157,S2-991233513,S2-73204195,S2-126272083,S2-749072054,S2-357874611,S2-882751197,S2-928734609,S2-477387997,S2-171549682,S3-734490839,S2-709177764
S1-807232527	S2-624183822,S3-55687785,S2-597731056,S2-433429087,S2-445436385,S2-22421109,S2-620376979,S2-592132946,S2-768641078,S2-173336430,S2-43909916,S2-943077811,S2-464847293,S2-582649227,S2-83498437,S2-89997713,S2-624949128,S2-244376429,S2-294631087,S2-829348538
S1-5308195	S2-155105281,S2-73398368,S2-18574675,S2-131282681,S2-68733043,S2-993082797,S2-24546069,S2-188368209,S2-21408727,S2-70029685,S2-359879998,S2-768162400,S2-120470370,S2-479833529,S2-108244427,S2-549457276,S2-462343887,S2-563292576,S2-257988503,S2-850056618
S1-218103420	S2-184512743,S2-883022261,S2-715305644,S2-374598857,S2-102398860,S2-856861738,S2-187201883,S2-503044346,S2-352243420,S2-150941086,S2-12447739,S2-528245207,S2-474976210,S2-44513291,S2-106688048,S2-252262279,S2-206564258,S2-699171483,S2-174459884,S2-104459315
S1-913516047	S2-548032695,S3-901137226,S3-333418064,S3-669006677,S3-410430781,S2-13705517,S3-834487643,S2-725262793,S2-60361674,S2-816417514,S2-907595697,S2-490192072,S3-684813075,S2-519281406,S2-776587077,S3-632243061,S3-905432146,S2-453124149,S2-919707584,S2-448296794
S1-586291714	S2-76797336,S3-793843654,S3-2663359,S3-145858782,S2-614658993,S2-898658375,S2-163591025,S2-661546531,S2-921765861,S2-121907060,S2-706544389,S2-928200054,S2-447248480,S3-288125546,S2-83315996,S2-242660250,S2-830731794,S2-918104661,S2-188634977,S2-42871047
S1-498309017	S2-709927355,S2-147144218,S2-145206227,S2-952593684,S2-121933134,S2-371026986,S2-760600385,S2-171400053,S2-740992066,S2-255462901,S2-210879384,S2-339550008,S2-484483494,S2-295241784,S2-657908641,S2-244127041,S2-429029041,S2-284121533,S2-767997013,S2-320636780
S1-514230893	S2-857074711,S3-27362854,S3-51161633,S2-911723050,S3-844853039,S3-861223529,S3-740891455,S2-580767225,S2-728293986,S2-749691933,S2-127994445,S2-771337809,S3-151608514,S2-930397592,S2-756594112,S2-888162848,S3-2120306,S2-988666429,S2-325703203,S2-799541746
S1-716604051	S2-527914395,S3-404438278,S2-431758847,S2-347488466,S3-958275417,S3-948315603,S2-689696904,S2-913009142,S2-733521043,S3-258867345,S2-809431038,S2-29021540,S2-610126900,S2-66583243,S2-83142482,S3-829586023,S2-78039432,S2-293852672,S2-37100271,S3-392221350
S1-346872030	S2-196049705,S2-386846329,S2-778722505,S2-538776411,S2-55020502,S2-266531600,S2-519508338,S2-613953997,S2-54382542,S2-492258101,S2-234909994,S2-135743632,S2-403162570,S2-91879646,S2-521649969,S2-435323294,S2-294267558,S2-582979031,S2-657848451,S2-641486711
S1-146867417	S3-877996359,S3-592087092,S2-834421750,S2-75838425,S3-527736066,S2-450056310,S2-98084992,S2-66899894,S2-378520931,S2-819750245,S2-303201573,S2-720612213,S3-157848966,S2-153562668,S2-220186603,S2-772127459,S2-689978950,S2-640241324,S3-798958752,S2-518169767
S1-482094020	S2-886732364,S2-774943289,S3-344790750,S2-688289355,S2-17535232,S2-764657291,S2-933575879,S2-268496728,S2-856697138,S2-281167759,S2-456835809,S2-419460154,S2-68818752,S2-75799314,S2-372030928,S2-148631701,S2-255111004,S2-595207507,S2-918076443,S2-454053206
S1-220887760	S3-776491384,S2-706775837,S2-415212510,S2-67038194,S2-655181511,S2-696108154,S2-178523761,S3-549614415,S2-269603611,S2-192490868,S2-658342708,S2-57382384,S2-72899353,S3-845197507,S2-150034573,S2-477216879,S2-628074060,S3-550591377,S2-651511285,S2-374910077
S1-26046875	S2-841531179,S2-162385476,S2-457062762,S2-80194582,S2-367703621,S2-951696772,S2-825866188,S2-600300179,S2-792425759,S2-857883407,S2-70822028,S2-813841226,S2-495837003,S2-192205825,S2-712062367,S2-190619402,S2-24859255,S2-48879393,S2-574278528,S2-315733090
S1-755938174	S2-577074345,S2-149090348,S2-411513749,S2-945672248,S2-999472923,S2-135251670,S2-40174045,S2-279042021,S2-212476792,S2-260272426,S2-501146747,S2-931835277,S2-947522161,S2-176992508,S2-455136459,S2-173223642,S2-487375070,S2-707066557,S3-736500731,S2-410496338
S1-282307218	S3-82470318,S2-373064831,S2-749446444,S2-538103345,S3-819041401,S3-319584832,S2-251473108,S2-257388036,S2-884315810,S3-585489039,S3-1902487,S2-435321926,S3-442448778,S2-917568219,S3-509613415,S2-527204362,S2-480953591
S1-17075718	S2-220537863,S3-363189805,S2-390237537,S2-624825468,S2-48171804,S2-235231883,S3-735079319,S3-521722766,S2-751146520,S2-764486664,S2-965196116,S2-294567970,S3-256159723,S2-267953552,S2-955441060,S2-350233260,S2-700678444,S3-869161548,S3-416480600,S3-165212211
S1-477481289	S3-670281207,S2-266519229,S2-395086808,S2-933828686,S2-226241221,S2-381802246,S3-897958142,S3-383745074,S3-17547179,S3-899418757,S3-286827234,S3-960807042,S3-60251122,S3-956520786,S3-541103143,S3-14839028,S2-562040238,S2-757939714,S2-58085073,S2-427753495
S1-883034077	S2-464624267,S3-577427385,S2-138958130,S3-873065782,S2-275085884,S2-992596201,S2-620771668,S2-967165847,S2-365873779,S3-652861204,S2-441579011,S2-428012789,S2-85205379,S2-478661689,S2-799030141,S2-195682782,S2-405599742,S2-691222710,S2-661041104,S2-819335506
S1-460394558	S2-61037215,S3-168521685,S2-577423002,S2-803382799,S2-664855923,S2-42626592,S2-997391139,S2-838009563,S2-586711442,S2-407095786,S2-610501040,S2-504760653,S2-989930942,S2-540051423,S2-514720155,S2-894180602,S2-785358459,S2-461970343,S2-833433236,S2-304528267
S1-938790742	S2-42364629,S2-495209058,S2-63092212,S2-726272658,S2-747966278,S2-676902773,S2-733558769,S2-946420948,S2-411581907,S2-628486468,S2-776829922,S2-778824708,S2-293887790,S2-228154314,S2-1831216,S2-75538025,S2-462990696,S2-352691414,S2-661660400,S2-105975645
S1-53078701	S3-811948056,S2-360585832,S2-755887294,S2-53864835,S2-971953630,S2-950139252,S2-76072219,S2-459737157,S2-92272915,S2-323003081,S2-596964530,S2-799538233,S2-449805472,S2-33789446,S2-513623548,S2-587594416,S2-514946128,S2-4353179,S2-232068048,S2-844271538
S1-440988123	S2-937125335,S2-145427049,S2-412397561,S3-842944152,S2-132872359,S2-712909383,S2-157187925,S2-236933165,S2-799812823,S3-793298637,S3-234873012,S2-26594258,S2-189118592,S2-383967424,S2-836057143,S2-936817495,S2-362315434,S2-805711211,S2-972076199,S2-13019061
S1-903289741	S3-358631831,S2-420561153,S2-954244736,S2-541282972,S2-559494750,S2-421909702,S2-697323459,S2-271811509,S2-17278665,S2-225343375,S2-154838983,S2-339974980,S2-379565581,S2-519619840,S2-643189141,S2-18350205,S2-145578823,S2-110199306,S2-36493720,S2-627217762
S1-289522425	S2-493346173,S2-73643021,S2-685740804,S2-870047897,S2-401099965,S2-504837702,S2-326102846,S2-486939121,S2-852192799,S2-607823263,S2-959694968,S2-154085029,S2-631787070,S2-811635798,S2-620875041,S2-108021130,S2-441802108,S2-889243203,S2-80476929,S2-65037321
S1-980287383	S3-286026571
S1-307993358	S2-584009393,S2-427013153,S2-191661992,S2-368474989,S2-63367724,S2-749258736,S2-835348720,S2-199299888,S2-616447077,S2-996823478,S2-826128827,S2-293630968,S2-70740161,S2-396608530,S2-887035305,S2-56679346,S2-161365347,S2-706355374,S2-873760688,S2-756606388
S1-924082974	S2-711313605,S2-497867787,S2-562931537,S2-63117139,S2-121933134,S2-173496849,S2-982779487,S2-171400053,S2-604401691,S2-241352407,S2-255462901,S2-555667631,S2-430361587,S2-347555508,S2-159269561,S2-761748212,S2-377032895,S2-380572978,S2-466575053,S2-484483494
S1-581219602	S2-326411330,S2-408837684,S3-958715773,S2-67794485,S2-687645417,S2-181230447,S2-506285225,S2-957954702,S2-654720478,S2-588153133,S2-149090348,S2-647107752,S2-966248268,S2-314915934,S2-139455141,S2-768939888,S2-644659061,S3-594692322,S2-92036648,S2-81791890
S1-667108166	S2-12890286,S2-252265739,S2-543540996,S2-818657949,S2-262394022,S2-371338712,S2-694469160,S2-546863754,S3-955187334,S2-711403287,S2-41886135,S2-727833240,S2-979197972,S2-764170671,S2-103781604,S2-524001526,S2-127839010,S2-124429210,S2-491033821,S2-534394408
S1-307875866	S2-683208152,S3-399713157,S3-275951138,S3-747397291,S3-41685779,S2-547316363,S2-502307801,S2-359863276,S2-188604362,S2-240654253,S2-870430276,S2-317687489,S2-372229937,S2-550535457,S2-633969693,S2-973542116,S2-666226891,S2-123748721,S2-307697700,S2-978219761
S1-100460794	S2-424567375,S2-284152920,S2-691263565,S2-555175777,S2-388303250,S3-518174802,S2-269609109,S2-83501642,S2-182398426,S2-103409239,S2-319176236,S2-614652660,S2-653321495,S2-915758279,S3-281890884,S3-849530770,S3-643439142,S2-46237740,S3-678065754,S2-767429382
S1-248613636	S2-168197133,S3-983841140,S2-417085579,S2-842411596,S2-892854804,S3-236206712,S2-126271645,S2-168934143,S2-516205895,S2-890812679,S3-525896203,S2-162084942,S2-565291333,S2-53325981,S3-944089505,S2-218972517,S3-886028899,S2-55759753,S2-652580859,S2-558876315
S1-786664553	S2-699219403,S2-282479330,S3-193470631,S2-279622128,S3-153500020,S2-749508838,S2-458552904,S2-719461058,S2-180348090,S2-865211961,S2-420138420,S2-293064631,S2-824824682,S3-955372782,S2-974798660
S1-344144068	S2-285630066,S2-953118663,S2-317453253,S2-701966725,S2-121227019,S2-516874971,S2-167336346,S2-919255967,S2-673694521,S2-151772630,S2-395894430,S2-72617554,S2-521682474,S2-926055501,S2-714746510,S2-547792042,S2-263241253,S2-323936644,S2-204129179,S2-173292909
S1-126953632	S2-38391562,S2-416122761,S2-412606256,S2-482076310,S2-816079044,S2-213978187,S2-382210909,S2-113113307,S2-897676083,S2-162799562,S2-255722172,S2-141900430,S2-782648060,S2-381266608,S2-631216408,S2-260859498,S2-994284429,S2-931376604,S2-351772551,S2-341597713
S1-557370412	S2-432192034,S2-64499465,S2-917709896,S3-122419849,S2-966266081,S2-437544592,S2-942998019,S3-41672739,S3-146945534,S3-72891797,S2-491938509,S3-345590044,S2-489331819,S2-899862204,S2-232218800,S2-44857418,S3-255870452,S3-357769963,S3-790799382,S2-286941455
S1-616686159	S2-354012592,S3-342431545,S3-112565237,S2-966411188,S2-693228393,S2-527571722,S2-67446602,S2-61859157,S2-412830021,S2-562440556,S2-16605540,S2-899024796,S2-381917291,S2-424732847,S2-329885586,S2-378654746,S2-771466285,S2-705273683,S2-35747463,S2-640726535
S1-276052128	S2-103538789,S2-97793462,S2-722571254,S2-298508385,S2-18193042,S2-700806609,S2-603995477,S2-887647520,S2-871650614,S2-395326861,S2-988819067,S2-405712858,S2-43587941,S2-988697979,S2-904321810,S2-479192671,S2-72259437,S2-987375262,S2-512532162,S2-684659487
S1-764083611	S2-888260616,S2-270949320,S2-576050969,S2-311752856,S2-234827864,S2-742786829,S2-257259624,S2-882768721,S2-818683876,S2-969203908,S3-749748833,S2-973931314,S2-819907051,S2-176719531,S2-772099422,S3-123426463,S2-608273767,S3-800847000,S2-14610591,S2-762436150
S1-133831982	S2-598506938,S3-632260646,S3-448932419,S2-764572276,S3-359071321,S2-947752524,S2-228114097,S2-101397114,S2-741666196,S2-677238932,S2-126405760,S2-878673091,S3-606244271,S3-619072080,S3-534938012,S2-848114053,S2-824620761,S3-630502577,S2-70125295,S2-144297835
S1-165612846	S2-985373281,S3-753712133,S2-121832781,S2-702148085,S3-590992909,S2-107175334,S3-912936452,S2-376901102,S3-114152420,S3-912636425,S3-454153687,S2-629451082,S2-338919561,S2-952373044,S3-89840923,S3-288348727,S3-587196627,S3-829106245,S2-531978187,S2-719867025
S1-7803700	S2-866683163,S2-663524302,S2-432395904,S2-159417315,S2-7997695,S2-400876271,S2-724048799,S2-101129583,S2-676198005,S3-105300990,S2-80426223,S2-127289522,S2-402480835,S3-778225321,S2-463924168,S3-558491363,S2-808018368,S2-73773820,S2-748070095,S2-858375763
S1-807068045	S2-693260620,S2-880242483,S2-193944107,S2-122732271,S2-347857679,S2-601205501,S2-623183036,S2-457046427,S2-985418779,S2-541057904,S2-439771574,S2-403348645,S2-596373207,S2-77412413,S2-267195408,S2-788335525,S2-377487908,S2-877320311,S2-310712777,S2-679005831
S1-804329115	S2-588495969,S2-436547268,S3-608215794,S2-783606874,S2-487767554,S2-2681234,S2-319534384,S2-146668716,S2-786994135,S2-271496666,S2-717289533,S2-911107084,S2-75692647,S2-834362899,S2-340958946,S2-418585290,S2-193788765,S2-327522835,S2-200793633,S2-505279631
S1-424447492	S2-818828209,S2-923808351,S2-8851187,S2-982923911,S3-704616586,S2-717331960,S2-672537060,S2-565857162,S2-854640445,S2-598774522,S2-40166855,S2-315518824,S2-510290781,S2-773747735,S2-506403799,S2-702502244,S2-696979482,S2-612975574,S2-811834087,S2-161571674
S1-830121570	S3-70040075,S2-390212823,S2-719041105,S2-772284699,S2-332053847,S2-127374907,S2-518529098,S2-963341198,S2-691193834,S2-918100735,S2-710729387,S2-400825470,S2-924974862,S2-558077052,S2-44479755,S2-858698469,S2-579516146,S3-191514682,S2-754837336,S2-280316691
S1-497960353	S2-857373146,S2-205753754,S3-5890458,S2-258467535,S2-254451810,S2-839505312,S2-247840348,S2-76197806,S2-261526395,S2-380198231,S2-219915209,S2-816219148,S2-660951530,S2-38519600,S2-560174462,S2-934472543,S2-367013279,S2-582708334,S3-554241064,S2-848622311
S1-447171342	S3-230836165,S2-243114968,S2-313846676,S2-382194334,S3-913774466,S2-136008430,S2-970682371,S2-927488900,S2-880025149,S2-388259872,S2-912701911,S3-114400614,S2-366517461,S2-176360901,S2-106364192,S2-631634143,S2-660879559,S2-261371647,S2-924987405,S2-312091535
S1-329937523	S2-551698898,S2-438058831,S2-279117005,S2-927851742,S2-23184287,S2-538506680,S2-19312436,S2-987076074,S2-859546305,S2-714145470,S2-445827133,S2-49323122,S2-1120142,S2-896291805,S2-813281999,S2-704699770,S2-262712359,S3-999003794,S2-805443881,S2-784076232
S1-774138226	S2-73697576
S1-177637478	S2-396052717,S3-293585460,S2-363920836,S2-492438661,S2-734226915,S2-791233394,S2-546465999,S3-665584945,S2-12818270,S2-846430294,S2-847737327,S3-491689281,S3-981590794,S2-866425219,S2-447858129,S2-764751679,S2-325497061,S2-420047473,S2-480771362,S3-748523818
S1-995838881	S2-43913227,S3-490514278,S3-205943857,S2-89172597,S2-715918931,S2-764651027,S2-133645876,S2-657314875,S2-957157030,S2-62696688,S2-683591007,S2-389396478,S2-946872476,S2-36620953,S2-302048283,S2-767622933,S2-38978224,S2-812080223,S2-608798434,S2-556868318
S1-590056143	S3-582787749,S2-967535402,S2-767798860,S3-462886552,S2-354393374,S3-153735403,S3-889307380,S3-779983556,S3-869643223,S3-334801002,S2-397769353,S3-305908022,S3-67185275,S3-975832118,S3-189465634,S3-105663113,S3-730162510,S3-639973834,S3-280960221,S2-742276069
S1-318087936	S3-299004358,S2-703799230,S3-631618871,S3-959445170,S2-465595433,S3-693877989,S2-145860745,S3-818915530,S2-412427230,S3-338624065,S3-189585295,S3-932427098,S2-168591095,S3-444470411,S3-938815848,S3-969737848,S2-243184885,S2-629369446,S2-85514813,S3-26153957
S1-763454556	S2-624553410,S2-514271094,S2-248554505,S2-436753886,S2-751449076,S2-547467917,S2-837074447,S2-176448369,S2-588963066,S2-142373812,S2-660757412,S2-119226152,S2-30134132,S2-469199204,S2-614401953,S2-205900914,S2-428099499,S2-478041558,S2-832367748,S2-450956749
S1-549228388	S2-561700565,S2-871030070,S2-319107499,S2-697634066,S2-185328661,S2-804016810,S2-988592945,S2-212291583,S2-206957287,S2-578453982,S2-929262140,S2-24920741,S2-760176544,S2-713272376,S2-259406265,S2-425661446,S2-709396671,S2-939630934,S2-191311189,S2-949300513
S1-112241089	S2-944804286,S2-529009182,S2-63407838,S2-538776411,S2-287646541,S2-662997724,S2-112528213,S2-892644073,S2-391293566,S2-887123026,S2-49187443,S2-888360162,S2-844478064,S2-261154719,S3-195884796,S2-846641626,S2-940893158,S2-276480881,S2-535638588,S2-238107130
S1-423038111	S3-866751382,S2-323382718,S2-33528422,S3-10924021,S3-963626943,S2-512124131,S3-360502237,S3-821305735,S3-810819506,S2-731912936,S2-305657406,S3-950997205,S3-206692721,S2-743346790,S3-960184622,S2-412653546,S2-947673823,S2-558345491,S3-890540344,S2-531904613
S1-534989528	S2-117126360,S2-488977283,S2-131800054,S2-807771720,S2-425387306,S2-103660956,S2-907682955,S2-392073069,S2-765824316,S2-885754439,S2-383986057,S2-462194220,S2-115549703,S2-559296948,S2-515828078,S2-695140728,S2-309129827,S2-226188917,S2-433467206,S3-778145044
S1-593270583	S2-951535120,S2-153663794,S2-284272356,S2-992255656,S2-42865733,S2-318585327,S2-819087568,S2-604976451,S2-260630112,S2-456137626,S2-269857255,S2-747103189,S2-771554924,S2-531986743,S2-633453308,S2-3876770,S2-753455556,S2-848715722,S2-687836914,S2-187774246
S1-693931224	S2-908017855,S2-59390205,S2-827890796,S2-542113508,S2-168278429,S2-415193396,S2-607425510,S2-256071694,S2-172126469,S2-434879200,S2-981478943,S2-636725823,S3-618481262,S3-812125089,S2-559046450,S3-110626548,S2-977072871,S2-967626806,S2-562585327,S2-730300436
S1-767389281	S2-440861982,S2-928361338,S2-942871766,S2-101216158,S2-569854253,S2-276232217,S2-627555643,S3-88461131,S3-529647337,S2-903066825,S2-50678452,S2-188285335,S2-758060790,S2-668115624,S2-466829838,S2-318788601,S2-968817744,S2-149138170,S2-668022053,S2-38201356
S1-813569355	S2-929695712,S3-885845986,S2-703854732,S2-968189145,S2-746506768,S2-346638713,S2-760600385,S2-710346048,S2-807771720,S2-564575931,S2-6533330,S2-837845440,S2-297273792,S2-894753920,S2-663077516,S2-387742668,S2-210879384,S2-95214502,S2-836524776,S2-415765513
S1-693124776	S3-849129071,S2-861477360,S2-759158976,S3-794635865,S2-634717375,S2-275122765,S2-567218405,S2-286979323,S2-389922588,S2-603603896,S2-565508275,S2-821190970,S2-941510035,S2-368835134
S1-720044635	S2-771238559,S2-83046840,S2-122249996,S2-188254297,S2-470883051,S3-800087329,S2-799010933,S3-982197752,S2-569193410,S3-381117332,S2-603597059,S2-10217638,S2-138293905,S3-677119225,S2-927388223,S2-144039867,S2-213087819,S2-683793701,S2-412613422,S2-855052803
S1-733290007	S2-424219521,S2-855188078,S3-205534579,S2-755745039,S3-509861507,S3-755694815,S3-326135770
S1-228133926	S2-943457496,S2-45330041,S2-598425243,S2-157241113,S2-785864351,S2-114604874,S2-607623565,S2-9700010,S2-94640773,S2-434409378,S2-871004153,S2-578832216,S2-270960981,S2-506391295,S2-915131548,S2-949458983,S2-657128914,S2-207201217,S2-961786053,S2-918972367
S1-558861915	S2-659597793,S2-374259085,S2-247219391,S2-82391824,S2-830599326,S2-745200595,S2-539030750,S2-337960152,S2-731972388,S2-223808150,S2-420240814,S2-574575978,S2-899968491,S2-91592677,S2-94623576,S2-630527496,S2-855253371,S2-582101545,S2-545023960,S2-994917247
S1-669279083	S2-735492149,S3-925423792,S2-501746949,S2-371526119,S3-606133591,S2-408401704,S2-815741452,S2-958490315
S1-488514818	S2-370881176,S2-720883158,S2-324160381,S2-18239116,S2-297900696,S2-336887845,S2-933709873,S2-510167281,S2-526735334,S2-919970570,S2-226375060,S2-348600844
S1-196777004	S2-457001132,S3-508582091,S3-778045878,S2-886005243,S3-176887490,S2-351813381,S2-967265421,S2-790822381,S3-757063020,S2-75146259,S3-584503138,S2-942154404,S2-499717417,S3-614526572,S3-311470638,S2-913927285,S2-231086796,S3-377299693,S3-837489567,S3-834199237
S1-412875621	S3-349248976,S2-829692234,S2-623628997,S2-260551154,S2-974791958,S3-41908283,S2-526937792,S3-438592080,S3-48695305,S2-497823537,S2-947619137,S2-89176876,S2-349202624,S3-200063169,S2-904709035,S2-245593068,S2-923336202,S2-551919545,S2-115238636,S2-813420770
S1-580637198	S2-70502576,S2-330372966,S2-218032131,S2-962433440,S2-790318961,S2-724560543,S3-567304984,S3-742521104,S3-460239684,S2-975356503,S2-788257321,S2-384283669,S2-296834836,S2-199021860,S2-535128562,S2-882489195,S2-741597115,S2-97088749,S2-876139322,S2-941166300
S1-673481371	S2-226689138,S3-253225840,S3-150359883,S2-494297671,S3-462041078,S2-158897446,S2-466785143,S2-541014764,S3-197420536,S2-561721913,S2-109511972,S2-562473832,S3-112512457,S2-457886862,S2-676408262,S3-79073113
S1-937846636	S3-303236785,S2-280619584,S2-524347287,S2-464295584,S2-487016370,S2-733379415,S2-286101811,S2-171400053,S2-241352407,S2-595805510,S2-339550008,S2-388317653,S2-969686609,S2-904347690,S2-666086838,S2-151772630,S2-315692695,S2-874388249,S2-317943152,S2-363575252
S1-145220794	S2-174660144,S3-463167819,S3-534270323,S3-789480671,S2-158626494,S2-912833996,S2-847333905,S3-303167180,S3-888945890,S2-646181173,S2-654739246,S2-96499742,S3-465123279,S2-968908727,S3-843753317,S3-877837482,S2-485528408,S3-882513819,S2-753045976,S2-474540267
S1-251011052	S2-483000216,S2-630189086,S2-721482720,S2-731886685,S2-491145227,S2-403527295,S2-755373739,S3-148925213,S2-977344502,S3-138271338,S2-254128660,S2-523170717,S3-347607343,S2-681739431,S3-742218397,S2-598130852,S2-179987117,S3-513643508,S2-255039351,S2-104266539
S1-489782023	S2-889850387,S2-318566375,S2-287497210,S2-281814132,S2-3575669,S2-764068933,S2-809312347,S2-276410796,S2-486651340,S2-369904403,S2-40578387,S2-161127695,S2-367467168,S2-518521296
S1-370245336	S2-993608776,S2-132128420,S2-852244430,S2-487203596,S2-439004041,S2-932074372,S2-886441733,S2-604639826,S2-562729957,S2-610596154,S2-652399277,S3-782295350,S2-294710515,S2-236910763,S2-230710767,S2-631764633,S3-633750281,S2-520990251,S3-883122838,S2-87249367
S1-237941811	S2-677849376,S3-63579371,S2-193963489,S2-955418837
S1-573016752	S2-407062343,S2-558968816,S2-540211475,S2-882568377,S2-561726705,S2-334444606,S2-784347834,S2-168995229,S2-184525448,S2-889011493,S2-186391693,S3-747305882,S2-722700267,S2-278055453,S2-308538075,S2-315396487,S2-840408359,S2-615014789,S2-599204095,S2-287145866
S1-898097340	S3-218711902
S1-382279860	S2-641104979,S2-735251755,S3-919710982,S3-398560175,S3-171294178,S2-397493569,S3-399753500,S2-980243696,S2-630541202,S2-316612858,S2-11469290,S2-808378359,S2-377886994,S3-368048736,S2-457589187,S2-918299275,S2-82723595,S3-397685381,S2-767063556,S2-320266518
S1-395316873	S2-366858644,S2-853572068,S2-530735679,S2-137457284,S2-253278688,S2-593445229,S2-153517127,S2-201090093,S2-937033447,S2-635130043,S2-391774433,S2-245878292,S2-811678175,S2-302525645,S2-506491839,S2-122708216,S2-380068888,S2-417841495,S2-256057048,S2-258274231
S1-912877974	S3-279297957,S2-320656804,S2-573859925,S2-388299632,S2-822804125,S2-29732577,S3-693809689,S2-296490143,S2-725486947,S2-250687581,S2-157629317,S3-71120299,S2-591936888,S2-184662724,S2-664052951,S2-323038031,S2-657046261,S2-764991377,S2-359047779,S3-380202814
S1-650793969	S3-293076938,S3-234928695,S3-282839420,S3-192683511,S3-825036673,S2-379973870,S3-334986073,S2-16938833,S3-916709528,S2-649508126,S3-934038568,S2-384963952,S3-31392679,S2-117767254,S3-771005384,S2-106989631,S2-144359241,S2-174184630,S2-607822928
S1-74888542	S3-833596598,S2-487775965,S2-40394858,S2-138825414,S2-640241834,S2-240842933,S2-754068971,S2-8106082,S2-473573227,S2-940588044,S2-650532319,S2-35983250,S2-345390501,S2-941675088,S2-249328710,S2-905469809,S2-892257025,S2-443499532,S2-324279376,S2-912464557
S1-573514563	S2-140050083,S2-959404221,S2-780311865,S2-341323179,S2-317547615,S3-55200308,S3-577408908,S2-140484354,S2-51954521,S2-507927573,S2-680958372,S2-938069958,S2-745051270,S2-856700862,S2-456375788,S2-383939795,S2-795611388,S2-954827268,S2-218592226,S2-875302895
S1-596750278	S3-865052344,S2-332864044,S2-92303637,S2-477813483,S2-393350660,S2-312734383,S2-942224372,S2-220366499,S2-134414651,S2-160400940,S2-140408811,S2-49070632,S2-250897050,S2-620964721
S1-154703303	S2-290160204,S2-294389445,S3-790401640,S3-389495681,S3-597959114,S3-554000318,S3-671440387,S2-495313808,S2-751708165,S2-799061079,S2-715092044,S2-403043614,S2-519105292,S2-762310335,S2-555524840,S2-153148427,S2-175987588,S2-490034514,S2-783569063,S2-272564615
S1-126557493	S3-255620553,S3-103418560,S2-741255533,S3-707991891,S3-60994125,S2-699587392,S2-109811495,S2-607103984,S3-450329922,S2-820719361,S2-247626781,S2-649534498,S2-607671047,S2-790732281,S2-428885362,S3-274023645,S2-577776610,S2-400476694,S2-587315636,S2-264963059
S1-725008002	S2-819125372,S2-244481370,S2-561092414,S2-426702956,S2-396528252,S2-635891105,S2-916247941,S2-924220620,S2-880929610,S2-439309850,S2-822920034,S2-141519880,S2-282088493,S2-29358697,S2-409491915,S2-443640022,S2-484461843,S2-757897385,S3-85240214,S2-331155252
S1-988601275	S2-362283186,S3-633815025,S2-8899733,S2-980024201,S2-244038008,S2-828177123,S2-132429223,S2-980731603,S2-635009492,S2-773797849,S2-695189191,S2-158529682,S2-476782796,S2-464176241,S2-669716821,S2-79321612,S2-878544875,S2-361578549,S2-153306127,S2-511836140
S1-753404819	S3-648562165,S3-849355280,S3-641563134,S2-197985018,S2-815170871,S2-964566233,S2-449843467
S1-626419543	S2-3343998,S2-464554375,S3-424498230,S3-248874243,S2-909279014,S2-381011100,S2-702606577,S3-886244928,S3-924228279,S2-290960656,S3-472791951,S2-230906497,S3-906434896,S2-629218233,S2-42987470,S2-710464946,S3-992150718,S2-880950515,S2-358072441,S2-477350663
S1-560457112	S3-689297674,S3-682229955,S2-553748507,S3-770604679
S1-649311297	S3-718548905,S3-676805063,S2-415760237,S2-820001061,S2-785255075,S2-467578557,S2-86379022,S2-418914369,S2-552042251,S2-757748910
S1-652650064	S2-747830567,S2-468277644,S2-131334470,S2-401091792,S2-39879368,S3-334845685,S3-516482746,S3-745736961,S3-588012836,S3-138973060,S3-656378678,S3-768424712,S3-410703902,S2-174322448,S2-648525088,S2-652660950,S2-561098321,S2-212681715,S2-224866274,S2-445288475
S1-778974909	S2-132098287,S2-739031806,S2-998533718,S2-944361957,S2-738487274,S2-235470686,S2-125145662,S2-411800493,S2-823934183,S2-801967066,S2-463321782,S2-554638563,S2-202875112,S2-791018129,S2-663168042,S2-703772421,S2-160098683,S2-376539109,S2-785649856,S2-72825181
S1-958356049	S2-548967990,S2-428453119,S2-574773455,S2-860995915,S2-333896199,S2-697178782,S2-286706813,S2-127433537,S2-288960373,S2-251268811,S2-528753270,S2-442534925,S2-812531965,S2-446701640,S2-112202589,S2-995702249,S2-91944001,S2-206992920,S2-605766375,S2-154984428
S1-55639441	S2-191072386,S2-451165277,S2-491755789,S2-582618914,S2-299738456,S2-38373278,S2-365490098,S2-423731230,S2-213937288,S2-447144284,S2-433969857,S2-255409867,S2-900406299,S2-470551714,S2-762248460,S2-52052686,S3-337077608,S2-174004027,S3-630481423,S2-464955618
S1-642199078	S2-204931011,S2-776261878,S2-221707463,S3-431144311,S2-591818224,S3-474066488,S2-539902945,S3-39800399,S2-488048681,S3-238326345,S3-706546845,S2-834146049,S3-247710174,S2-370120550,S2-658312309,S3-957388342,S2-725576967,S2-554582972,S2-823879511,S2-84469897
S1-244908293	S3-44612619,S2-535472194,S3-367066967,S2-152717742,S3-741153773,S2-324286800,S2-84561085,S2-955199059,S2-31362674,S2-154108298,S3-49780492,S2-429190477,S2-107304466,S2-419105342,S3-670293272,S2-212611923,S2-12987389,S3-450495956,S2-920603651,S3-395202562
S1-272723892	S2-709927355,S2-722571254,S2-740992066,S2-339550008,S2-871650614,S2-663460645,S2-540964861,S2-333613490,S2-765824316,S2-988819067,S2-479192671,S2-421630830,S2-288138359,S2-797302766,S2-501039792,S2-767825344,S2-846352818,S2-235808422,S2-663185933,S2-236730713
S1-843566558	S2-410775840,S2-140777009,S2-395222642,S3-111690704,S3-935441120,S2-914669932,S2-953984260,S2-660144911,S2-852829431,S2-224596948,S2-40579582,S3-809531746,S2-997139170,S2-803707669,S2-315288120,S2-855699602,S2-850243112,S2-118958586,S2-319708152,S2-730022482
S1-454834135	S2-365243177,S2-758765137,S2-579114241,S2-490104980,S2-374388403,S2-236502375,S2-513012896,S2-373900558,S2-42693937,S2-948133021,S2-149377767,S2-243043128,S2-98962874,S2-20730289,S2-285445448,S2-691427563,S3-32847471,S2-513893410,S2-415490005,S2-494775549
S1-419427065	S2-832761728,S2-73818001,S2-27616304,S2-236502124,S2-809050068,S2-267778262,S2-807478263,S2-784046963,S2-357874611,S2-185048111,S2-710199345,S2-300429766,S2-395530092,S2-262398612,S2-696077581,S2-406270393,S2-739997154,S2-151609274,S2-921691864,S2-388594236
S1-328236147	S2-862704904,S2-210795203,S2-163813229,S2-652194691,S2-16488165,S2-154538317,S2-368772803,S2-144083882,S2-70712803,S2-50810479,S2-1106932,S2-385139527,S2-429131371,S2-910658018,S2-64127582,S2-973417364,S2-14498829,S2-220511151,S2-500448901,S2-488314353
S1-333055706	S3-699244088,S2-680705335,S2-715991641,S2-762495939,S2-982361120,S2-150937712,S2-177877168,S2-187892714,S2-599846974,S2-187655573,S2-400404753,S2-827139595,S2-639609845,S2-20791220,S2-223356972,S2-81869203,S2-553661242,S2-920906100,S2-577757109,S2-176914744
S1-189800582	S2-958891333,S3-850248134,S2-617242700,S3-36160531,S3-571471961
S1-755032002	S2-839993267,S2-20384001,S2-714321127,S2-934882330,S2-930696317,S3-958871162,S3-256691047,S3-452392924
S1-667245441	S2-799821010,S2-311284684,S2-463798184,S2-959081484,S3-908110067,S2-706587210,S2-467164492,S3-244878612,S2-722019884,S2-954497252,S3-778245284,S2-155285577,S2-760608409,S2-230742663,S2-583111982,S3-564886468,S3-585259723,S3-587263669,S2-662561196,S2-636884393
S1-257404767	S2-676360669,S2-410082699,S2-795404459,S2-628205338,S2-539054677,S2-66731457,S2-619293627,S2-617708128,S2-640033741,S2-806710342,S2-69325162,S2-281202412,S2-422148967,S2-975005038,S2-664760638,S3-821209904,S2-574187184,S2-366683876,S3-984884667,S2-573971866
S1-562583380	S2-412405759,S2-371753912,S2-214388162,S2-606099735,S3-753049652,S3-460330896,S3-264119856,S2-357710773,S3-89471910,S2-283446037,S2-185246092,S3-731049126,S2-589682638,S2-603905071,S2-969184905,S2-548047187,S3-693362129,S3-866059239,S2-405879433,S3-642287069
S1-864612738	S2-125490396,S2-627079450,S2-673982696,S2-666965898,S3-505774139,S3-722139829,S2-581649977,S2-420489008,S2-876452648,S2-117724283,S2-55719988,S3-607849687,S3-661620522,S2-319518071,S3-148203483,S2-870906728,S3-184638638,S2-628890875,S2-721543540,S2-385617819
S1-49303005	S2-446806610,S2-756123096,S2-570553281,S2-697163780,S2-726887981,S2-767191573,S2-547118227,S2-422985585,S2-809796578,S2-580752317,S2-690353964,S2-974355565,S2-355726112,S2-9935885,S2-708886301,S2-147237822,S2-892567002,S2-197206706,S2-900051853,S2-378158147
S1-324107840	S2-737129448,S2-455159183,S2-405051048,S2-56481213,S2-456411046,S2-833816496,S2-660415571,S2-837092653,S2-363220151,S2-961250843,S2-253234651,S2-446253732,S2-421229815,S2-324178216,S2-194189039,S2-657743337,S2-271068821,S2-684678831,S2-705923550,S2-553328989
S1-700865544	S2-401913718,S2-452399311,S3-843912941
S1-578281785	S2-71929747,S3-26215462,S2-567357598,S3-317218734,S2-446624433,S2-63304238,S3-626011909,S2-594884089,S2-727540107,S3-310880551,S2-228357150,S2-65682935,S2-661198057,S2-376020683,S2-495709245,S2-33648684,S2-696619287,S3-769674258,S3-816207202,S2-398884086
S1-799612793	S3-467303076,S3-651444965,S3-515690921,S2-283788357,S3-661511790,S2-200723255,S2-410156990,S3-621657257,S2-971235520,S2-249034587,S3-168535600,S2-245343807,S3-813440235,S2-938619514,S2-250640038,S3-704876167,S2-582230705
S1-705084429	S2-443068156,S2-318097093,S2-256647542,S2-59240596,S2-464087092,S2-239527695,S2-842269622,S2-91521186,S2-330901897,S2-856585028,S2-898677020,S2-661413932,S2-87725754,S2-920684161,S2-730500004,S2-628837273,S2-879129836,S2-645659841,S2-169727259,S2-689625734
S1-167084059	S2-528725744,S2-778420299,S2-931565470,S2-470345650,S2-84114585,S2-480465314,S2-441772933,S2-802423595,S2-906240728,S2-919315663,S2-367495703,S2-526084648,S2-307092180,S2-630483083,S2-738647590,S2-425891603,S2-762309668,S2-683733715,S2-598247143,S2-96099850
S1-700479380	S2-543848342,S2-414110457,S2-808204126,S3-263015322,S2-868234343,S3-886154857,S2-188844268,S3-999455961,S3-542389087,S2-386701753,S2-190932166,S2-869071970,S2-96320010,S2-318938681,S2-691022491,S2-563757093,S2-839962148,S2-632435880,S2-230076706,S2-387232060
S1-907619545	S2-540342687,S2-552414186,S2-94375092,S2-6877631,S2-494647833,S2-834725968,S2-131914402,S2-447500264,S2-817930072,S2-429029041,S2-31876742,S2-565266498,S2-491168388,S3-596280030,S2-741491983,S2-702361724,S2-997890996,S2-951771310,S2-279279442,S2-458406827
S1-827808098	S3-118869137,S3-698679561,S2-894828410,S2-424070978,S2-234739894,S2-531130633,S2-296536465,S3-342763915,S2-365488029,S2-666446812
S1-570007441	S2-416552141,S2-293543342,S2-562769400,S3-857141055,S2-237093807,S2-517308967,S2-245492787,S2-713917441,S2-618314392,S2-552693453,S2-830847704,S2-315938874,S2-789166215,S2-124355652,S2-477732440,S2-630787123,S2-150274944,S2-116866113,S2-178779915,S2-796741075
S1-241440391	S2-435703680,S2-975558095,S2-613951259,S2-851629393,S2-423009277,S2-648307130,S2-172283109,S2-164382032,S2-776110471,S2-812876970,S2-694447733,S2-792070257,S2-91896074,S2-762512329,S2-984501241,S3-165742504,S3-757876038,S2-917524160,S2-869954949,S2-17552440
S1-470685162	S3-214480102,S3-769389526,S3-756115457,S2-853542017,S2-375708786,S3-742284926,S2-649967243,S2-145637259,S2-643087252,S2-523084569,S3-638271110,S3-403413747,S3-73590425,S2-775903852,S3-636614968,S3-783951746,S3-511678155,S2-202226857,S3-606858548,S2-159858089
S1-937654476	S2-389987809,S2-288734849,S3-436355997,S2-16364834,S3-479079042,S2-555237168,S2-260630112,S3-425972752,S2-799710062,S2-633453308,S2-892904835,S2-747477308,S2-933716949,S2-735230018,S2-221906018,S2-153663794,S2-284272356,S2-992255656,S2-687836914,S2-318585327
S1-100924044	S2-129717406,S2-787691180,S3-583902775,S3-46542980,S2-499709750,S2-660489427,S2-83328456,S3-536795835,S2-54588175,S2-439966656,S2-34383373,S3-876740478,S3-536998954,S2-171833015,S3-59537510,S2-464203658,S2-602695701,S2-597180166,S3-474031446,S3-266848434
S1-773701187	S3-558474013,S3-98042826,S2-346047343,S2-687321491,S2-220719030,S2-941274960,S3-165944224,S3-561188096,S2-757988651,S2-584401201,S2-402818687,S2-379296008,S2-558558988,S2-739106720,S2-292508227,S2-373943492,S2-614584142,S2-720925532,S2-419972870,S2-467229583
S1-698822548	S3-927960868,S3-773782738,S3-796998233,S2-148262686,S2-631272622,S2-441961836,S2-960734901,S2-364554165,S2-776990416,S2-393075191,S2-824226308,S2-10400986,S2-753855135,S2-404027104,S2-191190518,S2-876604657,S2-429703648,S2-120760571,S2-539833595,S2-670794912
S1-367438678	S2-781639261,S2-285719470,S2-49298585,S2-167757911,S3-853040701,S2-974510665,S2-70029685,S3-647253258,S2-743657607,S2-452287240,S3-516312189,S2-883059472,S2-172859950,S3-982044033,S2-743335890,S2-445689057,S2-478625566,S2-886432093,S2-718915507,S2-628100059
S1-334010423	S2-614803892,S2-338137267,S2-739831678,S2-471988418,S2-883517990,S2-941834157,S2-645207889,S2-681545036,S2-326412427,S2-734090706,S2-725468115,S2-51270073,S2-607437729,S2-399706307,S2-337294720,S2-126408485,S2-347703411,S2-485234025,S2-490851470,S2-667433670
S1-191580834	S3-819857072,S3-34696253,S2-971821528,S2-4483573,S2-220608259,S2-998353748,S3-565884544,S2-427008047,S2-539480102,S2-542589553,S2-564087272,S3-921665656,S3-625127714,S3-212035581,S2-345482193,S3-107037589,S2-766448510,S3-180778995,S2-946867657,S3-851892777
S1-52933535	S2-870222397,S2-619214743,S2-211742982,S2-767801303,S2-166089578,S2-987243573,S2-296663781,S3-501483064,S2-619758627,S2-536549585,S3-478668998,S2-853634647,S2-551492284,S2-57917036,S2-112741941,S3-416629910,S3-808082334,S2-969599347,S2-288443876,S2-811702776
S1-240063613	S2-485353441,S2-859124133,S2-889068476,S2-794637585,S2-143087222,S2-292249959,S2-765845017,S3-863192984,S2-90261361,S3-231908928,S2-949644180,S3-656323978,S3-488880712,S2-138864221,S3-359060331,S2-209352086,S2-670010245,S2-725103462,S2-598954562,S2-572663113
S1-757477029	S2-136299478,S2-945066443,S2-184392483,S3-450104587,S3-677316929,S3-494307120,S3-781596187,S2-911368372,S3-805088044,S3-367845107,S3-309426110,S3-807106388,S3-292542761,S2-485311386,S2-487308876,S2-79093763,S2-408855996,S3-289687436,S2-859841171,S2-826372116
S1-540853898	S2-775523512,S2-614445497,S3-492436537,S2-258618492,S2-694185242,S2-329389835,S2-397025039,S2-176933026,S2-832932787,S2-899134234,S2-547214733,S2-197151358,S2-604396805,S2-534915243,S2-262995150,S2-38319561,S2-998158634,S2-297833117,S2-498268095,S2-183403802
S1-384095941	S3-500549850,S3-600822709,S3-732083679,S3-803885366,S2-436115830,S2-461915201,S2-930964067,S3-713146241,S2-778213761,S2-777232130,S2-224156517,S2-369981793,S2-571702615,S2-563824258,S2-858827483,S2-131365953,S2-546489746,S2-213645271,S2-580228361,S2-565060798
S1-585127049	S2-531840309,S2-507936485,S2-121933134,S2-171400053,S2-255462901,S2-373268228,S2-569273717,S2-518370271,S2-484483494,S2-850929163,S2-962902509,S2-767997013,S2-634391688,S2-411028712,S2-727326731,S2-85239766,S2-547792042,S2-574653295,S2-769267556,S2-960965773
S1-37588878	S2-952686025,S2-888679127,S3-372865180,S2-432442339,S3-920636768,S2-744171380,S2-180751422,S2-843069341,S2-878876301,S2-160942265,S2-310977357,S2-867002798,S2-718747435,S2-434400987,S2-451577156,S2-229519615,S2-594323984,S2-138358444,S2-621113645,S2-102668887
S1-555410066	S2-880717698,S3-143695648,S3-946903921,S2-206622548,S2-335015819,S2-422303447,S2-175088957,S3-559746089,S2-365200343,S2-963748903,S2-132921178,S3-733410175,S2-494200653,S2-635702696,S2-124707500,S2-279831203,S2-299835656,S2-425114629,S2-899105807,S2-253763943
S1-745780830	S2-603324032,S3-907749172,S3-258779333,S3-974128353,S3-805293162,S3-271017267,S2-958511938,S2-339425097,S2-631575748,S2-838434643,S2-301231230,S2-370554309,S2-912796205,S2-537814889,S2-324777315,S2-789766017,S2-164377479,S2-106475708,S2-857092515,S2-445952716
S1-997195158	S2-43540518,S2-756902508,S3-559681263,S3-917977265,S3-80666635,S2-750355821,S3-777987881,S3-389898680,S2-308733835,S3-88975216,S2-191827555,S2-960630845,S2-368422683,S2-932912549,S2-173604425,S2-819306766,S2-873947015,S2-383205135,S3-374205472,S3-977006186
S1-461612339	S2-319246738,S2-230407472,S2-913127211,S2-65165168,S2-809563466,S2-692859007,S2-959627204,S2-194858203,S2-591947483,S2-828292843,S2-670795127,S3-130326394,S2-597426696,S2-859389904,S2-990420083,S2-467546775,S2-5471880,S2-514829324,S2-838426451,S3-241549030
S1-151657300	S2-664786786,S2-45059837,S2-721846049,S2-31620461,S2-590431357,S3-377157946,S2-721565289,S2-234825143,S2-284307079,S2-284446610,S2-972774358,S2-213422112,S3-829732393,S2-128600580,S2-373783986,S2-970019669,S2-786399341,S2-10031740,S2-700806463,S2-492022492
S1-607789485	S2-576583345,S2-91187384,S2-782231108,S2-654119898,S2-36152653,S2-926464014,S2-299759319,S2-222944073,S2-108046699,S2-800522063,S2-502775682,S2-28950454,S2-980181796,S2-74856769,S2-635292990,S3-2534923,S2-313939058,S3-296802407,S2-718765302,S3-893445874
S1-856331133	S2-55897397,S2-43557223,S2-777231548,S2-508598327,S2-213778758,S2-368924379,S2-113453069,S2-333506863,S3-844803525,S2-659465750,S2-34503621,S2-901302607,S2-302309969,S3-384672373,S2-867321665,S2-823310397,S2-351884499,S2-690920967,S2-909383704,S3-64997752
S1-97932183	S2-957131481,S2-418168262,S2-125359112,S3-563033903,S2-484536161,S2-491251022,S2-646922332,S2-289841114,S2-606326069,S2-141239302,S2-795549700,S2-736927706,S2-426260526,S2-794195485,S3-387207523,S2-214310578,S3-912367715,S2-457873515,S2-798421259,S2-337302520
S1-741710803	S2-30456219,S3-697291376,S2-553209703,S2-636835077,S2-439607654,S2-533952792,S2-877981016,S3-106646943,S2-630059288,S2-948991907,S2-814265746,S2-185713521,S2-557477202,S2-848299742,S2-626220838,S2-433492670,S2-128890068,S2-245154314,S2-959694445,S2-685410786
S1-241189286	S3-949647760,S2-202662079,S2-657163367,S2-318926981,S2-828472383,S2-952875054,S2-411536601,S2-676902773,S2-318070463,S2-381675931,S2-124718027,S2-717371074,S2-521739469,S2-701657519,S2-688910097,S2-209057821,S2-761208097,S2-133043449,S2-224100536,S2-103660956
S1-739108360	S2-832761728,S2-73818001,S2-27616304,S2-236502124,S2-809050068,S2-267778262,S2-807478263,S2-784046963,S2-357874611,S2-185048111,S2-710199345,S2-963402516,S2-300429766,S2-395530092,S2-262398612,S2-753844843,S2-696077581,S2-406270393,S2-739997154,S2-151609274
S1-750647545	S2-302016325,S2-776360238,S2-829861295,S2-734805247,S2-866842812,S3-478523889,S2-11512181,S3-405422996,S2-489596532,S2-286757158,S2-548354480,S2-699286386,S2-754612741,S2-371677861,S2-754272523,S2-436998771,S2-29962735,S2-605979741,S2-71971776,S2-471520720
S1-313444553	S2-622279651,S3-891520692,S2-872316745,S2-985593177,S3-319074722,S3-64734727,S3-855183772,S2-853273019,S2-778645303,S2-907736265,S2-500428525,S2-624632273,S2-622327397,S2-649104179,S2-855400801,S2-444200616,S2-497192133,S2-387655584,S2-230450487,S2-98111888
S1-759949116	S2-336076880
S1-200927253	S2-126149613,S2-828597673,S2-434821746,S2-604401691,S2-774602615,S2-675366569,S2-747592620,S2-380572978,S2-196430197,S2-786092688,S2-260587059,S2-343308641,S2-114487907,S2-457459065,S2-802063836,S2-698296064,S2-741213727,S2-54055537,S2-953507148,S2-725361973
S1-700234729	S2-825690678,S2-490073953,S2-171400053,S2-924698610,S2-398939291,S2-637258594,S2-875714353,S2-464227034,S2-641745740,S2-466233580,S2-387315399,S2-391741788,S2-737379646,S2-141661120,S2-965090076,S2-630455088,S3-455590395,S2-600034309,S3-639186912,S2-887411874
S1-891690675	S3-533278755,S3-704486173,S3-773290356,S3-768872967,S2-816292325,S2-931128621,S2-739828572,S2-590300064,S3-520633354,S2-606902882,S2-16560731,S3-506960770,S3-964575365,S2-407865909,S3-611538610,S3-772021078,S2-900764006,S2-961836367,S2-2201584,S2-75860469
S1-447511049	S2-758732195,S2-440910314,S2-438365066,S2-776620254,S2-905094783,S3-721945256,S2-232841079,S2-297283507,S2-816504053,S2-288131153,S2-492717139,S2-317895232,S3-76003883,S2-481131873,S2-240402694,S2-991574834,S2-227438903,S2-792642549,S2-900266234,S2-782958098
S1-788473040	S2-162474751,S2-496641238,S2-698423441,S2-873752152,S2-352319341,S2-719630698,S2-952808219,S2-152763932,S2-511988780,S2-487589982,S2-215663284,S2-145571437,S2-662852524,S2-10706062,S2-262504153,S3-968138027,S2-736833989,S3-410517526,S3-534037523,S2-774145514
S1-193832241	S3-104268655,S3-806419412,S3-206812795,S3-533775647,S2-403920953,S2-552742292,S3-20027117,S2-250822568,S3-486359730,S3-905374346,S2-530966629,S2-459476618,S2-679602348,S2-598525651,S2-94583580,S2-947692723,S2-667423397,S2-129769221,S2-863358152,S3-401410980
S1-1442433	S2-988942908,S3-114348626,S3-141102126,S3-758870741,S2-748940956,S3-121191827,S2-678682845,S2-939239294,S3-127337388,S3-798734998,S2-476330953,S3-139912278,S3-458104569,S3-781797308,S3-119187172,S3-933840888,S2-113915561,S2-847266221,S2-161086820,S2-930033377
S1-737447851	S2-952492196,S2-962499470,S2-439336497,S2-733560463,S3-488231911,S2-527113308,S3-441613198,S3-569438306,S2-908040885,S2-35281227,S3-763147905,S2-390452548,S3-899239924,S3-612146266,S2-331749626,S2-15039890,S2-146497895,S2-565511685,S2-729713278,S2-544826705
S1-651242280	S2-235900536,S2-200479962,S3-911890224,S3-249866807,S3-352047725,S2-242026760,S2-298529625,S2-191608631,S2-242132806,S3-253034144,S3-94763306,S2-573089705,S2-241150606,S2-905943005,S3-332837259,S2-36320754,S2-299358758,S2-558490199,S3-2978815,S2-161055433
S1-992646451	S3-548551128,S3-521652172,S3-176717787,S3-522243144,S3-520825036,S3-457235886,S3-991522371,S3-234843691,S3-385550927,S3-888784410,S3-515531334,S3-951922823,S2-230102891,S3-771823511,S3-909979422,S2-718777480,S3-402613034,S2-699917016,S3-347194828,S2-251411826
S1-475834262	S2-664656197,S2-859991442,S2-684749210,S2-689820702,S2-129426417,S2-570940412,S2-806956628,S2-851271826,S2-114821401,S2-306225517,S2-743035785,S2-321325208,S2-409938831,S2-693940214,S2-866375810,S2-981352623,S2-816992142,S2-632892558,S2-497901459,S2-336602694
S1-512996230	S2-103538789,S2-18022519,S2-298508385,S2-99544684,S2-827496675,S2-968660633,S2-427013153,S2-415765513,S2-988697979,S2-223613247,S2-252545978,S2-858510706,S2-739885567,S2-710324027,S2-604325742,S2-221251456,S2-31259113,S2-709829962,S2-670338214,S2-349400875
S1-45658342	S2-282822891,S2-209625921,S2-628502727,S2-299865858,S2-516072075,S2-767814773,S2-152115271,S2-798350077,S2-803923572,S2-66552834,S2-975460011,S2-949857673,S2-229254430,S2-735137206,S2-327960366,S2-168563965,S2-522232069,S2-720221549,S2-319849175,S2-628853344
S1-379683628	S2-609117510,S2-414759617,S2-676822053,S2-931340593,S2-175655440,S2-813838174,S2-372242083,S2-316226687,S2-164071686,S2-468554857,S2-184656602,S2-593762022,S2-163844176,S2-542770835,S3-538040693,S2-523159460,S3-893375125,S2-837064381,S3-592980097,S3-47820027
S1-636353962	S2-332242230,S2-887765876,S2-65009653,S2-905295656,S2-482375541,S2-628999037,S3-576575196,S3-309634443,S3-791048410,S2-421120797,S2-475081189,S2-24623824,S2-393904520,S2-336228951,S2-698280983,S2-1263528,S2-605397867,S2-434146971,S2-297919503,S3-441880320
S1-405074481	S2-581483693,S2-3245732,S2-29725783,S2-384890605,S2-663065982,S2-364612375,S2-16045674,S2-520344679,S2-852193162,S2-724929021,S2-709218234,S2-902550055,S2-645279820,S2-79206443,S2-766365558,S3-14769437,S2-34924893,S2-971728212,S2-881583646,S2-901058114
S1-633277570	S2-274322668,S2-733903928,S2-177978083,S2-336742629,S3-725099528,S2-639896729,S2-343747134,S2-783501828,S3-678822538,S2-46684873,S2-840416526,S2-833983660,S2-963568436,S3-115697774,S2-57996276,S2-140943150,S2-407724763,S2-437346166,S2-578465304,S2-777385197
S1-965850934	S2-67441854,S3-293416623,S3-380583561,S2-564790308,S2-137547137,S2-540087237,S2-283568118,S3-6477107,S2-648531413,S3-985864032,S2-692704679,S3-312161165,S2-476552034,S3-105789514,S3-666690775,S2-230355607,S2-856537810,S2-714598219,S3-812329262,S2-512921688
S1-37878759	S2-213929430,S2-375669596,S2-894984807,S2-37758713,S2-393925734,S2-224962565,S2-876087444,S2-870506365,S2-569891115,S2-869350123,S2-476209685,S2-505437251,S2-279207278,S2-305981772,S2-633222908,S2-695464877,S2-925479320,S2-290173993,S2-920694155,S2-747962383
S1-639958525	S2-89822,S2-411181492,S2-153502650,S2-244037195,S2-961523923,S2-631423556,S2-51886263,S2-243722913,S2-235622057,S2-996180602,S2-66673312
S1-656284403	S3-262647736,S3-208797922,S3-536203882,S3-309902113,S3-908171463,S2-603849514,S3-829035913,S2-869083231,S2-762813784,S2-6708866,S2-588873442,S2-405868908,S2-970064377,S2-850876670,S2-996548543,S2-805727748,S2-847163601,S2-531177441,S2-93776855,S3-379609985
S1-438186667	S2-97918801,S2-914303097,S2-525170022,S2-779100861,S2-475462649,S2-875638949,S2-892064733,S2-988490419,S2-676929108,S2-970859193,S2-114866420,S2-678955502,S2-936426724,S2-678883069,S2-599569681,S2-68299575,S2-297579015,S2-545388792,S2-20813278,S2-968757770
S1-440389225	S2-924713350,S3-900164590,S2-562806366,S2-395660590,S3-424739541,S2-996946299,S2-190626276,S2-732089221,S2-110369040,S2-417288467,S2-890477770,S2-831470879,S2-694872433,S2-264072914,S2-706964675,S2-678597856,S2-22878709,S3-904211704,S2-847264704,S2-924753358
S1-103228349	S2-491534349,S2-254540944,S2-664227218,S3-178016777,S2-320481259,S2-254504181,S2-891158211,S2-856442844,S2-243499106,S3-951077742,S2-316219857,S2-410027367,S2-976158218,S2-518671361,S2-360214624,S2-188089658,S2-428240341,S2-867243657,S3-636561154,S2-396921035
S1-202654102	S2-229795554,S2-187243251,S3-855894412,S2-121386908,S2-86360112,S2-241404451,S2-629431053,S2-533175423,S2-762599422,S3-809089731,S2-132627801,S3-31978891,S2-370970630,S2-739179305,S2-915322869,S2-886069054,S2-310682606,S2-424339724,S2-287863869,S2-896176769
S1-44024494	S2-936049095,S2-882209780,S3-445895228,S2-957343641,S3-794594746,S2-40469862,S2-789423731,S2-661514165,S3-594992997
S1-714559707	S2-842760790,S2-470587361,S2-148646376,S2-408210430,S2-436721735,S2-52115480,S3-116322937,S2-26128822,S2-472280361,S2-826063987,S2-290192534,S2-792991338,S2-364318979,S2-228947436,S3-613255611,S2-551033731,S2-1542919,S3-692490032,S2-55906567,S2-928603455
S1-733059779	S3-946526948,S2-897830444,S3-583894319,S2-732488604,S2-799770679,S2-300984936,S2-160070374,S2-88002382,S2-503193460,S2-245104729,S3-292177207,S2-586123258,S2-74715364,S2-529971122,S2-279781909,S2-682064292,S2-282986166,S2-975094139,S2-325144882,S2-212682829
S1-190778439	S2-851612824,S2-686564386,S2-931215460,S2-926594743,S2-436503412,S2-332235842,S2-91570273,S2-457598871,S2-465040823,S2-767325821,S2-362517408,S2-499685099,S2-715656131,S2-604074319,S2-33034935,S2-668639399,S2-48835587,S2-810163137,S2-145684697,S2-239946870
S1-643815315	S2-382923364,S2-707910210,S3-75577914,S2-134179645,S3-584982312,S3-971254966,S2-506980935,S2-651778664,S2-509732450,S2-368547065,S3-62176111,S2-957228455,S2-128181911,S2-70821161,S2-30553830,S2-866725844,S3-888193845,S2-675931717,S2-46526732,S2-897817259
S1-784040568	S2-194362113,S2-768500860,S2-896078749,S2-842724576,S2-41117403,S2-211440621,S2-941378325,S2-510587277,S2-99727663,S2-84339716,S2-499220671,S2-361189566,S3-592693707,S2-12962356,S2-803909530,S2-503444411,S2-977845470,S2-863917982,S2-910431555,S2-506277225
S1-19674074	S2-960376768,S3-722075075,S2-661505272,S3-188256602,S3-222239578,S3-540113018,S3-513415688,S2-432050117,S2-923173970,S2-993950710,S3-313597149,S3-246956992,S2-70018243,S2-339331291,S2-716873423,S2-222098905,S3-432841163
S1-687443441	S2-380991854,S2-666446812,S2-108020055,S2-837742564,S2-27988645
S1-535205962	S3-487092275,S2-76733176,S3-967524034,S2-355001502,S2-195256088,S2-906051041,S2-224356236,S2-821108296,S3-599271290,S2-583581908,S2-865121912,S2-305935562,S2-939635314,S2-743496729,S2-887210760,S2-32744600,S2-388313068,S2-583161923,S2-301985440,S2-372194901
S1-839063043	S2-908543848,S2-698940261,S2-812785829,S2-7643354,S2-147434959,S2-748484250,S2-755172534,S2-15571192,S2-308396016,S2-235905825,S2-38737884,S2-447240298,S2-597017944,S2-161609036,S2-254777905,S2-575889262,S2-833385271,S2-178201720,S2-661838567,S2-545497750
S1-62193120	S2-167168825,S3-22443970,S2-18172020,S2-521416489,S3-281125094,S2-257234004,S2-679337216
S1-159966605	S3-588746092,S2-260343456,S2-486596636,S2-249864429,S2-602187514,S2-743558156,S2-616022059,S3-868598491,S2-110375503,S2-954738999,S2-316417036,S2-781201205,S2-656686291,S2-580512270,S2-746828821,S2-781821621,S2-801433965
S1-58506863	S3-611934182,S2-941274960,S3-165944224,S3-561188096,S2-757988651,S2-584401201,S2-402818687,S2-379296008,S2-558558988,S2-739106720,S2-220719030,S2-292508227,S2-373943492,S2-614584142,S2-196957571,S2-720925532,S2-419972870,S2-467229583,S2-169057442,S2-903739606
S1-354931910	S2-453252423,S2-476254914,S2-476818813,S2-805026050,S2-93350881,S2-794280476,S2-422613111,S2-832817559,S2-814327899,S2-963824885,S2-823592770,S2-735780785,S2-361917842,S2-305933556,S2-484508489,S2-522380459,S2-796898372,S2-45133659,S2-901232672,S2-2195373
S1-954269341	S2-939551023,S2-444293698,S2-753977258,S2-406010155,S2-86319939,S2-913233032,S2-947291478,S2-424863713,S2-13250837,S2-813337136,S2-629227310,S2-869249510,S2-105336907,S2-689680875,S2-662744329,S2-272129304,S2-450093926,S2-508346620,S3-945980745,S2-862056671
S1-372245082	S2-972610148,S2-238477932,S2-398438320,S2-548424299,S2-93121522,S2-604642057,S2-822291600,S2-296742854,S2-924609729,S2-330418514,S2-414025189,S2-434679356,S3-156627273,S3-468278831,S3-8588061,S3-660634707,S2-425066446,S3-970361908,S2-911928858,S3-567367935
S1-561898259	S3-25340291,S2-683753404,S3-799092250,S3-661627538,S3-837563545,S2-260730393,S3-923794940,S2-155343123,S2-682501791,S2-227215866,S2-912247515,S2-607461072,S2-802009634,S2-609598729,S2-510505131,S2-391148202,S2-772517580,S2-818915823,S2-829315450,S2-650238397
S1-312627881	S2-310432149,S2-786870042,S2-858739472,S2-367880909,S2-207756444,S2-866289166,S2-331339412,S2-369755364,S2-399716222,S2-333725435,S2-180273988,S2-560622030,S2-679809642,S2-855311304,S2-401976445,S2-161500476,S2-383030202,S2-943026291,S2-771153893,S2-712833864
S1-786350920	S2-531132806,S2-669038565,S2-264957917,S2-598141105,S2-3140607,S2-351606447,S2-120855900,S2-120130525,S2-886756506,S2-230207893,S2-688597902,S2-549255255,S2-519466673,S2-953758141,S2-159942765,S2-820674726,S2-857711353,S2-293884217,S2-287768539,S2-580245861
S1-71805099	S2-362423712,S3-238853492,S2-641686418,S2-663946916,S2-857707655,S2-777160618,S2-633271729,S2-639619780,S2-643112239,S2-877178587,S2-343648696,S2-357968148,S2-93137276,S2-401731299,S2-173256526,S2-515673027,S2-137385778,S2-798883264,S2-352931598,S2-145922658
S1-331754887	S3-28625788,S3-942297635,S3-209665226,S3-283020467,S3-74585694,S3-923491209,S3-502684995,S3-620794922,S3-566952671,S2-432739933,S2-607894719,S2-113736731,S2-483689643,S2-245634569,S2-955174711,S2-245492787,S2-589776392,S2-178779915,S2-685740595,S2-129319947
S1-644030642	S2-820944496,S3-326889089,S2-106185666,S2-811141599,S3-543919434,S3-981483712,S3-221584201,S2-74887916,S2-296043996,S2-412911397,S2-419236094,S2-627818939,S2-837916803,S2-670408996,S3-956380196,S2-138118411,S2-685576733,S3-509368425,S2-628980794,S2-487157238
S1-325413412	S2-442418160,S2-754240640,S2-437180548,S2-453354543,S2-790470001,S2-212286816,S2-159263793,S2-118448770,S2-661707010,S2-296163675,S2-368437447,S2-424043380,S2-763366003,S2-557895305,S2-755623569,S2-763733434,S2-83981330,S2-855612736,S2-576215403,S2-376298368
S1-76845158	S3-471471579,S3-106465498,S2-670731241,S3-972806309,S3-525079569,S3-990228041,S2-742894044,S2-361636207,S2-254588874,S2-828273493,S3-189974332,S2-885074013,S2-657897582,S2-861322448,S2-352246904,S2-296728628,S2-14726094,S2-897098840,S2-300693429,S2-148501361
S1-896890808	S2-527429411,S2-172596627,S2-313750971,S2-755027999,S2-981024461,S2-391843207,S2-581503019,S2-99460797
S1-769482090	S2-318006692,S2-608596720,S2-659861449,S2-963380689,S2-577578948,S2-953709429,S2-515613725,S2-660485757,S2-648766359,S2-402689093,S2-975355947,S3-520624339,S2-649925616,S2-154569708,S2-588269582,S3-492034718,S2-198479760,S2-625505699,S3-381062408,S2-472457492
S1-618982360	S2-279951566,S3-637783843,S3-863440166,S3-618660738,S2-960603988,S2-742090990,S3-994388956,S3-204306314,S3-676561455,S3-336078267,S2-278235024,S2-664821088,S3-211589851,S2-562919139,S2-665601116,S3-450947803,S2-902273675,S2-554969244,S2-442820652,S2-79029186
S1-701625804	S2-500817683,S2-183929909,S2-250539995,S2-716180458,S2-743278630,S2-41729855,S2-519713500,S2-284644124,S2-587732332,S2-116325185,S2-290007232,S2-197053023,S2-626456867,S2-354661813,S2-363369746,S2-757835752,S2-135568293,S2-226035276,S2-737624714,S2-931781577
S1-701136694	S2-275748675,S2-378217596,S2-681050120,S2-675366569,S2-747592620,S2-202058081,S2-209920437,S2-339872540,S2-725361973,S2-192183697,S2-602560830,S2-693790115,S2-137460732,S3-306313089,S2-608608841,S3-476693261,S2-122747860,S3-759141022,S2-521398605,S3-512681078
S1-956574846	S3-39488412,S3-272328145,S2-341175914,S3-730821151,S3-731978080,S3-374377883,S3-368618261
S1-336313200	S3-664760554,S2-321952476,S2-423819107,S2-778773607,S2-314137666,S2-885332681,S3-301913879,S3-581372968,S3-941116023,S3-793213842,S3-11672784,S3-400758714,S2-94164937,S3-923042210
S1-116213562	S2-17225214,S2-678154331,S2-263211392,S2-276875017,S2-435921074,S2-170244057,S2-289025075,S2-826884849,S2-683782176,S2-984676843,S2-618983479,S2-749004868
S1-442704690	S2-160376517,S2-710646191,S2-414542545,S3-53303145,S2-774189582,S2-491272167,S2-21036353,S2-95531134,S2-214740213,S2-809791175,S2-934091572,S2-713350973,S2-470473075,S2-105991919,S2-212839992,S3-868105917,S2-352964997,S2-753416129,S2-967044203,S2-169846623
S1-626393772	S3-570175000,S3-428030467,S3-435261805,S3-98639521,S2-211906495,S3-528143188,S2-296812125
S1-33122397	S2-948509406,S2-171400053,S2-469146911,S2-236502124,S2-356503923,S2-47228801,S2-751525981,S2-123619757,S2-625913411,S2-603515311,S2-82782018,S2-372807760,S2-206554340,S2-89980149,S3-931871802,S2-967837838,S3-626894736,S2-245876,S3-575718254,S2-450172446
S1-882661287	S2-119464176,S2-975280427,S2-27616304,S2-171400053,S2-542358648,S2-75546275,S2-406287195,S2-267778262,S2-923247863,S2-447128543,S2-440788806,S2-452146472,S2-413411091,S2-765824316,S2-565514563,S2-248606338,S2-185048111,S2-741909694,S2-798973294,S2-869136050
S1-600328758	S3-859667810,S2-462151740,S3-711320031,S3-454058139,S2-883912022,S2-527733722,S2-118407008,S2-386028874,S2-602315347,S2-564680755,S2-770888064,S2-313212617,S2-495902631,S2-420803580,S2-446390183,S2-238449969,S2-395809233,S3-223426548,S3-305656381,S3-535822682
S1-466756397	S3-965784967,S3-602975789,S2-899354431,S2-566848302,S2-221254448,S2-865328212,S2-551024375,S2-855640544,S3-729878769,S2-728554287,S2-527497252,S2-673419052,S2-887123026,S2-157845190,S2-520028111,S2-333178380,S2-942161603,S3-110233510,S2-966217193,S2-185048111
S1-443269250	S2-418386533,S2-459158024,S3-859596783,S3-696490013,S2-660730300,S2-363899259,S3-9033672,S2-831503574,S2-458000433,S3-934931999,S3-814012488,S2-167640976,S3-788989305,S3-971777653,S3-21757524,S3-385508308,S3-666362120,S3-768668736,S3-411936180,S2-440257766
S1-381832976	S3-615020234,S2-441879247,S3-684306801,S2-550288573,S3-280180888,S3-503032017,S3-599401647,S2-860455670,S2-317065105,S2-273971955,S3-723690080,S2-491416079,S2-742762854,S2-437564554,S3-753227178,S2-748474107,S3-32912076,S2-378248421,S2-87742503,S3-231365872
S1-337070508	S2-456137626,S2-706023799,S2-241091854,S2-747477308,S2-116893728,S2-153663794,S2-284272356,S2-187774246,S2-42865733,S2-208648345,S2-202340261,S2-995631959,S2-819087568,S2-626612,S2-218989586,S2-545091086,S2-254578115,S2-420364453,S2-260630112,S2-623960203
S1-686148514	S2-237850554,S2-231288776,S2-451430960,S2-364107155,S2-958631122,S2-969201110,S2-222168780,S2-597110838,S2-169583099,S2-623947148,S2-122113,S2-895847430,S2-8331303,S3-152152757,S3-714465406,S3-967677320,S3-418769720,S3-387449429,S3-244431021,S3-119937583
S1-599296180	S2-832934372,S2-162385476,S2-503202602,S2-258426001,S2-542159339,S2-457062762,S2-87998108,S2-935337700,S2-297283507,S2-391933081,S2-865134175,S2-80194582,S2-951696772,S2-410801265,S2-189039923,S2-857883407,S2-396661958
S1-696539121	S2-315149862,S2-439088920,S2-995054737,S2-246489404,S3-804961495,S3-207378385,S2-864129506,S3-858142290,S2-512756505,S2-975139591,S2-643151366,S2-652819930,S2-855072444,S2-83892152,S2-39761401,S2-155733038,S2-414110921,S2-848152006,S2-817778407,S2-714042383
S1-489030124	S2-836654703,S2-276139163,S2-250332742,S2-691565000,S2-287977042,S2-207320000,S2-107152373,S2-314689881,S2-533173996,S2-586536217,S2-638355514,S3-831578392,S2-109323337,S2-367898966,S2-563484545,S3-303459078,S2-174072300,S2-842959662,S2-459351142,S2-257678797
S1-893781011	S2-697612147,S2-494569618,S2-418706301,S2-372144811,S2-272624618,S2-916123760,S2-866903019,S2-860796349,S2-725276982,S2-195098398,S2-971092647,S2-760512403,S2-302945493,S2-999913842,S3-669748991,S2-646538582,S2-277212755,S2-802089245,S2-867169244,S2-184735221
S1-315658788	S2-37037288,S2-100953331,S2-698823134,S2-597768333,S2-187112560,S2-415023476,S2-635301457,S2-705183796,S2-489506110,S2-780234606,S2-216648231,S2-286499433,S2-449225095,S2-998418997,S2-200454250,S2-554703315,S2-2923422,S3-112070310,S2-74315624,S2-859262958
S1-189552336	S3-533276167,S3-470914764,S3-305149464,S3-628486951,S2-935963166,S3-594449689,S3-968483207,S3-172986088,S2-334068384,S2-572731619,S2-256609930,S3-324591546,S2-762807256,S3-95803925,S3-704878771,S2-310889407,S2-937770216,S2-896593344,S3-414502144,S3-807688625
S1-676424099	S2-205647594,S2-474623663,S2-653411220,S2-519744940,S2-801849127,S2-477445858,S2-369976228,S2-827150080,S2-741737753,S2-549784858,S2-211065135,S2-443342309,S2-375807357,S3-388635993,S2-196438454,S3-316194884,S2-803372186,S3-702527479,S2-998666205,S3-769927585
S1-305777097	S3-85351571,S2-945644587,S2-155245032,S2-115022948,S2-690894454,S2-70599954,S2-317380448,S2-237610981,S2-280088187,S3-981559241,S3-626788524,S2-835186641,S3-597501593,S2-590997152,S2-286660674,S2-181091059,S2-19533441,S3-197758146,S2-997151211,S2-547780077
S1-735045054	S2-980905819,S2-72067634,S2-650741815,S2-438734251,S2-287553406,S2-755002239,S2-696071233,S2-631575748,S2-312231767,S3-280550271,S2-786365112,S2-668765790,S2-13775073,S2-212319161,S2-765880264,S3-958503323,S3-761482965,S2-74866706,S3-49572583,S2-683888374
S1-76365154	S2-396081124,S2-839149259,S2-708594912,S2-221240557,S2-13335169,S2-289025075,S2-116990488,S2-571574681,S2-17225214
S1-798493930	S2-747567288,S2-95863383,S2-547831158,S2-524656642,S2-529700334,S2-441682538,S2-11870254,S2-899587901,S2-952577455,S3-176209574,S2-1091373,S2-622691566,S2-809271933,S2-169690168,S2-599242526,S2-662348487,S2-412613505,S3-746728783,S2-198650315,S2-176218814
S1-587399612	S2-862209370,S2-856515889,S2-817907506,S3-865064949,S2-251975990,S2-774875295,S2-179754303,S3-215310316,S2-133655268,S2-535106386,S2-242931906,S2-481762997,S3-363895502,S3-19579977,S3-436824816,S3-578784721,S2-439789592,S2-511537406,S2-140045570,S3-878615517
S1-851478447	S3-860950261,S3-614924059,S2-965847349,S3-391813616,S2-869056251,S2-643028259,S3-264576982,S3-448249215,S2-551818341,S2-858665627,S3-263202004,S2-753883852,S2-18358716,S2-455562552,S2-323762199,S2-69599000,S2-54411910,S2-445186458,S3-776962867,S2-78630708
S1-914455456	S2-853286691,S3-614687427,S2-254614090,S2-159018062,S2-725337021,S2-340073529,S2-431719134,S2-941922783,S2-200799449,S2-887994753,S2-447835689,S2-321231502,S2-868885858,S2-268851603,S2-589171072,S2-309495876,S2-18481162,S3-992359583,S2-130356652,S3-423635659
S1-193477951	S2-583715529,S2-656541587,S2-489988378,S2-55473473,S2-687428191,S2-827362088,S2-516228862,S2-676716124,S2-752268133,S2-694293846,S2-687355099,S2-843630151,S2-413629653,S2-687214602,S2-551480890,S2-635171477,S2-853571493,S2-256458422,S2-208365673,S2-679757271
S1-846336917	S2-424748893,S2-852428643,S2-651300227,S2-226405843,S2-345320888,S2-352845086,S2-130721026,S2-31947215,S2-373747956,S2-735067793,S2-855222725,S3-729076020,S2-419860580,S2-519584934,S2-311121592,S2-142582093,S2-215000762,S2-14850690,S2-401506941,S2-530116860
S1-410481696	S2-201523317,S2-919113927,S2-469973643,S2-604221083,S2-544437384,S2-325536965,S2-937550822,S2-962745112,S2-34885786,S2-946020679,S2-208415584,S2-83103938,S3-234494974,S2-904519376,S2-53198830,S2-55793714,S2-836134328,S3-770908062,S2-668297612,S3-849411428
S1-427531485	S3-277190213,S2-391772639,S3-481405343,S3-243112031,S2-162371113,S2-645554544,S2-814768439,S2-544517855,S2-361052115,S3-348680505,S3-870627762,S2-304703011,S2-247518055,S2-424392027
S1-290868682	S2-623583695,S2-915357115,S2-607813452,S2-165387117,S2-882897622,S2-123589288,S2-979401322,S2-402276304,S2-6384843,S2-768611,S2-932207585,S2-236212374,S2-173589,S2-936527661,S2-726737803,S2-868065370,S2-357539524,S2-888893249,S2-231921407,S3-168507159
S1-193181440	S2-883487608,S2-639333393,S3-286530993,S3-757182776,S3-282182355,S3-679368945,S2-266716913,S2-963125613,S2-773609104,S2-542562688,S2-985943282,S3-605035187,S3-60683356,S2-281339595,S2-979138883,S2-951077004,S2-665568249,S2-133137956,S2-543099151,S2-392474593
S1-484448860	S3-29764693,S2-669041854,S3-381874199,S2-243662164,S2-473143028,S3-583693081,S2-207673059,S3-149412417,S2-537796308,S2-979385744,S2-68613271,S2-667233981,S2-495931306,S2-249550570,S2-874325383,S2-883776491,S2-300962447,S3-293703554,S2-154082007,S2-751920415
S1-53619295	S2-220610151,S2-243479558,S2-514932765,S2-662521443,S2-678446093,S2-849829740,S2-686933101,S2-459162881,S2-860569191,S2-965645245,S2-759321649,S2-999368673,S2-520448066,S2-468067303,S3-40892520,S2-480991066,S3-768713558,S2-928684326,S2-354386404,S2-808324918
S1-424421169	S2-364822396,S2-928503356,S3-253154824,S2-81698759,S2-515879770
S1-883553050	S3-108879185,S2-415897985,S2-4631565,S2-474457685,S2-221800563,S2-426825422,S2-103373678,S2-196960903,S2-562724268,S2-842989477,S2-791631152,S2-164997148,S2-632408672,S2-676334820,S2-727774561,S2-672011701,S2-625514403,S2-227867436,S2-131861592,S2-255786610
S1-661092369	S2-979853082,S2-316766090,S2-379769103,S3-948846188,S2-318246062,S2-617546497,S2-683967192,S2-335526710,S2-690569624,S2-741267479,S2-513487071,S2-743459933,S2-804595093,S2-639938117,S3-839090678,S2-508623792,S3-66343499,S2-84898027,S3-522114467,S2-107960857
S1-503248917	S2-544318405,S2-801547021,S3-805748568,S2-959388472,S3-311116705,S2-552033734,S2-122559408,S2-549027866,S2-205143367,S2-243175582,S2-745514179,S2-652259222,S2-948933987,S2-740598321,S2-713943601,S2-408309185,S2-547228178,S2-211210243,S2-578916391,S2-475935202
S1-734760847	S2-132523271,S2-780972107,S2-166157201,S2-305221320,S2-63518705,S2-916194886,S2-85011326,S2-313850776,S2-815387716,S2-129046012,S2-240078082,S2-121761717,S2-553741231,S2-859223822,S2-499160308,S2-94844532,S2-772636777,S2-923846950,S2-938804743,S2-794634599
S1-46926584	S2-343384693,S2-722012202,S2-294806259,S2-108680526,S2-763085104,S2-118326760,S2-490581932,S2-551544709,S2-324583933,S2-662043960,S2-652686031,S2-719252362,S2-786965906,S2-965324921,S2-898242074,S2-243791456,S2-769600772,S2-520411658,S3-886536194,S2-685523409
S1-277014634	S2-584255476,S2-45850624,S3-22589982,S2-792413491,S2-888819130,S2-6137314,S2-961230860,S2-871803171,S3-156642834,S2-603875118,S2-1733583,S2-608649094,S3-504451837,S2-99177362,S3-176465070,S2-604676749,S3-291760568,S3-33599985,S2-733767389,S3-415453262
S1-86163193	S2-33915030,S3-462061070,S2-306818608,S2-878284167,S3-158016366,S3-409970691,S3-899518656,S2-981271351,S3-731283700,S3-948791485,S3-533250038,S3-78930809,S3-850395968,S3-565391702,S3-24349166,S2-530433656,S2-569946533,S2-16916254,S2-561355166,S2-630007626
S1-201956901	S2-750160588,S2-713939289,S2-940699904,S2-808112128,S2-30714021,S2-720280375,S2-753937927,S2-58883651,S2-945427957,S2-762031264,S2-704563532,S2-77411433,S2-292459152,S2-809953611,S2-799803331,S2-298735891,S2-88729207,S2-769838799,S2-493211769,S2-525061791
S1-904669751	S3-83643888,S2-874581975,S2-959244196,S2-921313481,S2-852494379,S2-887738387,S2-655185548,S2-707943887,S2-809469296,S2-317077474,S2-742328803,S2-871703384,S2-621486468,S2-539617534,S2-83099437,S2-161544031,S2-706633268,S2-762772955,S2-460854217,S2-290956930
S1-656137509	S2-598697865,S3-866621015,S2-754694564,S2-159603522,S3-592580922,S3-139375604
S1-67590313	S2-387781992,S2-633721827,S2-640353369,S2-188660374,S2-728841990,S2-703957878,S2-339769077,S2-868205028,S2-959254614,S2-244952947,S2-67209978,S2-92929203,S2-442708281,S2-59497924,S2-460231672,S2-690651908,S2-578480498,S2-523300692,S2-372923242,S2-116230141
S1-674914967	S2-797995492,S2-645376432,S2-758186852,S2-79929784,S2-623890431,S2-77658808,S2-644781696,S2-965262021,S2-314689937,S2-696120522,S2-581598145,S2-989506078,S2-725085024,S2-633010089,S2-451873568,S2-825842819,S2-501390318,S2-719281425,S2-647926463,S2-795210799
S1-207070582	S3-348674588,S2-342320263,S2-438188939,S2-343813737,S3-165252290,S3-36401978,S2-485949251,S2-128904444,S2-430545836,S2-104496803,S3-17004694,S3-758963551,S3-612019747,S3-994473178,S3-390850463,S3-949678471,S3-610610362,S3-60495611,S3-638971078,S2-844189091
S1-717282539	S2-763344615,S2-601751176,S3-97798947,S3-968521345,S3-629702766,S2-817436079,S2-787921590,S3-915239765,S3-604162309,S2-797588311,S3-927499021,S2-229472015,S3-805235500,S3-915771532,S2-913465985,S3-532198097,S2-870443120,S2-562439840
S1-984276929	S3-192152108,S2-758262782,S2-449437038,S2-647576600,S2-442074723,S2-29243664,S3-779010768,S2-387330396,S3-714743033,S2-325807213,S2-363078046,S3-202207519,S3-516958347,S2-168637898,S2-35642089,S2-109441006,S2-687190563,S3-757813310,S2-790900730,S2-45364917
S1-321825889	S2-853598327,S2-216327601,S2-630744264,S2-640462066,S2-515825712,S2-926441181,S2-608442793,S2-785586226,S2-813300264,S2-733036075,S2-242449020,S2-974285523,S2-162077423,S2-946118,S2-517253771,S2-784245256,S2-247228489,S2-738870282,S2-778656014,S2-49540749
S1-83154552	S2-996090317,S2-558312754,S3-268738399,S3-411120578,S3-764375661,S3-475057585,S2-721070318,S2-565355353,S2-391376465,S2-529564731,S3-602599231,S2-291141532,S2-204308571,S2-677305573,S2-383975926,S2-59788642,S2-947818885,S3-643416980,S2-270177363,S2-669524159
S1-618933402	S2-603448716,S2-344437599,S2-171400053,S2-450150470,S2-134721482,S2-103020894,S2-675366569,S2-450097954,S2-759491363,S2-571052220,S2-102681369,S2-708005994,S2-745072078,S2-821568999,S2-692707194,S2-382175295,S2-957733862,S2-303486472,S2-238263434,S2-450374429
S1-782553097	S2-813533625,S2-124955258,S2-303908405,S2-680961931,S2-860102078,S2-617213165,S2-160390996,S2-974750366,S2-255462901,S2-308727113,S2-542821710,S3-785414368,S2-701150098,S2-493516449,S2-501534718,S2-510823059,S2-475287463,S3-468273115,S2-61770009,S2-357230253
S1-186527688	S2-356579245,S3-945364748,S3-408211929,S3-117735988,S2-115841984,S2-131934713,S2-530873231,S2-326336869,S2-480233655,S2-831359804,S2-543325296,S2-924656777,S2-546300057,S2-71842059,S2-159948313,S2-312186882,S2-813206472,S2-487739349,S2-567098019,S2-79169965
S1-108621251	S3-977466379,S2-524568776,S2-970043910,S2-985969190,S2-544892778,S2-98620230,S2-635802603,S2-140140097,S2-119753871,S2-112450769,S2-707460806,S2-529871827,S2-426725354
S1-712961244	S2-574723490,S2-650207883,S2-677361255,S2-706653332,S2-702875697,S2-599540356,S2-102507140,S2-691296376,S2-638101412,S2-986394942,S2-902473866,S2-578523363,S2-746649182,S2-459249543,S2-435544763,S2-519413616,S2-866544293,S2-232498802,S2-910507639,S2-620526189
S1-259123476	S2-223284390,S3-364607583,S3-494574472,S2-213915420,S3-930267061,S2-848272745,S3-183700355,S3-920072623,S2-81543861,S3-594546805,S2-966377253,S3-764914328,S2-529877004,S2-375580471,S2-268325649,S2-862516164,S3-560594857,S2-13883323,S2-433595322,S3-701680632
S1-782786878	S2-899255129,S2-693054869,S2-841829106,S3-165941105,S3-441074741,S2-954453302,S2-864950817,S2-316694706,S2-393264211,S2-363013900,S2-309022697,S2-315194721,S2-417297386,S2-593553411,S2-212900766,S2-474693977,S2-405796648,S2-883250068,S2-909751619,S2-26841514
S1-388507164	S2-442562958,S2-667795777,S2-419306530,S2-521049331,S2-425292799,S2-312291757,S2-281044982,S2-291406456,S2-980731603,S2-443987836,S2-109355538,S2-534369804,S2-801628283,S2-831300830,S2-499003850,S2-836533845,S2-376065459,S2-537838206,S2-58820958,S2-169606453
S1-632406610	S3-656741279,S3-980710963,S2-276723682,S3-544093311,S3-295541459,S3-212742006
S1-83467231	S3-432859387,S2-975821585,S2-394373283,S2-868302974,S2-189197802,S2-172705683,S2-296326904,S2-523364335,S2-689334448,S2-617380285,S2-92514777,S2-567445303,S2-142482291,S2-628601270,S2-556359480,S2-676731460,S2-458900853,S2-99644375,S2-425382685,S2-45440120
S1-483421527	S3-17520231,S3-146517039,S3-642132699,S3-817362910,S3-121602801,S2-181647518,S2-693209655,S2-151330203,S2-829817390,S2-670686693,S3-106520499,S3-285396855
S1-337021163	S2-128718377,S2-634411952,S2-10983808,S2-265849871,S2-320724959,S2-121985513,S2-724960776,S2-533877571,S2-524134833,S3-584507864,S2-428669602,S3-237762525,S2-260653703,S2-811700535,S3-965329049,S2-85581411,S2-981788740,S2-479345229,S2-989022804,S3-847040663
S1-421949472	S2-517453982,S2-17775302,S2-843198934,S3-213056941,S2-201381905,S2-259728600,S2-335156271,S2-560361851,S2-172780024,S2-179337588,S2-435217968,S2-882453050,S3-217853209,S3-798827303,S3-680123459,S3-271382747,S3-425189512,S2-891161568,S2-285977293,S2-423318299
S1-575955656	S2-449369644,S2-900506823,S2-130439779,S2-560526019,S2-107154843,S3-786228359,S3-289588600,S3-889956310,S2-420627067,S2-163020781,S2-416173183,S2-496322185,S2-457686646,S2-625165128,S3-883014132,S2-80009327,S2-203982463,S3-943195905,S2-148308848,S2-382128360
S1-910737469	S3-944920779,S3-364474807,S2-383495734,S3-785707654,S3-602072308,S3-890551171,S2-900593381,S2-685938318,S2-105354862,S2-584897466,S2-296034870,S3-800725049,S2-147867466,S2-897892175,S2-797348450,S3-243327240,S2-586189655,S2-797486314,S2-162699732,S2-955617265
S1-34561630	S3-577783779,S2-880130352,S3-470936744,S2-189306822,S2-150473728,S2-839552319,S2-996694960,S2-496386707,S2-142891013,S2-635689140,S2-201347746,S2-293821370,S2-151656488,S2-215775082,S2-396816869,S2-976878431,S2-769165847,S2-743057624,S2-749180065,S2-396727615
S1-57348605	S2-125215472,S2-474195449,S2-367661983,S3-710469981,S2-141722911,S2-756431095,S2-65247613,S2-46568424,S2-418185773,S2-599365161,S2-506448035,S2-742903251,S2-437878905,S2-824335522,S3-481119080,S2-554182761,S2-715355937,S2-585273552,S2-529518790,S2-443083628
S1-705677344	S2-560302416,S2-153536311,S2-471323882,S2-23778299,S2-748843368,S2-986313,S2-618452768,S2-978853808,S2-114900813,S2-299291516,S2-565273859,S2-881654241,S2-694108880,S2-211320575,S2-34714905,S2-31597666,S3-439529948,S2-137147068,S2-182597350,S2-185432561
S1-226805741	S2-346638713,S2-722571254,S2-269114762,S2-766190768,S2-328644502,S2-241269860,S2-116550492,S2-608206550,S2-871650614,S2-397930900,S2-191661992,S2-558999706,S2-484483494,S2-988819067,S2-479192671,S2-870120706,S2-24533450,S2-944986445,S2-947595100,S2-21480418
S1-242879085	S2-832761728,S2-672392100,S2-121933134,S2-171400053,S2-264951839,S2-255462901,S2-809050068,S2-34516684,S2-595812239,S2-17829343,S2-484483494,S2-978307502,S2-860947028,S2-262398612,S2-767997013,S2-894256508,S2-978451354,S2-630971574,S2-347307918,S2-56354930
S1-683617881	S2-102673143,S3-99295650,S2-874763460,S3-305612757,S2-732647268,S2-135050165,S2-171400053,S2-646801436,S2-431677109,S2-406649017,S2-434930431,S2-145200755,S2-79094343,S2-530703630,S2-713671236,S2-986391990,S2-655928239,S2-167998065,S2-596689286,S2-375028445
S1-846160569	S2-595177629,S2-524518404,S2-75546275,S2-267778262,S2-457384974,S2-944692042,S2-511490226,S2-647232354,S2-9278111,S2-268759108,S2-769566461,S2-509559351,S2-172199504,S2-504932608,S2-480291443,S2-313641350,S2-70196440,S2-433321114,S2-173100969,S2-709829962
S1-634758155	S2-232428269,S3-848499633,S3-466128141,S2-136523644,S3-99580314,S2-465952926,S2-170937990,S2-363173140,S3-769798890,S3-861040542,S2-161215647,S2-79993051,S3-60131040,S2-635947383,S2-263092601,S2-281494449,S3-977691489,S3-565909866,S2-716495875,S3-258398286
S1-421998899	S2-153244682,S2-772241548,S2-646183985,S2-313194545,S2-678773494,S3-698886363,S2-638087164,S2-218111452,S3-781481806,S2-573936899,S3-32109814,S2-275865931,S2-341401657,S3-39974106,S3-237610148,S2-775942275,S2-107581872,S3-859169884,S2-289336219,S2-668003954
S1-5165369	S3-698116587,S2-423767885,S2-404753282,S2-790496688,S2-477654953,S3-827133018,S3-761739226,S2-725563452,S2-238882111,S3-483515921,S2-64169549,S2-982429615,S2-897896109,S2-820293043
S1-974732084	S3-923420919,S2-274354045,S2-483255409,S2-66584910
S1-114850409	S2-894734345,S2-538033064,S2-674541881,S2-862761062,S2-161808167,S2-620760945,S2-758511990
S1-962435320	S2-458188132,S2-233516408,S2-189855541,S3-164830614,S2-365090411,S2-983340114,S2-932702066,S2-513907865,S2-525477984,S2-796209040,S2-113832393,S2-655558594,S2-589602848,S3-780671773,S3-592961151,S3-802803930,S3-347554344,S2-86458130,S2-337006886,S2-195723912
S1-388245391	S2-989716428,S2-266903515,S2-138004139,S2-748236817,S3-356642952,S2-812442897,S2-345816667,S2-52006136,S2-345568659,S2-861305605,S2-108134782,S2-425621476,S2-508991773,S3-137871717,S2-932741008,S2-85262280,S3-210304436,S2-720916517,S2-686054193,S3-903128992
S1-217576490	S3-585766605,S2-202410320,S2-594939151,S3-305536864,S2-696003722,S3-886711577,S3-220473661,S2-48483504,S2-579483202,S3-339928702,S2-802748584,S3-848705629,S3-863030711,S2-739951673,S2-126803264,S3-382801800,S3-397176010,S3-792645103,S3-340210181,S2-575651020
S1-698449589	S3-270984066,S3-136370763,S3-525350029,S2-908484761,S2-702237686,S2-972781340,S2-508283358,S2-591052054,S2-146465558,S2-224671574,S2-602722031,S2-189833119,S2-430645517,S2-571163159,S2-586557419,S2-281323497,S2-488001659,S2-977046708,S2-186213466,S2-75709599
S1-815211774	S2-603989283,S3-84730974,S2-572524230,S3-318880235,S3-520173990,S2-196036228,S2-248944390,S2-815056441,S3-253353361,S3-279315375,S3-618821611,S2-508048688,S2-91542460,S2-865500418,S2-153702164,S2-390670504,S2-942439631,S2-522532904,S3-940172655,S2-128363000
S1-736162673	S3-962079917,S3-907514750,S3-934271961,S2-241051585,S2-187063744,S2-680026132,S2-881528077,S2-354601415,S2-601451815,S2-874555000,S2-691895074,S2-942887668,S2-767409422,S3-674584343,S2-976221018,S3-992539473,S2-670432271,S3-877844447,S3-478155035,S2-597804716
S1-611784409	S2-765538778,S3-842954968,S2-804598493,S2-902562618,S2-903816771,S3-25930662,S2-779201812,S2-331770918,S2-855794383,S2-584760377,S2-333533050,S2-880600644,S3-29317379,S2-514593415
S1-211592475	S2-666236238,S2-439482258,S2-64640340,S3-497369211,S2-294414060,S2-725878854,S2-101526285,S2-526171161,S2-377188174,S2-387189546,S2-581806587,S2-780871638,S2-476648260,S2-538542937,S2-104586587,S2-211594731,S2-662159321,S2-80075382,S2-207884169,S2-218173515
S1-555350289	S2-412693853,S2-307250723,S2-597688354,S2-368309743,S2-212507459,S2-2054892,S2-897832035,S2-739270096,S2-731690525,S2-622720488,S2-138747546,S2-48855460,S2-342689913,S2-659384030,S3-132540763,S2-112172796,S3-556564513,S2-746286469,S3-17107274,S2-659982026
S1-493985363	S2-147488433,S2-449584968,S3-916182417,S3-532990981,S2-76647525,S2-838039967,S2-101036229,S2-20469045,S2-550671616,S2-301288700,S3-517936311,S2-244314838,S2-163583357,S3-554864169,S2-985760025,S3-282347552,S2-449392378,S2-132672036,S2-909458555,S2-480376436
S1-930848316	S3-574007925,S3-345187814,S3-311363184,S2-399805236,S2-7015133,S2-780368190,S3-12652590,S3-166052348,S2-932435859,S2-880748906,S2-263418251,S2-862487436,S2-54511652,S2-647558555,S2-327319252,S2-374902916,S2-725722791,S2-245070160,S2-365909394,S2-585964228
S1-307464396	S2-137901846,S2-755816275,S2-832265566,S2-765163257
S1-177770989	S2-76300149,S2-459355876,S2-231632541,S3-27568464,S2-137147952,S2-757704434,S2-532912364,S2-493404041,S2-938693809,S2-505296810,S2-726500076,S2-323234739,S2-836268050,S2-226126604,S2-167016316,S2-700581653,S2-622492151,S2-538583116,S2-988849109,S2-312949769
S1-302590962	S2-618419743,S3-473119458,S2-344537534,S3-227174244,S3-511363623,S3-673931650,S3-207822896,S3-100069491,S2-848541439,S2-575461796,S2-553839450,S3-785364484,S3-659024161,S3-990888622,S3-700543150,S3-290893294,S3-770925472,S2-291493237,S3-801009662,S3-236564322
S1-340171740	S3-423139491,S3-176046451,S2-794478296,S2-218587987,S2-915540396,S2-87394573,S2-413066497,S2-211942253,S2-558358126,S2-976930904,S2-219511978,S2-706434696,S2-993901561,S2-38352610,S2-971381672,S2-760363186,S2-988936981,S2-378557819,S2-67808359,S2-444667848
S1-950519154	S2-287260746,S3-748254749,S2-514122690,S2-527552189,S2-119855699,S2-153416091,S2-514143841,S2-516425702,S2-86625601,S2-492943298,S2-393770105,S3-951208882,S2-241842379,S2-999933735,S2-514932792,S3-337012182,S2-216287844,S3-588506572,S2-621770456,S2-440908936
S1-706653311	S2-393971663,S2-295238592,S2-807238495,S2-944870237,S2-376286882,S2-86185148,S2-573393253,S2-501547376,S2-59437260,S2-387526497,S2-791628697,S2-450682087,S2-277625681,S2-801470280,S2-511335038,S2-152127478,S2-428204184,S2-254858761,S2-702461181,S2-641119601
S1-528548249	S2-837986824,S2-114627781,S2-607876511,S2-535354400,S2-707564840,S2-383954405,S2-446736642,S2-792248315,S2-716122543,S2-265597863,S2-507758675,S2-424471542,S2-327286803,S2-259935169,S2-856210855,S2-216974274,S2-682005649,S2-215368969,S2-146730534,S2-80553198
S1-220260659	S2-744115291,S2-609645438,S2-359571303,S2-9099915,S2-465772215,S2-27632111,S2-676467679,S2-89784935,S3-974979886,S2-895563908,S2-337721553,S2-549556760,S2-353403466,S2-17652844,S2-636834283,S2-924354286,S2-449556666,S2-684207448,S2-426503915,S2-538623663
S1-958298659	S2-99290364,S2-790691447,S2-334078822,S2-550191615,S2-53307151
S1-997019898	S2-243455407,S2-660456246,S2-515129278,S2-53121815,S2-923247863,S2-536441219,S2-765824316,S2-321308609,S2-61638653,S2-658650802,S2-231093985,S3-862446783,S2-748941205,S2-898143834,S2-869136050,S3-34060078,S2-497110054,S2-217312677,S2-559296948,S2-417829075
S1-584741776	S3-926022812,S2-800041809,S2-216340195,S2-251375350,S2-255675764,S2-736596806,S3-441669599,S2-340266657,S2-613941270,S2-145467563,S2-93483444,S3-651650556,S3-807935293,S2-390740083,S3-914937357,S2-2958266,S3-697372079,S3-902134402,S3-192351992,S3-657134214
S1-760816211	S2-833011737,S2-409974982,S2-631142104,S3-960623616,S2-8255699,S2-875701319,S3-606430076,S2-687141676,S2-828044753,S2-96350608,S3-799109415,S2-669746651,S3-139222249,S2-59600636,S2-504877602,S2-851169378,S3-205579000,S2-264045416,S2-574977803,S2-491501496
S1-484891659	S2-520102660,S3-442379812,S2-304077275,S2-166247092,S3-630564833,S2-934727544,S2-844406590,S3-205751358,S2-287332211,S3-619958459,S3-901762268,S3-131620252,S3-930506611,S2-277648522,S2-36880403,S2-350134348,S2-756682607,S2-490497523,S3-465931194,S2-967293148
S1-232204608	S2-609082659,S2-782037740,S2-14477142,S2-111302870,S2-989638897,S2-403238035,S2-321321498,S2-999965103,S2-467575760,S2-627017273,S2-674547366,S2-949689480,S2-137762327,S2-959181228,S2-347050910,S2-281612728,S2-150959212,S3-899659539,S2-787815096,S2-521162285
S1-354802188	S2-643057890,S3-177554381,S2-731769913,S3-525890697,S2-654946476,S2-884642642,S3-351894540,S2-939778863,S2-158045667,S2-585488964,S2-142166958,S2-468500758,S3-147732517,S2-635393443,S2-315827387,S2-414505891,S2-706210352,S3-125824081,S2-97152867,S2-336766247
S1-290176575	S2-29829587,S2-755113337,S2-813908845,S3-544921399,S2-622972758,S2-431906164,S2-975631805,S2-303585892,S2-216653540,S2-388257241,S2-9491642,S2-619904350,S2-255181610,S2-33290707,S2-319879422,S2-690823692,S2-870036381,S2-297290521
S1-203203200	S3-791203165,S3-722731696,S2-437028801,S2-976772318,S2-827804619,S2-42051161,S2-948768498,S2-930032840,S2-893331499,S2-872738715,S2-160986084,S2-199251941,S2-979734831,S2-641578298,S2-997208140,S2-345193786,S2-328400730,S2-630440869,S2-1761281,S2-969694825
S1-555917187	S2-34731146,S2-37111786,S2-919331424,S2-619164420,S2-41761364,S2-171667312,S2-735741283,S2-524081516,S2-18092795,S2-504537465,S2-7627880,S2-39895162,S2-398320134,S2-585624830,S2-199423363,S2-35727550,S2-175113479,S2-983583062,S2-193424220,S2-294380657
S1-517740762	S2-72383385,S2-813362237,S2-256903488,S2-996605554,S2-747592620,S2-324808910,S2-129100368,S2-100579305,S2-648120572,S2-179619498,S2-372082183,S2-538537059,S2-973982130,S2-878161099,S2-654033745,S2-155547755,S2-132086466,S3-402892775,S2-543686514,S2-198108921
S1-766239781	S2-79243726,S2-508301040,S2-662270571,S2-58742298,S2-613019626,S3-444203297,S2-171313664,S2-405645417,S3-46190915,S3-527332523,S2-805904146,S2-722776453,S2-977889449,S2-13716449,S2-208679289,S3-605417494,S2-739810112,S3-54822033,S2-242931156,S3-912154867
S1-919889935	S2-980827923,S2-906384970,S2-302306104,S2-106788662,S2-996162407,S2-713628638,S2-184572243,S2-905846430,S2-961794880,S2-758696480,S2-83245944,S3-265357961,S3-190680214,S2-697998622,S2-26800690,S2-954744252,S2-588564758,S2-6725319,S2-294027828,S2-887007076
S1-912365081	S3-390434052,S3-141344469,S2-708101560,S2-177229246,S3-156550982,S2-342154323,S2-602476277,S2-891155479,S3-400072145,S2-745897076,S3-77678939,S2-49340162,S2-11256471,S2-419216073,S2-927891412,S2-196430197,S2-959731145,S2-752087250,S3-107237776,S2-988580840
S1-714405902	S3-231054213,S2-198667503,S2-458530723
S1-527663205	S2-706423789,S2-411963950,S2-213998259,S2-210463649,S2-387742668,S2-321268773,S2-312895247,S2-296224303,S2-431869782,S2-599528687,S2-200445627,S2-903606524,S2-520807246,S2-973417364,S2-20481162,S2-401379869,S2-504742545,S2-287157379,S2-392362533,S2-768572795
S1-924164040	S2-302155236,S2-235768562,S2-248253505,S2-176529562,S2-711698484,S2-771200979,S2-18193042,S2-678446093,S2-411061686,S2-828293415,S2-88069927,S2-730684879,S3-352689165,S3-24216447,S2-529934846,S2-935896104,S2-476418906,S2-984052690,S2-275700571,S2-668577555
S1-450555812	S2-706923101,S2-791963916,S2-641003730,S3-911571431,S2-995189341,S3-344051961,S2-602316675,S2-754880404,S2-785715448,S2-788917958,S2-338261805,S2-566419794,S2-547532708,S3-333505436,S3-103679191,S2-244645321,S2-472825761,S2-511890072,S3-843121185,S2-266368738
S1-440645767	S2-121933134,S2-339049723,S2-171400053,S2-962454104,S2-255462901,S2-533657049,S2-769603136,S2-769708983,S2-484483494,S2-127165015,S2-700014627,S2-82329480,S2-767997013,S2-164358904,S2-382175295,S2-398741093,S2-512065312,S2-832147788,S2-45161658,S2-140402614
S1-708603034	S2-647918412,S2-754579364,S2-621011062,S2-918095988,S2-18102685,S2-160739863,S2-985262675,S2-717773569,S2-189415999,S2-766079823,S2-889883466,S2-712928583,S2-567005056,S2-263069284,S2-263434387,S2-130484738,S2-226568459,S2-941549066,S2-56354930,S2-2366485
S1-572311197	S3-766481917,S3-352299244,S2-44938942,S3-853476330,S2-467271154,S3-857837879,S2-405340108,S2-699283875,S2-976731460,S3-41605196,S2-126812662,S2-272584537,S2-473372445,S2-559479026
S1-664710253	S2-919239980,S3-208582908,S2-25627977,S2-985529846,S2-989496631,S2-397460162,S2-537418800,S3-924967014,S2-518212043,S2-2543977,S3-637451912,S2-959522959,S2-521239576,S3-150929987,S3-531464896,S2-596073791,S3-365710876,S2-918696660,S3-653052250,S2-688343703
S1-246032126	S3-344891917,S2-346263079,S2-578455169,S2-773144876,S2-471438819,S2-938257855,S2-623783829,S2-685521574,S2-270856850,S2-169519913,S2-777282823,S2-524878714,S2-583340620,S2-352623115,S2-323466311,S2-37774276,S2-796299004,S2-878482644,S2-202014556,S2-361647468
S1-927444151	S2-894292643,S2-320584387,S2-689087169,S2-461596558,S2-166251372,S2-182604050,S2-658406547,S3-655407986,S2-202021233,S2-133335302,S3-801208514,S2-755925161,S2-309416071,S2-697085802,S2-9447057,S2-19119268,S2-597610348,S2-633610198,S2-481266915,S2-941671191
S1-762257555	S2-826127602,S3-692299316,S3-72540713,S2-610371120,S2-968312694,S3-302447243,S2-612154901,S2-785331973,S2-316154937,S3-832802616,S2-88601102,S2-526417313,S2-271452621,S3-109208184,S3-917773627,S3-790456861,S3-485159969,S2-646953455,S2-390592128,S2-950199668
S1-919888511	S2-995603588,S2-266010026,S2-144918039,S2-238743439,S2-584240042,S2-269787769,S2-987256,S2-42565299,S2-418665459,S2-694007061,S2-79810784,S3-547134977,S2-272002948,S2-963955912,S2-65717155,S2-41083956,S2-498886894,S2-246227235,S2-231882461,S2-402387833
S1-218502829	S2-103675798,S2-159934551,S3-144167687,S2-452641580,S3-928762790,S2-123740708,S2-633941026,S2-753043622,S3-230518302,S2-703253357,S2-208204292,S2-337710292,S2-293121730,S2-99874911,S2-678231588,S2-953165198,S2-553606705,S2-673934181,S2-961821537,S2-153017683
S1-628791360	S2-666853816,S2-281849165,S2-444524718,S2-917428657,S2-288435698,S2-917931967,S2-160094095,S2-780561692,S2-72751189,S2-966424153,S2-85336457,S2-665227527,S2-820219272,S2-214956804,S3-218544651,S2-950356740,S2-811562673,S2-307937156,S2-8224687,S2-973939674
S1-332618783	S2-88041988,S2-730497577,S2-872771883,S3-875533751,S2-859682279,S2-830781257,S2-267787860,S2-997306391,S2-312289316,S3-972922979,S2-816907273,S3-161407757,S2-764959352,S2-970304850,S2-679624473,S2-192263888,S2-29779603,S2-902804625,S3-752115558,S2-379973566
S1-446339436	S2-708639131,S3-106637229,S2-848902355,S2-528578380,S2-451441529,S2-106463109,S3-870056994,S2-927040170,S2-13002610,S2-523706685,S2-318731151,S3-370916123,S2-533673235,S3-503665469,S2-916097797,S2-499260950,S2-603016140,S2-808286062,S2-7430528,S2-801212054
S1-796251718	S2-301144550,S2-464847092,S2-181700179,S2-795396005,S2-489145676,S2-25386305,S3-981958471,S2-365365932,S3-363266780,S2-798505299,S3-582183234,S2-697423814,S2-70191831,S3-15377543,S2-191667839,S2-609124403,S2-723623698,S2-51799134,S3-640606194,S3-29556424
S1-631521728	S2-220610151,S2-243479558,S2-514932765,S2-662521443,S2-678446093,S2-849829740,S2-686933101,S2-459162881,S2-860569191,S2-965645245,S2-759321649,S2-468067303,S2-480991066,S2-928684326,S2-808324918,S2-832910054,S2-225555355,S2-293398302,S2-441177974,S2-107665231
S1-274886557	S2-79063798,S2-171400053,S2-635629083,S2-183965359,S2-315928144,S2-815004103,S2-403363854,S2-700014627,S2-66101295,S2-610439446,S2-592412285,S2-424543323,S2-177683928,S2-384481547,S2-118657106,S2-507716212,S2-725694846,S2-378099609,S2-945148369,S2-376974800
S1-181784181	S2-984110309,S2-49552238,S2-183733073,S2-938877840,S2-375889036,S2-804830165,S2-220407805,S2-610866301,S2-545488698,S2-410999776,S2-893231303,S2-931598021,S2-378747289,S2-24522576,S2-778644715,S2-904993099,S2-30465162,S2-949141816,S2-428903403,S2-814141366
S1-861266479	S2-85482890,S2-626717325,S2-456149449,S2-328968703,S2-106136706,S2-102944759,S2-857104098,S2-6880682,S2-930066390,S2-640991859,S2-338143504,S2-673153907,S2-702525411,S2-275575828,S2-782377300,S3-42334507,S2-632522751,S3-900652050,S2-851420716,S2-269480722
S1-790075030	S2-186477277,S2-100290874,S2-196825603,S2-390173420,S2-935166792,S2-401923637,S2-287201208,S2-571411840,S2-713741291,S2-677326674,S2-273595669,S2-816506087,S2-408486545,S2-59663373,S2-750946243,S2-602344970,S2-131162253,S2-225752708,S2-820227860,S2-283092026
S1-736713159	S2-857350656,S2-873409262,S3-682034598,S2-676797620,S2-122677312,S2-797742712,S3-278769175,S3-98940075,S2-225188340,S2-710261224,S2-213325176,S2-358386430,S2-277865506,S2-755974171,S2-550332036,S2-410097887,S2-851829002,S2-190689684,S2-893650015,S2-861776775
S1-749427923	S3-154908755,S2-705382240,S2-133043449,S2-917783636,S2-224100536,S2-202662079,S2-828472383,S2-209057821,S2-198428250,S2-117272719,S2-9410084,S2-952875054,S2-411536601,S2-72490128,S2-124599563,S3-9235782,S2-27462337,S2-658840503,S2-318070463,S2-657163367
S1-477329215	S2-713091713,S3-517574792,S2-254314293,S3-284303113,S2-228240744,S2-251426537,S2-990736371,S2-475550327,S2-50714826,S2-606224920,S2-781901794,S2-907512113,S2-692375652,S2-119369314,S2-535274600,S2-855193012,S2-664411184,S2-385719538,S2-635853877,S2-56823271
S1-875446819	S2-485996597,S2-331959585,S2-870826731,S2-132900835,S2-773361252,S2-245424362,S2-885358180,S2-492841010,S2-613193871,S2-580108546,S2-609598165,S3-937298969,S2-737349240,S2-825571497,S2-614683233,S2-954091799,S2-865217292,S2-634616518,S2-866410066,S2-479826588
S1-388152199	S2-27664285,S3-879979889,S3-633663168,S3-677778034,S2-584821481,S2-348243018,S2-983076378,S2-457737341,S3-857183668,S2-339307399,S3-120083125,S2-689579822,S3-209471984,S3-769186840,S3-551110829,S3-375619217,S3-382189579,S2-86941012,S3-409215018,S3-744175739
S1-847388061	S2-389400702,S3-785248459,S2-955736772,S2-296264572,S2-610022786,S2-12812748,S2-847395864,S2-476105117,S3-24150842,S2-227861928,S3-369634296,S3-483941298,S3-704219538,S2-321300273,S2-386635297,S2-634690036,S3-311617021,S2-142502597,S3-766974407,S2-575443822
S1-638197043	S2-461717527,S2-490384613,S2-929330213,S2-225802628,S2-459579498,S2-17293260,S3-365292040,S2-488993493,S2-424456923,S2-145913230,S2-415145983,S3-694879080,S2-230026496,S2-333063793,S3-974576094,S3-810205366,S2-319217113,S2-890320408,S2-816017658,S2-477330056
S1-10781672	S2-328319970,S2-494861578,S2-69384721,S2-559883944,S2-712323203,S2-344413687,S2-498624660,S3-267265749,S2-440838912,S3-408402369,S2-575976950,S2-129196938,S2-697343270,S2-497033688,S3-661329035,S3-110808836,S3-238381379,S2-500614716,S2-890747597,S3-715264913
S1-789997025	S2-497573542,S2-802060295,S2-575918499,S2-607170360,S2-291083078,S2-615972411,S2-187566841,S2-127921526,S2-228635220,S2-293950260,S2-723052407,S3-255017689,S2-612326892,S2-290946356,S2-853031400,S2-893204684,S2-362177677,S3-498625887,S2-225555355,S2-259528116
S1-523081588	S2-267582404,S2-966031641,S2-401481841,S2-865306598,S2-3729593,S2-220186077,S2-656936749,S2-194187760,S2-790787342,S2-983801976,S2-656436206,S2-155769431,S2-788442085,S2-885641053,S2-201464327,S2-986773735,S2-42458060,S2-700823987,S2-621409735,S2-954954920
S1-874053309	S2-416511911,S2-804068613,S2-470842800,S2-227693395,S2-734877824,S2-397966795,S3-300249519,S3-53532698,S3-274869843,S2-702600771,S2-390792920,S2-698694383,S2-839522111,S2-609338357,S2-246313437,S2-754398806,S2-580580013,S2-95452298,S3-939746683,S2-407665100
S1-641381946	S2-911421660,S2-723777743,S2-693009838,S2-92414808,S2-195649553,S2-136729115,S2-142802715,S2-88794573,S2-694318902,S2-687226994,S2-61855970,S2-32541038,S2-917481947,S2-54212143,S3-105428060,S2-501075028,S2-749116299,S2-295241784,S2-29606870,S2-412796781
S1-38884393	S3-829206087,S2-194309469
S1-388483103	S2-446303522,S2-450872152,S2-766425726,S2-363382672,S2-912572786,S2-3208461,S2-550457329,S2-455080223,S2-850736955,S2-534738410,S2-780796105,S2-509682374,S2-143008226,S2-553263880,S2-528170806,S3-615029394,S2-334112228,S3-92419232,S2-911406160,S2-775858362
S1-85494537	S2-753735847,S2-606224626,S2-789213227,S2-813533625,S2-626280699,S2-381338827,S2-876952271,S2-542673658,S2-373986932,S2-375849614,S2-311252187,S2-336821634,S2-465694455,S2-812985525,S2-164055745,S2-741270848,S2-822526227,S2-825409776,S2-603213028,S2-858603610
S1-793181812	S2-159999377,S2-980301004,S2-263667341,S2-604775625,S2-577267560,S2-168245810,S2-108230403,S2-492396475,S2-59877910,S2-629875543,S2-725063043,S2-924836897,S2-355312660,S2-485577690,S2-881098366,S2-725817653,S2-275877775,S2-216916977,S2-328592284,S2-788430182
S1-659049595	S2-888681487,S3-808346506,S3-560927124,S2-627731164,S3-771199103,S2-109929952,S3-928213381,S3-840054413,S2-982403736,S2-756775184,S3-547053383,S3-947690113,S3-146267873,S3-779832942,S3-534642680,S3-801728204,S3-736238484
S1-596707551	S2-435997486,S2-441683202,S3-978701111,S3-945455843,S2-991806477,S3-699915533,S2-5223708,S3-973743615,S2-333045225,S2-919198429,S3-64963962,S3-487058464,S3-291648935,S2-234905138,S3-967637236,S2-529566712,S2-3472425,S2-837270374,S3-266616302,S3-660643584
S1-309536194	S2-132592018,S2-779666536,S3-321499243,S2-796040183,S2-740181716,S3-727230127,S2-2885861,S3-35228836,S2-73304524,S2-706377082,S3-409542473,S2-508504477,S2-855353990,S2-824415785,S2-663712836,S2-417486584,S2-839601230,S2-776337622,S3-810700088,S2-242704566
S1-105249655	S2-982013930,S3-670307238,S2-110471752,S3-921024543,S2-270436217,S2-920397794,S3-14400322,S2-264472247,S3-394402561,S2-834430590,S3-107685185,S2-435550233,S3-951333094,S2-841252384,S2-853803413,S2-264912795,S2-434724063,S2-606902844,S3-916244471,S2-542612925
S1-550631169	S2-817182002,S3-159783015,S3-899846021,S2-719600175,S3-902914645,S2-4927799,S2-199511230,S2-387488334,S2-618990121,S2-711289942,S2-450076928,S2-120275544
S1-648793119	S2-199842576,S2-894330915,S2-736850321,S2-626576154,S2-368660075,S2-956736914,S2-940507880,S2-296371140,S2-353942739,S2-866685194,S2-534629217,S2-945077797,S2-480029798,S3-448526611,S2-990905307,S2-114611068,S2-984319023,S2-478268731,S2-584986115,S2-162366998
S1-798806688	S2-307763972,S2-848710079,S2-338792261,S2-874220178,S2-44944956,S3-626602728,S2-961201976,S2-639557772,S2-6645388,S3-874477040,S3-492631432,S3-454120533,S2-142579269,S2-56046684,S3-535527946,S2-591557148,S2-575068154,S2-631909092,S2-552974855,S2-997504829
S1-16940394	S2-322178035,S2-110096233,S3-76485078,S2-276407693,S3-391216485,S2-727421391,S2-491844815,S2-274650265,S2-923494487,S3-109758890,S2-607597299,S3-684717583,S2-838332846,S2-982000702,S3-700716425,S3-190342764,S2-722977244,S3-956718026,S3-411111829,S3-220942547
S1-353664395	S2-222368256,S2-706359453,S2-874545287,S3-860670415,S2-664288475,S3-246894888,S3-900342355,S2-781522687,S2-189256707,S2-648821715,S3-844158508,S2-100275526,S2-203634598,S2-571661117,S2-367509075,S2-131332171,S2-869160385,S2-588992142,S2-427164249,S2-765542766
S1-440971196	S2-121743945,S2-823886066,S2-530715114,S2-308598521,S2-153590190,S2-74767436,S2-653346875,S2-144636215,S2-541518664,S2-551723371,S2-670783461,S2-320164047,S2-379833785,S2-877690745,S2-393095349,S2-737940210,S2-420979567,S2-883543341,S2-625272134,S2-441328439
S1-69348624	S3-556864338,S3-708865162,S2-587024542,S3-22066342,S2-36098914,S2-399023601,S3-182566986,S2-975826015,S2-633061752,S2-116714896,S2-578453982,S2-585916654,S2-371750015
S1-326577382	S3-533172018,S2-972010187,S2-981660052,S3-453089049,S2-908231883,S2-189174609,S3-626289925,S2-551927731,S3-859149420,S2-214721534,S2-619681271,S3-741245569,S2-830060969,S2-673503649,S3-610148829,S2-667087197,S3-912299900,S2-760547091,S3-292030941,S3-19058562
S1-297420248	S2-483704715,S2-469405076,S2-524334698,S2-325985674,S2-433934662,S2-914639810,S2-695894589,S2-918431428,S2-702506424,S2-581613463,S2-554770231,S3-860197357,S2-251916985,S2-831674833,S2-444829851,S2-956754952,S2-889746406,S2-586736691,S2-30736281,S2-659375802
S1-484953487	S3-406863131,S3-355396115,S2-999125635,S2-95721248,S2-167279511,S2-736049571,S2-2655697,S2-923570461,S2-707955375,S2-918476230,S2-513105334,S2-45463592,S2-212675627,S2-965905502,S2-111761704,S3-453461239,S3-470994122,S2-660511044,S3-967092022,S2-697706837
S1-873701512	S2-598031578,S2-907862948,S2-367839153,S2-411917737,S2-547414879,S2-54040860,S2-367886468,S2-774660964,S2-104879790,S2-625062948,S2-640621642,S2-957844588,S2-585423762,S2-71397716,S2-147882310,S2-564285872,S2-874873860,S2-44678018,S2-158856141,S2-925604376
S1-192330724	
S1-731819349	S2-404032386,S3-128068793,S3-323442980,S3-811620893,S3-67431148,S2-216140178,S2-942883958,S3-420491375,S2-587830645,S2-563637599,S3-819198401,S2-389638569,S3-576424789,S3-292734043,S3-91794144,S3-92444408,S3-492079645,S2-827899997,S3-870822233,S3-675456838
S1-102808571	S2-865371795,S2-405752906,S2-242049470,S2-391216096,S2-201882115,S2-438916124,S2-492355749,S2-64601215,S2-447039100,S2-421710505,S2-990877190,S2-627154433,S2-696626084,S2-588082744,S2-370767793,S2-818735951,S2-481856019,S2-184680305,S2-687606154,S2-88267650
S1-819626897	S2-892737492,S2-347645930,S2-403258022,S2-23492288,S2-470659597,S2-508103523,S2-124116278,S2-435532923,S2-261258262,S2-914770701
S1-963877776	S2-945936496,S2-77672935,S2-707840153,S2-81646907,S2-740398381,S2-474114682,S2-327427465,S2-712148854,S2-132209715,S2-736299057,S2-609111960,S2-384732595,S2-995556611,S2-810740664,S2-818308577,S2-178188667,S2-2887192,S2-67647770,S2-742096118,S2-390632639
S1-409336656	S2-80733,S2-547153600,S2-132803161,S2-934446913,S2-57703042,S2-720864871,S2-655771659,S2-151772630,S2-963557416,S2-384193796,S2-936916016,S2-666169077,S2-710622121,S2-352704759,S2-520170394,S2-821899664,S2-817424023,S2-499724804,S2-817129666,S2-8894626
S1-658171306	S2-119978591,S2-748166976,S2-153777993,S2-725888276,S2-827890796,S2-628138977,S2-542113508,S2-607425510,S2-388185142,S2-179550580,S2-807119539,S2-815032562,S2-672702979,S2-428165857,S2-261398483,S2-823462030,S2-95508133,S2-674949616,S2-704668572,S2-947761843
S1-625702584	S2-95525017,S2-567497681,S2-172480615,S2-11071169,S2-967800744,S2-712075935,S2-243696986,S2-49054449,S2-413705684,S2-293491695,S2-50524480,S2-323861326,S2-180010380,S2-537301194,S2-797689158,S2-435659204,S2-361995518,S2-87937834,S2-649143116,S2-437786662
S1-547584910	S3-663288995,S3-340333576,S2-404800337,S2-397149837,S2-295449600,S2-987698714,S2-814514872,S2-820529090,S2-485360699,S2-368914788,S2-359882383,S2-50464489,S2-423027603,S2-147434425,S2-770438007,S2-959601151,S3-105717548,S2-395532269,S2-900896934,S2-919527998
S1-943778760	S2-550049935,S2-781829005,S2-778937200,S2-779243208,S2-710773127,S2-797378767,S3-10159667,S3-963723509,S3-126085078,S2-94814951,S2-464982590,S2-199034810,S2-751258709,S2-677947554,S2-756012152,S2-188166719,S2-139427382,S2-748277399,S2-434945526,S2-32268713
S1-605927691	S2-587652715,S3-806214801,S2-574296827,S2-966554497,S2-162056441,S3-388292852,S3-788491097,S3-150425025,S2-848370281,S3-994382102,S2-937685960,S2-796011165,S2-842043756,S2-204541715,S2-264465392,S2-889828494,S2-62094211,S2-608755411,S2-144997178,S2-312139402
S1-939502579	S3-241241014,S3-732390146,S2-916823565,S3-135962704,S2-409727595,S2-58782621,S3-413462103,S2-213063094,S2-202386224,S2-914157031,S2-651979075,S2-276049201,S2-550367260,S3-157679412,S2-764931927,S2-289555822,S2-9321188,S3-255460446,S2-51748933,S2-167022044
S1-460245261	S3-549539543,S2-256307639,S2-920899307,S3-885932639,S2-353891909,S3-605410990,S2-738753590,S3-520684771,S2-755746609,S2-804441033,S2-49375592,S3-421880656,S3-357258372,S2-233031789,S2-897603096,S3-670873589
S1-312444742	S2-544198147,S2-862257188,S3-805477124,S2-29382278,S2-314102783,S2-814417353,S3-239343536,S2-77279760,S2-549421368,S2-927768744,S2-480486161,S2-834583259,S2-659342195,S2-771093895,S2-385647491,S2-266026767,S2-664222823,S2-631921723,S2-238876815,S2-832882047
S1-156309919	S3-439352074,S3-378644915,S2-934684017,S2-116241424,S2-195938292,S2-347200186,S2-614338033
S1-203108026	S3-748573050,S3-911757412,S2-495320496,S2-97278232,S2-520328337,S2-591005869,S2-318306088,S2-675998797
S1-766358539	S2-995261709,S2-102445379,S2-607026409,S2-773605083,S2-977846783,S2-458888734,S2-216384510,S2-520169057,S2-729276132,S2-329749112,S3-400010696,S3-21545897,S3-582609184,S3-749181835,S3-973255178,S3-177914886,S3-341646940,S2-361285600,S2-987584613,S3-42300290
S1-154719183	S3-249818345,S3-243177995,S2-140164261,S3-808810870,S2-349101607,S2-162674469,S2-519686118,S2-524476253,S2-836980313,S2-982759052,S2-733302408,S2-313449051,S2-250854392,S2-667315980,S2-824673066
S1-154668605	S2-244225374,S2-591297644,S2-827538424,S2-752030910,S2-552494318,S2-26445667,S2-631520815,S3-481899563,S3-371456168,S2-36457458,S2-358447644,S2-733381051,S2-746845993,S3-926177221,S2-414417315,S3-139186123,S3-587979926,S2-256321522,S2-521003194,S2-501146747
S1-221545619	S2-454065981,S2-65916259,S2-603042491,S2-262816916,S2-624142843,S2-589133644,S2-456348240,S2-814453903,S2-328830379,S2-380434937,S2-238268793,S2-342328004,S2-215980758,S2-907288477,S2-114847841,S2-509263698,S2-716941668,S2-306547398,S2-933909276,S2-260772334
S1-405858712	S2-568205938,S2-711127995,S2-712655761,S3-761411305,S2-983802744,S2-783945715,S2-813005558,S2-803585280,S2-167196734,S2-582167857,S2-458921053,S2-249236792,S2-485784978,S2-672921246,S2-306752727,S2-436716337,S2-40112357,S2-561066777,S2-418593297,S3-385760896
S1-838114892	S2-144490110,S2-41968019,S2-506090799,S2-903435341,S2-602335775,S2-605321948,S2-826672190,S2-379265896,S2-154569708,S2-672048591,S2-795598387,S2-958584812,S2-592589476,S2-607823263,S2-151681350,S2-292417583,S2-319809294,S2-822032464,S2-838572645,S2-621239218
S1-188335410	S3-270381538,S2-291402385,S2-922323570,S2-544450252,S2-551475003,S2-748699070,S2-830260821,S2-494195249,S2-763331737,S2-76435747,S2-93869932,S2-774856496,S2-9260365,S2-477094110,S2-438126235,S2-218106034,S2-278280833,S2-565680808
S1-816637655	S2-279114689,S2-722773529,S3-696067276,S2-184317979,S2-890302989,S3-15355818,S3-873441201,S3-74474307,S2-103677396,S2-761058808,S3-758479315,S2-725604972,S2-647720096,S2-805565104,S2-68497421,S2-769458222,S3-220817120,S2-953899079,S2-43738848,S2-254700932
S1-231982106	S3-268824768,S2-530213040,S2-576966735,S2-408344717,S2-164734447,S2-139232065,S2-647771405,S2-595996670,S2-817692665,S2-579827855,S3-653993181,S2-48973163,S2-224570342,S2-385587286,S2-82037713,S2-350273030,S2-180168000,S2-571375099,S2-495582803,S2-687704716
S1-744386862	S3-383454813,S3-235048435,S2-131237950,S2-54356292,S2-430374293,S2-568135689,S2-415896232,S2-799684633,S2-446568547,S2-759071181,S2-865432564,S2-523445979,S2-558202537,S2-235389434,S2-503932213,S2-622399040,S2-863400868,S2-332015212,S2-833091110,S2-739405754
S1-442441700	S2-909141994,S2-249768387,S2-315842925,S2-395260151,S2-149090348,S2-151772630,S2-995357471,S2-827106949,S2-124718027,S2-597093806,S2-936916016,S2-755371491,S2-62323312,S2-303486472,S2-817424023,S2-712050188,S2-619042771,S2-709829962,S2-199140465,S2-389013354
S1-590847839	S3-197341037,S2-774197743,S2-920436759,S2-193427154,S3-968581875,S2-614598424,S2-354018188,S2-557873297,S3-245984209,S3-705953176,S2-949859427,S2-305915766,S2-88184533,S2-336414778,S3-300134331,S3-293240726,S3-478475717,S2-564632299,S2-795645727,S2-408561506
S1-338592807	S2-830835505,S2-165823802,S2-706157759,S2-943472649,S2-159437765,S2-747151562,S2-904043197,S3-449789858,S2-344079416,S3-964346342,S2-584976232,S3-219244542,S2-886905650,S3-808266424,S2-599899574
S1-677821747	S3-899977765,S3-761082931,S2-435555362,S2-805452943,S2-165939699,S2-490021263,S2-299519765,S2-880558725,S2-95960808,S2-404363261,S2-312485534,S2-376441777,S2-784149844,S2-964918587,S2-752916878,S2-62206551,S2-440297746,S2-746842480,S2-681147506,S2-856352951
S1-491043289	S3-113045249,S3-92463575,S2-400626536,S2-361209778,S2-917877992,S2-316866448,S2-755215923,S2-419162278,S2-778389079,S2-305004647,S2-176940261,S2-607051539,S2-901876327,S2-359343082,S2-696282367,S3-36982702,S2-658613450,S3-934142702,S2-92251734,S2-875128916
S1-465651224	S3-269550600,S2-867430530,S2-37553211,S2-631872543,S2-590599833,S2-681692588,S2-367433612,S2-903791555,S2-328767646,S3-165627701,S2-670306971,S2-435073806,S2-254626829,S2-173149912,S3-710025601,S3-557324446,S2-70944601,S3-588962929,S2-976054897,S2-624375767
S1-533583412	S3-362197830,S3-826276723,S2-804269102,S2-403318408,S2-260907461,S2-626848968,S2-870965921,S3-314726872,S2-877310886,S2-570108205,S2-27546071,S2-79338171,S3-723866824,S2-767747674,S2-57494276,S2-482242036,S2-716784069,S2-306323756,S2-355917443,S2-769991965
S1-858917964	S2-214047104,S2-182739572,S2-392292514,S2-593618369,S2-339550008,S2-641360592,S2-211238097,S2-666086838,S2-346145810,S2-198108921,S2-378099609,S2-981320141,S2-219522065,S2-809167112,S2-526730352,S2-491981284,S2-151093931,S2-433321114,S2-714183386,S2-427935563
S1-246219023	S2-78282936,S2-712722259,S2-577307135,S2-300321942,S3-550577739,S2-186964000,S3-101822830,S2-374741531,S2-966486702,S3-636585142,S2-139046651,S2-279203504,S2-580277807,S3-438564608,S2-34195974,S2-55988109,S2-504841195,S2-360965699,S2-972541094,S2-264179399
S1-750360829	S2-566848302,S2-807615197,S2-288771595,S2-121933134,S2-551024375,S2-27616304,S2-171400053,S2-211440621,S2-255462901,S2-575563276,S2-801180560,S2-621413296,S2-267778262,S2-887123026,S2-756036315,S2-245727519,S2-802245958,S2-484483494,S2-277300530,S2-151772630
S1-288311477	S3-215935420,S3-421955789,S2-993209018,S2-880048623,S2-494047814,S2-924720703,S3-43367213,S2-781003060,S2-430396881,S2-249290615,S2-693736684,S3-930066276,S2-999542801,S2-72376520,S3-267527726,S2-545126910,S2-776502403,S2-205442225,S2-356212641,S2-728049698
S1-429756989	S2-102761922,S3-540590048,S3-713270483,S2-229876709,S2-911979993,S3-157411509,S2-757778262,S2-393654953,S3-624769207,S2-27298359,S3-663728710,S2-912135929,S3-136792445,S2-174625105,S2-407994734
S1-219453359	S2-495123438,S2-828891044,S2-521513680,S3-746811757,S2-567081651,S3-61770550,S2-341182886,S2-681358852,S3-468771727,S3-427781157,S2-865516275,S2-941545980,S2-889174960,S2-996331576,S2-960328320,S2-571920534,S2-881537166,S2-714107043,S2-679126634,S2-748245359
S1-872344748	S2-905126703,S2-564903642,S2-668524251,S2-32622068,S2-65118832,S2-815714798,S2-892644073,S2-504398211,S3-455096094,S2-523045912,S2-618235328,S2-392231019,S2-545656887,S2-158287946,S2-797935412,S3-954020345,S2-628708580,S2-731588933,S2-193923532,S2-954961458
S1-128375300	S2-801619479,S2-257663325,S2-643327268,S2-605411802,S2-732973904,S2-961976804,S2-939536948,S2-990004318,S2-362535049,S2-230510706,S2-13085122,S2-12659530,S2-113576289,S2-967981378,S2-704810209,S2-699825439,S2-257895947,S2-234412426,S2-353514137,S2-405934923
S1-761390259	S3-573584286,S3-255398564,S2-188711072,S3-320016052,S3-378588094,S3-760301268,S3-487409212,S2-546167052,S2-573170980,S3-948803354,S3-116923718
S1-160661450	S2-96573800,S2-650255408,S2-601348955,S2-444207177,S3-68834284,S2-146460175,S2-965114431,S3-493176707,S2-402492014,S2-26977103,S2-363572458,S2-401030683,S2-936742912,S2-945276166,S2-110143079,S2-487213107,S2-17167568,S2-373259810,S2-263365560,S3-263807449
S1-196036715	S3-539122792,S3-546000711,S3-572664432,S3-731165460,S3-643013425,S2-940252371,S3-689470258,S3-616965494
S1-247612983	S3-753507288,S3-123537773,S2-571812433,S3-181005156,S2-995994151,S2-279070773
S1-618992155	S3-563545313,S2-28578864,S2-972375132,S2-335659628,S2-963542969,S2-619114227,S2-790160706,S2-725080869,S2-525004536,S3-123069686,S2-712179394,S2-666086838,S2-689478309,S2-240769891,S2-619124272,S2-444725357,S2-600541439,S2-44619943,S2-597694282,S2-319685708
S1-535548928	S2-689332129,S2-768571746,S2-378286888,S2-398395920,S2-845320573,S2-796250687,S2-533983082,S2-539584733,S2-77249308,S2-722783759,S2-80166373,S2-23475440,S2-917358440,S2-890142984,S2-653879350,S2-124114327,S2-641251307,S2-258968503,S2-458207200,S2-932989892
S1-680305536	S2-860726807,S2-571795744,S2-27905153,S2-476782128,S2-240184870,S2-667251508,S2-46516741,S2-835125771,S2-762135340,S2-361192347,S2-889106971,S2-274263431,S2-839384320,S2-801233022,S2-122484453,S2-772903731,S2-547376735,S2-950687779,S2-93735348,S2-864874561
S1-792917107	S2-53257030,S2-335217482,S2-436315795,S2-114473532,S2-959199759,S2-58349107,S2-996570380,S2-46949249,S2-524116704,S2-780498819,S2-512075577,S2-144951328,S2-200592916,S2-297940883,S2-87002186,S2-174561947,S2-165331802,S3-757951351,S2-221454764,S2-496212424
S1-41923451	S2-539963673,S2-259504978,S2-618840633,S2-199821426,S2-760415645,S2-148622220,S2-280396028,S2-489902969,S2-51704591,S2-988205841,S2-386022523,S2-545530049,S2-377132311,S2-898447529,S2-633010089,S2-763976148,S2-371054407,S2-76403692,S2-684068954,S2-524550129
S1-448241121	S2-689979282,S2-760889601,S2-347659042,S3-357072395,S2-442946988,S3-785121366,S2-292717036,S3-984016663,S2-744580623,S3-385960043,S3-930084223,S3-477128668,S2-61115490,S3-102444532,S2-582043938,S2-279212843,S3-287560439,S2-638272056,S3-81017055,S2-789368618
S1-975606427	S2-173880161,S2-209836135,S2-283236536,S2-132130874,S2-70477687,S2-705819371,S2-213361513,S2-621408552,S2-504995864,S3-152371453,S3-17619123,S2-775943088,S2-726683546,S2-610938690,S3-86413215,S2-915940998,S3-709739497,S2-939986174,S2-876786678,S3-95156840
S1-35243972	S2-708179310,S2-321477687,S2-533254883,S2-404980749,S3-262170330,S2-865759070,S2-177391789,S2-142727751,S2-669672759,S3-300036972,S2-876308560,S2-873059306,S2-387396358,S2-825171014,S2-216703309,S3-584064387,S2-143344137,S2-966620749,S2-826384213,S2-457027318
S1-125725967	S3-839606452,S2-896678060,S2-95359025,S2-879217974,S2-758808691,S2-990908576,S2-385630233,S2-652996672,S2-882882791,S2-51745037,S2-742312110,S2-980728137,S2-776117647,S2-278876944,S2-212742235,S2-408785386,S2-745144727,S2-520510184,S2-151370109,S2-654551163
S1-427417800	S2-708108287,S2-410165524,S2-683121789,S2-50964815,S2-1156421,S2-719432495,S2-477047326,S3-193652302,S2-102533864,S2-87025828,S2-701217445,S2-230421991,S2-359917003,S2-561968171,S2-697515934,S2-304039448,S2-276018305,S2-930086828,S2-126789415,S2-282636802
S1-661990269	S3-669552728,S3-258206995,S2-510421464,S2-621880190
S1-428740320	S2-827701197,S2-763537230,S2-704153464,S2-614487138,S2-980528530,S2-29842556,S2-993334951,S2-396395888,S2-399031710,S2-752453909,S2-47335079,S2-287330962,S2-188231208,S2-966715621,S2-283020119,S3-574671542,S2-99498923,S2-945652492,S2-376771511,S2-493818794
S1-57650800	S2-926916965,S2-280053838,S3-177981697,S2-853324964,S2-316489132,S2-259165301,S2-778476455,S2-198633539,S2-89417143,S2-570472678,S2-329579845,S2-580572419,S2-603573790,S3-965273438,S2-221101513,S2-195926765,S2-888533345,S2-21993959,S2-685165932,S2-260670609
S1-202888373	S2-66633915,S2-745310419,S3-713120776,S3-579549688,S3-120224280,S2-367354930,S2-672463308,S2-167489060,S3-296835788,S2-594630502,S2-327903707,S2-112927491,S2-506017293,S2-978239339,S2-384769853,S2-956477158,S2-347887643,S2-327481317,S2-110912143,S2-722366400
S1-68375440	S3-168930091,S3-283592436,S3-833504914,S2-86438219,S2-893268269,S3-980140715,S2-898290145,S2-954426778,S2-188279713,S2-810213168,S2-136608764,S2-189135524,S2-514591950,S2-325289843,S2-592309862,S2-362301408,S2-806593222,S2-211764583,S3-912205559,S3-463473885
S1-308217733	S3-44208101,S2-818460983,S2-208926993,S2-84163520,S2-958579400,S2-891680959,S3-878202000,S2-698669110,S2-100102267,S2-457700366,S2-449244331,S2-988640929,S2-324791133,S2-109076759,S2-414051906,S2-46582974,S3-156367741,S2-851161708,S2-911607634,S2-278394018
S1-482469421	S2-566643314,S2-388528707,S2-167167244,S2-72636151,S2-670523195,S3-132203019,S2-143937131,S2-621100873,S3-250830628,S2-685921174,S2-804503179,S3-724999881,S3-91696623,S3-972814570,S3-969139933,S2-590557548,S2-545295555,S2-270639947,S3-705036742,S2-950349826
S1-638312402	S3-50066855,S3-328272383,S3-28421200,S3-242723153,S3-793074517,S2-824895819,S3-151607610,S3-690880417,S3-718215788,S3-211264186,S2-994963874,S3-143991240,S3-979547573,S2-884462512,S2-263129875,S3-732283428,S2-501363486,S3-635326927,S2-183708732,S3-202066291
S1-888351367	S2-708330160,S2-107207756,S2-934876016,S2-770795421,S3-26980353,S2-593836669,S2-888077270,S2-314178996,S2-693296747,S2-646343334,S2-630153108,S2-278011177,S2-33799451,S2-480578300,S2-885664343,S2-485514323,S2-797821268,S2-639404364,S3-105010116,S2-776491040
S1-60188978	S2-26008249,S3-309118933,S2-368221826,S3-261918850,S2-898863635,S2-83632578,S3-677829310,S3-809894915,S3-513737576,S2-87901354,S2-836072003,S2-712241,S3-565112868,S2-575406879
S1-177193455	S2-766963957,S2-842140692,S2-588604642,S2-611527711,S2-429551752,S2-594850775,S2-558099322,S2-377468802,S2-734969445,S2-579265502,S2-1703374,S3-241488240,S2-33926332,S2-860330148,S2-784566226,S2-79212373,S2-39176355,S2-345704194,S2-204785011,S2-980896654
S1-720777077	S2-210550227,S2-411877439,S2-460850016,S2-167039691,S2-724716103,S2-669380365,S2-72490710,S2-217253556,S2-178415237,S2-361128158,S2-173034630,S2-582889561,S2-575878662,S2-56956473,S2-313768869,S2-176481218,S2-807771720,S2-500559764,S2-996354324,S2-982668799
S1-204942299	S2-184713943,S2-95952651,S3-404589516,S2-122106683,S3-850297089,S2-596623042,S2-936771608,S2-750622805,S2-875978380,S2-642081700,S2-779747179,S2-77400100,S2-871542658,S2-625026794,S2-40533714,S2-939101446,S2-185989642,S2-788197985,S2-435213660,S2-203162964
S1-606109731	S2-669636580,S2-307584321,S3-335582800,S2-48874040,S2-536826492,S2-415010452,S3-153118823,S2-485643113,S2-419031945,S3-243750213,S2-484863595,S2-349097318,S2-254194000,S2-946997709,S2-889319668,S3-417118695,S2-711080752,S2-242856598,S3-330584336,S3-439655207
S1-921803281	S2-486450433,S2-947729488,S2-21073648,S3-988497841,S3-783609081,S3-903024487,S3-607439257,S2-362376921,S2-375761887,S2-447808947,S2-632442048,S2-948445461,S2-605456144,S3-179750995,S3-533079918,S3-415500556,S2-915358798,S3-464282447,S2-146794486,S3-875439354
S1-106856665	S2-312588809,S2-495657501,S2-204044416,S2-172048576,S2-181528168,S2-894665425,S2-652498359,S2-705183796,S2-542530339,S2-882636372,S2-30345979,S2-819028489,S2-464421680,S2-276155359,S2-127058226,S2-409174064,S2-26722065,S2-170384043,S2-222018548,S2-587504824
S1-175413430	S3-945944903,S3-917605830,S2-657894638,S2-103006249,S3-439189262,S2-137393441,S2-147870422,S2-526309573,S2-176399812,S2-174734805,S2-146889916,S2-510420273,S2-779818470,S3-55730470,S3-872646220,S3-251492296,S3-82985964,S3-190358437,S3-314063118,S3-884823426
S1-147535796	S2-785409928,S2-530715114,S2-278169972,S2-476860521,S2-183336854,S2-869426067,S2-877180301,S2-365269825,S2-80556979,S2-704097767,S2-621339065,S2-320164047,S2-307769780,S2-376344532,S2-737940210,S2-217459359,S2-599328437,S2-882967316,S2-543531311,S2-716852326
S1-687237362	S2-670533780,S2-392023783,S2-7088448,S2-634215160,S2-882603721,S2-442443401,S2-678780490,S2-834313176,S2-564433228,S3-326861904,S3-828965390,S2-100500467,S2-58220176,S2-523555972,S2-151547922,S2-405569921,S2-657627110,S2-25889473,S2-198022312,S2-151391366
S1-971358208	S2-378942086,S2-700156320,S2-159931806,S2-206289109,S2-642929751,S2-4453299,S2-277877795,S2-413288692,S2-950220301,S2-779726275,S2-259365890,S2-895595138,S2-175684697,S2-181521728,S2-66095072,S2-387860687,S2-502665089,S2-103738036,S2-965663327,S2-59733954
S1-893246797	S3-146372503,S3-680821674,S3-250275448,S3-479007070,S3-104972064,S3-907033312,S2-786743165,S3-619735677,S3-28666795,S3-103105478,S3-361596158,S3-487086520,S2-170988893,S3-305156378,S3-11335912,S2-858509944,S2-964503296,S2-669768592,S3-178751723,S2-558273527
S1-401864203	S3-552806779,S2-862919172,S2-614051717,S2-226055477,S2-705676472,S2-818670796,S2-417727100,S2-447445547,S2-382847755,S2-707200993,S2-941847541,S2-92472835,S2-689819873,S3-35745317,S2-762724820,S2-595821429,S2-919817977,S2-590470033,S2-55432113,S2-255702127
S1-841952191	S2-970947762,S3-961983971,S2-864038683,S3-27742174,S2-976878431,S2-909639510,S3-833826544,S3-341543436,S3-648391805,S2-158178438,S2-497722759,S2-199352274,S2-407557825
S1-228177533	S2-498115677,S3-345847634,S2-984407586,S3-909694769,S2-781337763,S2-270405321,S2-443102800,S2-936379462,S2-742807092,S2-125880887,S3-719243516,S2-958086243,S2-584963937,S2-781032842,S2-529089951,S2-202269868,S2-247630167,S2-840162350,S2-57930332,S2-152341907
S1-419058082	S2-498137402,S2-271197291,S2-840431702,S3-691413441,S2-353989527,S2-783207344,S2-487357351,S2-821313841,S2-945532462,S2-825684473,S2-754807732,S2-262866761,S2-164055745,S2-752408875,S2-857022778,S2-866822560,S2-767185641,S2-246825529,S2-774135482,S2-799142496
S1-732961671	S2-452117207,S2-940449840,S2-323199355,S2-774682708,S2-809615034,S2-697560373,S2-827334452,S2-909734950,S2-190511966,S2-564974288,S2-59064462,S2-363478147,S2-787343850,S2-28986536,S2-886857032,S2-721263802,S2-783454934,S2-868598507,S2-937208364,S2-549229882
S1-920390520	S2-321590713,S2-526999762,S2-696289530,S2-572121828,S2-974358064,S2-426044446,S2-244361140,S2-719036157,S2-115094813,S3-639945068,S2-121573049,S2-366099188,S2-272883289,S2-279434479,S2-821744924,S2-304616649,S2-113400765,S2-973903661,S2-202163665,S2-847069743
S1-635175351	S3-833097428,S2-155414984,S2-918443245,S2-36580673,S2-739194077,S2-605360909,S2-284931563,S3-377822029,S2-826445902,S2-776719901,S2-667578854,S3-394853984,S2-72730055,S2-620481545,S2-395288251,S2-803189444,S2-896174129,S2-781305241,S2-218005313,S3-375974969
S1-461785753	S2-832761728,S2-672392100,S2-121933134,S2-171400053,S2-264951839,S2-255462901,S2-809050068,S2-34516684,S2-595812239,S2-17829343,S2-484483494,S2-464497646,S2-453755879,S2-978307502,S2-546888074,S2-860947028,S2-247033268,S2-262398612,S2-283003482,S2-767997013
S1-910473852	S2-918449741,S2-704558425,S2-863687671,S2-606336037,S2-339339249,S2-499102447,S2-572078439,S2-2576257,S2-677737225,S2-586919695,S2-287899376,S2-285996516,S2-737594292,S2-328414643,S2-417295862,S2-423601661,S2-850169150,S2-970188598,S2-190315529,S2-47325887
S1-868446826	S2-571630776,S2-154704038,S2-608557986,S2-924523831,S2-501094468,S2-50912832,S2-442235483,S3-123753376,S2-622738005,S2-165860009,S2-784038416,S2-272273333,S2-441403075,S3-224743642,S2-101208042,S2-846016763,S2-899968491,S2-612611120,S2-775069400,S2-53213152
S1-788848138	S3-135426297,S2-710652374,S3-252602797,S3-601183440,S3-377106110,S3-836462717,S2-607991647,S2-503058259,S2-252727752,S3-269818186,S3-640744454,S2-503530923,S2-198054356,S3-337226868,S2-633876435,S2-448030998,S2-507011662,S3-756798836,S2-348925994,S2-661602021
S1-575078315	S2-707788921,S2-208611739,S3-421662438,S3-737348266,S2-670706491,S2-356905538,S2-279814828,S2-574773798,S2-674430587,S3-850972170,S3-973959951,S2-612242696,S2-347014842,S2-395490690,S2-639408013,S2-705257253,S2-917585869,S2-764579518,S3-571374441,S2-469602694
S1-44946269	S2-995640402,S2-249059196,S2-141387624,S2-662206086,S2-127243197,S2-247164142,S2-665098688,S2-505913968,S2-790416451,S2-115305363,S2-513714045,S2-965919526,S3-421493332,S2-455161124,S2-392827609,S2-352989827,S2-376220681,S2-867343792,S2-201869966,S2-90949432
S1-618904464	S3-605466757,S2-473919677,S2-681217767,S2-306608650,S2-692314796,S2-820227860,S2-565577253,S2-853390554,S2-184191379,S3-593328032,S3-506919266,S2-869588016,S2-990903828,S2-495111553,S2-490686853,S3-19629003,S2-390668510,S2-201180736,S2-664616100,S3-666397902
S1-429851261	S2-596950931,S2-231896637,S2-512021290,S2-108981160,S2-717943246,S2-919173777,S2-705528571,S2-866617717,S2-266577256,S2-575774184,S2-284629106,S2-999702448,S2-174281071,S3-935355422,S2-698880456,S3-416809349,S2-559199584,S2-38602298,S2-250267995,S2-206844830
S1-714077420	S2-236296430,S2-229489606,S2-791917723,S2-754525132,S2-261161686,S2-553654957,S2-232082344,S2-20319196,S2-114544489,S2-548521418,S2-429271575,S2-288201685,S2-488540138,S2-938305296,S2-656466059,S2-693512984,S2-498519715,S2-208978311,S2-305707056,S2-19277375
S1-483602789	S2-171517803,S3-790971686,S2-222712246,S3-742593051,S2-106578959,S2-309985395,S2-89096131,S3-348642307,S2-380568073,S2-388638523,S3-492542825,S3-492963220,S2-725124302,S2-763030296,S3-560140028,S2-935847271,S3-384575389,S2-299064037,S2-779816120,S3-403301671
S1-511231810	S2-675789787,S2-17469417,S2-490358810,S2-20067497,S3-273488636,S3-656463530,S3-973316151,S2-461260098,S2-448568415,S3-911082795,S3-47801110,S3-716533880,S2-426137976,S2-806767619,S3-815529366,S3-765582187,S2-294061249,S3-458026033,S3-530848996,S3-161385951
S1-642966235	S2-59136710,S2-331324832,S2-86622433,S3-193429686,S3-934886938,S2-62074879,S2-396178475,S3-156133125,S2-958215689,S2-297325649,S2-675944153,S2-68574127,S3-437307855,S2-448762670,S2-915382473,S2-366081002,S2-626814216,S3-920627617,S3-977855698,S3-176983932
S1-534513269	S2-768272818,S2-933703451,S2-441287907,S2-403402025,S2-395260151,S2-210463649,S2-293003892,S2-619779883,S2-149090348,S2-995357471,S2-827106949,S2-76374682,S2-597093806,S2-494416860,S2-755371491,S2-422227917,S2-303486472,S2-785987062,S2-788393717,S2-906829049
S1-923648013	S3-483989641,S2-60425099,S2-853535907,S2-509193550,S2-887572322,S3-111110475,S2-627096206,S3-203682749,S2-851943684,S3-144273553,S2-201275675,S2-326528299,S2-27680111,S3-652898014,S3-204176608,S3-148308422,S3-657500936,S2-203794538,S3-437591936,S2-459060678
S1-327546778	S2-504807633,S3-788220315,S3-306066302,S3-809735821,S2-561131732,S2-673427950,S2-729735119,S2-879799066,S2-989168545,S2-710128900,S2-129919331,S2-526171161,S2-79626386,S2-10204059,S2-139654234,S2-541882402,S2-181066389,S2-972720644,S2-251052075,S2-983735793
S1-544687180	S2-790032759,S2-382104142,S2-337898322,S2-114742030,S3-430066806,S3-241634935,S2-614982471,S2-550295083,S3-656468901,S2-968951632,S2-452126356,S2-648916796,S2-226479420,S2-345657283,S2-209818965,S2-897681727,S2-742495923,S2-396760090,S2-157166636,S2-4077589
S1-521308469	S2-300509689,S2-231578702,S2-995423724,S2-813767990,S3-315264975,S3-978710063,S3-216955367,S3-689032819,S2-945809807,S2-294551466,S2-588411284,S2-557476273,S2-185513794,S2-993595929,S2-493150671,S2-366295504,S2-962334170,S2-566822662,S2-52421210,S2-547225468
S1-3557546	S2-711808668,S3-830384836,S2-16616778,S2-50735749,S2-497181997,S3-450351978,S3-512971190,S3-451353966,S3-847795341,S3-800104717,S3-801739524,S3-183871223,S3-945826061,S3-71371716,S2-448262383,S3-307716052,S2-859579122,S3-72514182,S2-83342193,S2-409073014
S1-747120037	S3-959953610,S2-690132563,S2-783328017,S3-49149497,S2-574910621,S3-148028196,S2-416474823,S2-828578975,S2-206895440,S3-971985597,S2-189981747,S2-313336857,S2-132390851,S2-121072207,S2-47928129,S2-481470733,S2-220048416,S2-470326316
S1-787806823	S3-613655054,S3-419548265,S3-696479969,S2-984114255,S2-804099358,S3-794911640,S3-469468174,S2-970484904,S3-865178519,S2-254183043,S2-916428790,S2-540608559,S3-366740940,S2-67074249,S3-637754355,S2-560637249,S2-789230894,S2-239157505,S2-320216193,S2-608365563
S1-986806167	S2-603448716,S2-514273688,S2-255462901,S2-395260151,S2-675366569,S2-966713,S2-657636698,S2-242423423,S2-319172529,S2-708081214,S2-59402059,S2-919115314,S2-8888547,S2-995357471,S2-398086006,S2-960428209,S2-37949895,S2-597093806,S2-775131962,S2-749258736
S1-353310159	S2-988131821,S2-634497519,S2-759858105,S2-750527843,S2-933703451,S2-406097152,S2-304371072,S2-875559167,S2-998823154,S2-810138673,S2-68394486,S2-418200779,S2-214943819,S2-190797317,S2-974695393,S2-867418295,S2-142338793,S2-480595090,S2-743186801,S2-739643877
S1-376870527	S2-363461202,S3-631704704,S2-532422158,S3-235295698,S3-556331864,S2-694463822,S2-464649837,S3-529369616,S3-613702384,S3-856369382,S3-309957106,S3-30606509,S2-706582301,S2-856749045,S2-182633541,S2-44676476,S2-210374271,S2-87766080,S2-19200945,S2-827907960
S1-429185660	S3-13838627,S2-512683926,S3-206092732,S2-806725627,S3-262229530,S3-365199716,S3-907073674,S2-189972703
S1-517260039	S2-902796220,S2-833049245,S2-519738332,S2-451753122,S2-751292001,S3-246358593,S3-230608629,S3-718344171,S2-591596404,S3-233969737,S2-285245431,S2-621497347,S3-30131802,S3-91528363,S3-67345898,S3-26053337,S3-545075277,S2-202780243,S2-307255015,S2-688282328
S1-178572489	S2-6815124,S2-642933590,S2-192341693,S3-538403442,S2-576003204,S3-477286642,S2-14928294,S2-593495794,S2-307761846,S2-348190687,S2-323458605,S3-682437195,S2-902697889,S3-347356561,S2-919333503,S3-692147771,S2-12616643,S2-270232879,S2-858212092,S2-439885200
S1-20627394	S2-538648485,S2-154933115,S2-984268171,S2-364144765,S2-625791145,S2-887899631,S2-502116833,S2-452146730,S3-198056357,S3-555845534,S3-150785215,S3-982102824,S2-357635477,S3-214769932,S2-299890495,S3-243668715,S2-336827787,S3-622181659,S3-942961143,S3-256349364
S1-700683583	S2-672843648,S2-702483610,S2-215604184,S2-99797413,S2-131367811,S2-254741592,S3-329344956,S3-491087409,S2-748988185,S2-811503711,S2-365900058,S2-730229617,S2-649078402,S2-748254450,S3-817147155,S2-185461456,S2-235301379,S2-648536959,S2-739252599,S2-204306346
S1-215948660	S2-784055130,S3-542881214,S2-538559976,S3-674236789,S2-99781335,S2-615543847,S2-896426642,S2-284376709,S2-836562147,S2-650004342,S2-35457537,S2-86664208,S2-833406806,S2-316405784,S3-694785088,S3-239188965,S3-606219338,S3-727814934,S3-750182618,S3-639213381
S1-49422945	S2-283294926,S2-739834433,S2-614712353,S2-721817420,S3-645343793,S2-605605172,S2-780529349,S3-491760580,S2-817042901,S2-594047962,S3-868512330,S2-499770641,S2-363587356,S2-383680098,S2-535838606,S2-462455851,S3-88025278,S3-308078968,S2-249996078,S3-725529152
S1-679007878	S2-470425154,S2-509958854,S2-122715798,S2-140063406,S2-186426374,S2-617908660,S2-86763508,S2-664394252,S2-762617441,S2-876228607,S2-981829381,S2-54068399,S2-317160042,S2-759810750,S2-375730852,S2-209388933,S2-556599037,S3-16195469,S2-826625706,S2-910108231
S1-714329849	S3-629101046,S2-227676758,S3-183525975,S2-325041857,S2-469240875,S3-352992616,S2-540431624,S2-602520646,S2-518851146,S2-965383534,S3-671004896,S2-699632119,S2-740511555,S3-579186534,S2-245669964,S3-670880239,S3-775881516,S2-177328312,S2-394899679,S3-29430395
S1-639347951	S2-8922080,S2-351041363,S2-112640239,S2-108857022,S2-587920831,S2-240832536,S3-37508871,S2-76324372,S2-974991299,S2-749302903,S2-342757699,S3-95807515,S2-629582197,S2-174728611,S2-935091305,S2-115453874,S2-855361735,S2-158085694,S3-652156244,S2-219042521
S1-523196895	S2-437719652,S2-125239615,S2-275721683,S2-654274944,S2-211377225,S2-119870038,S2-13980064,S2-683100395,S2-134995759,S2-794033595,S2-606247895,S2-966225026,S2-180582062,S2-242274660,S3-840555730,S2-752541648,S2-666165710,S2-10216576,S2-311500917,S3-707838959
S1-680785149	S2-194299167,S2-891152238,S2-863566074,S2-754157726,S2-464562693,S2-997046139,S2-886561597,S2-665531928,S2-572845954,S2-332291689,S2-966484857,S2-27985323,S2-123619757,S2-86413289,S2-623734558,S2-635487817,S2-188476037,S2-770960984,S2-760964597,S2-725451067
S1-480457861	S3-562296683,S2-808918878,S2-466014727,S2-289623149,S2-523517037,S2-16642438,S2-118186160,S3-110448059,S2-152867495,S2-761387070,S2-56758858,S3-935129394,S2-807775076,S2-173363549,S3-399621150,S2-667649854,S2-441149670,S3-472417537,S2-154202105,S2-450882779
S1-151701394	S2-832761728,S2-672392100,S2-121933134,S2-171400053,S2-264951839,S2-255462901,S2-809050068,S2-34516684,S2-595812239,S2-17829343,S2-484483494,S2-978307502,S2-860947028,S2-262398612,S2-767997013,S2-894256508,S2-978451354,S2-630971574,S2-347307918,S2-56354930
S1-952390528	S2-752456789,S3-596561626,S3-263771190,S2-693982984,S2-997929939,S2-904439992,S2-294505892,S2-992548419,S2-783596516,S2-67157668,S2-590767509,S2-146726444,S2-238742413,S3-353666901,S2-271999219,S2-187754491,S2-413935167,S2-244344796,S2-388797990,S2-905769952
S1-682183472	S2-615285704,S2-842724576,S2-324911369,S2-250085736,S2-1404489,S2-211440621,S2-777443967,S2-370242849,S2-773616799,S2-498822962,S2-957983642,S2-107157128,S2-655253389,S2-437413427,S2-714679509,S2-767963140,S2-564478626,S2-913796207,S2-649700966,S2-676958440
S1-75822229	S3-443926006,S2-95772985,S2-843698047,S3-464583724,S2-114105458,S2-59483093,S2-901308196,S3-192475216,S2-793287498,S2-453124149,S2-790508347,S2-723961433,S3-345491275,S2-884717272,S3-785760389,S2-329566806,S3-886260175,S2-737732876,S2-711851621,S2-613217674
S1-908361288	S2-516503906,S3-595234184,S3-805463856,S3-3495837,S2-796393084,S2-893935946,S2-473725388,S2-185108635,S2-752740546,S2-905108124,S2-698946228,S2-210451636,S2-569348254,S2-904214997,S2-805771129,S2-67777837,S2-340348776,S2-773439874,S2-804512020,S2-124412259
S1-544503346	S2-126043257,S2-341947948,S2-832024243,S2-823851888,S3-70282572,S3-975419965,S3-323799623,S2-533312519,S2-632015069,S3-461944205,S2-965627749,S3-562009045,S3-273180509,S2-247711900,S2-795823478,S2-52610574,S3-701512098,S2-155972591,S3-919353943,S3-104222062
S1-750039402	S2-905219810,S2-220133112,S2-534624649,S2-631229701,S2-463584073,S2-818109113,S2-607096800,S2-402144668,S2-507839099,S2-92750317,S3-488005671,S2-995254418,S2-759491363,S2-73463181,S2-989762376,S2-88031977,S2-2972629,S2-64634545,S2-328445044,S2-804905604
S1-811974162	S2-558497106,S2-950655972,S2-557240950,S2-983278213,S2-155561023,S3-241404540,S3-903403690,S3-426947230,S3-367309504,S2-156652754,S2-857623951,S2-62109695,S2-927005942,S2-373788463,S2-460710938,S2-666260316,S2-951414613,S2-147445520,S2-749514234,S2-957962452
S1-90129787	S2-368406657,S2-733717513,S2-478733732,S2-736969601,S2-970972528,S2-693738751,S2-97125385,S2-232101683,S2-729325200,S2-481770959,S2-383025730,S2-261691489,S2-694327254,S2-81497248,S2-84812669,S2-305879325,S2-58226230,S2-386293970,S2-638878423,S2-337569098
S1-994904855	S2-27256577,S2-419840400,S2-660806851,S2-245028642,S2-446145394,S2-165946077,S2-493891598,S2-226705322,S2-941961642,S2-270621895,S2-346519218,S2-907430079,S2-607285017,S2-625816312,S3-931535065,S2-352160394,S2-939718764,S2-534497314,S2-77256926,S2-988141494
S1-796020041	S2-399431505,S2-597518783,S2-555769873,S2-834173953,S2-428006308,S2-303908726,S2-814147131,S2-229643062,S2-892828926,S2-620029742,S2-828575053,S2-404026788,S3-233937731,S2-860146748,S2-189640072,S2-259684267,S2-370928681,S3-512565565,S2-480272688,S2-705397941
S1-691438963	S2-836198324,S3-427382536,S3-683161134,S2-543705959,S2-547789541,S2-259295022,S2-35464349,S2-601166428,S3-897191630,S2-653196528,S2-745178105,S2-685601488,S2-467518604,S2-475991070,S2-562195234,S2-779985981,S2-543175448,S2-120873422,S2-834969922,S2-214367684
S1-286465454	S2-832761728,S2-672392100,S2-121933134,S2-171400053,S2-264951839,S2-255462901,S2-809050068,S2-34516684,S2-595812239,S2-17829343,S2-484483494,S2-978307502,S2-860947028,S2-262398612,S2-767997013,S2-894256508,S2-978451354,S2-630971574,S2-347307918,S2-56354930
S1-219390382	S2-571755639,S2-884857238,S2-362371578,S2-828837776,S2-801587213,S2-852962330,S2-893696666,S2-20848396,S3-954550929,S2-837440125,S2-900028891,S2-661815049,S2-966137853,S3-644943348,S2-887586926,S2-873981897,S2-717628926,S2-399435186,S3-581708937,S2-716236708
S1-726042940	S3-164844864,S2-403335600,S2-92264421,S2-352339607,S3-155352068,S3-304348596,S3-745801540,S2-595946858,S3-32929915,S3-783717588,S2-50465448,S2-679988596,S2-990706680,S2-62077592,S2-230408814,S2-323486036,S3-500226216,S2-656261111,S3-93547543,S3-525308238
S1-704356919	S2-400607550,S2-855795294,S2-284469523,S3-105514903,S3-798134100,S2-875187464,S3-632588123,S2-564849814,S3-589200497
S1-943139131	S2-992759304,S2-181386131,S2-252472608,S2-242669460,S2-121933134,S2-489020618,S2-654951600,S2-835643266,S2-171400053,S2-211440621,S2-255462901,S2-341552550,S2-675366569,S2-747592620,S3-571205453,S2-339550008,S2-148490891,S2-686086169,S2-502446322,S2-484483494
S1-77608143	S2-721273079,S3-409938505,S3-590651912,S2-827669732,S3-510474830
S1-121813230	S2-477163215,S2-331447021,S2-442992433,S3-199209639,S3-678222949,S2-440288934,S2-464504815,S2-990076630,S2-584076203,S2-916049076,S2-9420958,S2-602867618,S2-878436400,S2-37913081,S2-171751517,S2-128029590,S2-655119851,S2-804791484,S2-746383171,S2-356708687
S1-874715914	S2-216477242,S3-551184794,S2-274867586,S3-32083974,S2-606446676,S2-537138886,S2-560784198,S3-121653820,S3-515412847,S2-926328416
S1-658654418	S2-535780384,S2-872041804,S2-424775855,S2-396372294,S2-400545063,S2-395986113,S2-191023239,S2-16540122,S2-340580969,S2-143149756,S2-79796542,S2-490053673,S2-283202774,S3-187833456,S2-971824741,S2-254754153,S2-725809082,S2-314608702,S2-562267002,S2-340427010
S1-322452675	S2-427516526,S3-293224465,S3-654135797,S3-873034613,S2-392776181,S3-571506564,S2-213022695,S2-856508986,S2-290070775,S2-30352096,S2-947267411,S2-970773848,S2-921404361,S2-395157045,S2-535910357,S3-224582072,S2-498837680,S2-639419168,S2-379621256,S2-135456131
S1-472443883	S2-403679549,S2-680609089,S2-850533086,S2-686664765,S2-446254066,S2-687917215,S2-979930557,S2-422879731,S2-702105749,S2-430806946,S2-81349425,S3-410903825,S2-55225145,S2-848510038,S2-380542281,S2-943351314,S2-278114283,S2-844082230,S2-895807863,S2-722322103
S1-618461228	S2-904710670,S2-185053227,S3-296837640,S2-528493423,S2-302512056,S3-417563559,S2-498058459,S3-319333823,S2-357877090,S2-772374705,S2-216033093,S2-545584250,S2-35405358,S2-850155306,S2-738982127,S2-358315427,S2-887443520,S2-319716768,S2-115644483,S2-945479352
S1-209595740	S2-296057241,S2-165426878,S2-686958611,S2-64719085,S2-97598139,S2-209234816,S2-419734976,S2-608471433,S2-151230817,S2-416752823,S2-258745877,S3-352568461,S2-717006637,S2-567005056,S2-844615699,S3-247476701,S2-522931274,S2-591052054,S2-615405720,S3-978658533
S1-688607805	S2-718631211,S2-824673066,S2-442609475,S2-8693773,S2-243817815,S2-71849770,S2-539503855,S3-798524167,S2-663462850,S2-477854098,S2-526869908,S2-225070059,S2-618482945,S2-8497800,S2-346479438,S2-825280901,S2-800982560,S2-210831277,S2-192007364,S2-725143859
S1-596538042	S2-493079659,S2-626122504,S2-762775996,S2-833704953,S2-176458467,S2-628490688,S2-562215092,S2-176375145,S2-403333810,S2-137759229,S2-150304161,S2-756991908,S2-160392514,S2-564474284,S2-391422050,S2-324047944,S2-428169204,S2-149125352,S2-444730270,S2-959596884
S1-273249163	S2-803758683,S2-832969659,S2-801063751,S2-651717992,S2-694310098,S2-80870592,S2-113761408,S2-418585767,S2-516901492,S2-98049297,S2-707569719,S2-42120112,S2-75405077,S2-907295825,S2-414499454,S2-790793429,S2-610788968,S2-385985969,S2-213285602,S2-73565315
S1-911040502	S2-770467410,S2-748047385,S2-672471873,S2-357132613,S2-564043402,S2-357206580,S2-814394881,S2-228721557,S2-457384974,S2-449519275,S2-916523892,S2-385658100,S2-515260679,S2-655771659,S2-818147000,S2-151772630,S2-726736648,S2-227015142,S2-878560301,S2-884985125
S1-286723247	S3-293310524,S2-991445184,S3-412730706,S3-367357046,S3-304095501,S2-271817922
S1-122542345	S2-513818282,S2-862784270,S2-590184152,S2-296517466,S2-374447026,S2-682412233,S2-510922862,S2-610873889,S2-538777297,S2-760193865,S2-296446020,S2-90096384,S2-694997972,S2-800598403,S2-253361442,S2-747286066,S2-354611475,S2-281841349,S2-73741639,S2-100222679
S1-910799639	S2-262247836,S2-654087495,S2-833372401,S3-269029827,S2-805528186,S3-200916223,S2-408976451,S3-443530778,S2-233086228,S2-84432895,S3-631074081,S3-32622172,S2-603610344,S2-372506596,S2-723152445,S2-275167585,S2-823836776,S2-629268998,S2-915777096,S3-501653219
S1-124911378	S2-705207588,S2-497463913,S2-559612834,S2-353852049,S2-651656652,S2-562931537,S2-720675971,S2-82876685,S2-930107106,S2-761790236,S2-171400053,S2-491028550,S2-683496812,S3-323087714,S2-640577039,S2-739123070,S2-175234318,S2-355926436,S2-632076124,S2-337201119
S1-388199288	S3-549102649,S2-597605761,S2-772360364,S2-214828817,S2-130453537,S3-428000046,S3-500572008,S3-702531693,S3-770041011,S3-165351821,S3-564458174,S3-904370679,S3-376179330,S2-399641398,S3-366869712,S2-324245673,S2-985602450,S2-939557062,S2-978883838,S2-629355336
S1-971559313	S2-506077451,S2-951897786,S2-158460745,S2-419568604,S2-696923615,S2-236736296,S2-867779001,S2-858664708,S2-830388848,S2-36107771,S2-25866337,S2-104364088,S2-112728239,S2-527652973,S2-121150858,S2-596267618,S2-973527175,S2-932773714,S2-887157475,S2-327857829
S1-496369034	S2-203815128,S2-414692030,S3-8940608,S2-873719501,S2-370272071,S2-903985964,S3-680875593,S2-176460599,S2-785254629,S2-98348512,S2-829192964,S2-39306652
S1-708413044	S2-340197209,S2-238141383,S2-548758897,S2-724143149,S2-529977812,S2-962132175,S2-657139090,S2-824327781,S2-963120144,S2-37344342,S2-325639043,S2-778534428,S2-257281493,S2-958933288,S2-735123011,S2-12977305,S2-391740860,S2-886270994,S2-581166146,S2-299320439
S1-123645591	S2-617407990,S2-497513266,S2-362205003,S2-76968730,S2-878865051,S3-437981207,S2-139014133,S2-452057099,S2-303695938,S2-458068240,S2-670066465,S2-993558827,S2-151471088,S2-127848496,S2-933149781,S2-796826573,S2-967185469,S2-853936356,S2-778456799,S2-768519999
S1-606322048	S2-654936497,S2-83062660,S2-202901091,S2-583345598,S2-840038617,S2-146546142,S2-692539711,S3-445126699,S2-873691536,S2-615987322,S2-473673674,S2-526726228,S2-869326583,S2-49230133,S2-515345024,S2-245951842,S2-915228358,S2-252991775,S2-485394393,S2-806718482
S1-989292929	S2-266958591,S3-664204868,S2-869148697,S3-54630344,S3-292628576,S2-379386441,S3-87222011,S2-131176674,S2-898940924,S2-57461662,S2-784479947,S2-43561488,S3-516912211,S2-187142752,S3-731378305,S2-620368766,S3-606643574,S3-532270126,S3-739596093,S3-68778434
S1-632671163	S3-521269024,S3-331917367,S2-615984299,S2-47300767,S2-14915694,S2-197463449,S2-577204774,S3-777987029,S2-916918975,S3-362133078,S2-298633899,S2-461270974,S2-478393248,S2-395980805,S2-508347467,S3-509202904,S3-306624444,S2-728780303,S2-103832509,S3-582132963
S1-910193711	S3-714335125,S3-531696654,S2-926172752,S3-935335077,S3-498895960,S3-263535933,S2-258186243,S3-18231961,S2-169044222,S2-552258613,S3-957486584,S2-307242531
S1-932751177	S3-546489480,S3-606657806,S3-943609465,S3-306522852,S2-99931786,S3-120774182,S3-3605217,S2-642100987,S2-279046669,S2-750367489,S2-466865317,S2-623035867,S2-624288455,S3-29010100,S2-759839862,S2-60766369,S3-691642971,S2-439368688,S2-806045948,S2-637982792
S1-297861839	S3-973262933,S2-349953703,S2-700089237,S2-573544587,S2-217060230
S1-13313453	S3-637839407,S2-817053821,S2-479961904,S2-373235052,S2-474609765,S2-48121873,S2-247992405,S2-142369640,S2-925350461,S2-788266851,S2-58398687,S2-945528874,S2-763237496,S2-159017181,S2-512988701,S2-760157949,S2-134116112,S3-80071219,S3-855765061,S3-559232673
S1-459645780	S2-287606073,S2-79425202,S2-878432204,S2-384781676,S2-766966505,S2-81055655,S2-529284369,S2-315786190,S2-379928977,S2-635280585,S2-167335090,S3-865953544,S2-991622723,S2-586178611,S2-223402565,S2-158224363,S2-177582861,S2-819748096,S2-46191402,S2-977413938
S1-22482771	S2-922871613,S2-691677239,S3-962982019,S2-409259380,S3-400646230,S3-769724855,S3-760248671,S2-269672194,S3-145943093,S3-747698161,S2-257145897,S3-352826517,S3-250045532,S3-577890815,S3-608918876,S2-466161927,S2-659410070,S2-903210125,S2-208927615,S3-428209900
S1-738045284	S3-515817952,S2-630946060,S2-620543150,S2-309954590,S3-932259027,S2-476594432,S2-559689995,S2-960350028,S3-794633342,S2-460548169,S3-762566117,S2-512477822,S2-902775531,S3-765006910,S2-331653658,S2-756903512,S3-67564284,S2-64780275,S2-772941038,S2-518307691
S1-788291440	S2-429287855,S3-753279066,S3-952285883,S2-644738141,S2-770567259,S2-193287138,S2-156313873,S2-772742107,S3-616199966,S2-494916294,S2-305908966,S2-213214475,S2-806619476,S2-780926836,S2-110161125,S2-76190162,S2-526062747,S2-445709296,S2-521097992,S2-544290801
S1-840695858	S2-556702526,S3-443290744,S2-266342717,S2-932450729,S3-245850779,S3-853607204,S2-992163200,S2-863566074,S3-870855291,S3-623849274,S2-461592989,S2-181983181,S2-481044552,S3-947994451,S2-427394772,S2-336778135,S2-259883232,S2-919383848,S3-911411113,S2-77550574
S1-613023372	S2-600642685,S2-845929300,S2-153590190,S2-760600385,S2-697634066,S2-670413956,S2-236847505,S2-444882269,S2-210879384,S2-125788932,S2-712979578,S2-605345323,S2-343311329,S2-649989417,S2-328584740,S2-748828746,S3-546275075,S2-18058119,S3-688916417,S2-315480683
S1-180650580	S3-388021738,S3-795235218,S3-868063438,S2-37039789,S2-471088994,S2-782036644,S2-464389208,S2-690388230,S2-898277890,S2-69347424,S2-378667609,S2-783787234,S2-260214945,S2-949759134,S2-752872034,S2-733737578,S2-468113389,S2-166065971,S2-338283325,S2-593123793
S1-488052935	S3-474714771,S3-19195590,S2-954720517,S2-833647655,S2-160949684,S2-2700945,S2-663700902,S2-149090348,S2-419216073,S2-590263409,S2-283547449,S2-185241768,S2-380815845,S2-215236633,S2-655149067,S2-261210990,S2-959202981,S2-999472923,S3-426989442,S2-135251670
S1-401305941	S2-464158415,S2-158291875,S2-959281156,S2-575963641,S2-187644969,S2-207308082,S2-550046082,S2-980382090,S2-97396949,S2-119230022,S2-390761100,S2-296795855,S2-959919257,S2-780234606,S2-218781517,S2-238498535,S2-65071732,S2-506970744,S2-164032543,S2-510002186
S1-993469683	S3-575009267,S3-844669563,S2-657672306,S2-939335933,S2-768419122,S2-795793188,S2-456252280,S2-874177371,S2-573408173,S2-119452910,S2-894764088,S2-92730980,S2-284717683,S2-513794829,S2-275882147,S2-846567329,S3-21452937,S2-256280969,S2-817595762,S2-346739828
S1-214199077	S2-308380856,S2-103655347,S2-582214733,S3-388619531,S3-588249097,S2-654278330,S3-860831566,S3-265917162,S3-706577125,S2-727076820,S2-3681665,S2-934496881,S3-449763040,S3-291436981,S2-905528642,S2-255696907,S3-872162717,S3-352868202,S3-722881788,S3-767503252
S1-773817576	S2-561700565,S2-871030070,S2-319107499,S2-697634066,S2-185328661,S2-804016810,S2-988592945,S2-212291583,S2-206957287,S2-578453982,S2-929262140,S2-802561152,S3-740601480,S2-24920741,S3-306608364,S2-760176544,S3-276106274,S2-713272376,S2-171936096,S2-259406265
S1-52553681	S2-220326161,S2-171400053,S2-514273688,S2-841927294,S2-587950574,S2-447128543,S2-440788806,S2-413411091,S2-652561130,S2-47806043,S2-986614062,S2-174857707,S3-183891751,S2-113972019,S3-509569516,S2-394168165,S3-213759419,S2-797302766,S2-176133757,S2-417829075
S1-772559589	S2-352808399,S2-52146384,S2-248446326,S2-109032607,S2-285034383,S3-267257384,S2-248659620,S3-523169640,S2-347287998,S2-785077799,S2-364759183,S2-241424542,S2-803341937,S2-294923538,S2-917668756,S3-865106317,S3-100962929,S3-362079650,S2-901210195,S2-728738914
S1-562353733	S2-199290114,S2-139890076,S2-122268021,S2-317954678,S2-766475925,S2-481649275,S2-143604097,S2-190436452,S2-477337351,S2-329580687,S2-880135168,S2-976338880,S2-490195040,S2-910602166,S2-501390318,S2-334548609,S2-814042029,S2-654408097,S2-943067667,S2-65917075
S1-267626025	S2-468602830,S3-595577729,S2-298416916,S2-433175874,S3-198649251,S2-888210282,S2-201720433,S2-518307151,S2-324583735,S3-444860705,S3-883873940,S3-851367316,S2-421774842,S2-407894068,S3-434814092,S2-296593673,S3-313784271
S1-858558106	S2-305507410,S2-27192427,S2-3181571,S2-827560129,S2-451940740,S2-583024665,S2-602846453,S2-227601760,S2-217459944,S2-327283208,S2-6507641,S2-927903029,S2-835523942,S2-708413656,S2-341168532,S2-365954228,S2-270820156,S2-493912144,S2-679069540,S2-501680044
S1-857651536	S2-428517457,S2-711417290,S2-514969578,S2-961513670,S2-143087058,S2-60357505,S3-528014327,S3-533470495,S2-536473391,S2-908345411,S3-952882541,S3-223661728,S2-380250605,S2-121465462,S2-567185670,S2-302594997,S2-695059414,S2-89680200,S2-225133617,S3-579080091
S1-90899239	S3-932014190,S3-808865744,S2-237693613,S3-787966321,S2-933808485,S3-781067964,S3-359263465,S2-195386777,S3-706141903,S2-683163292,S2-684351280,S3-268079199,S2-800542416,S3-354297649,S2-466752271,S2-196770099,S3-331903057,S2-510709929,S3-191639086,S2-280346800
S1-489140946	S2-487375070,S2-450082506,S2-226345222,S2-461565792,S2-534050333,S2-528175464,S2-739884160,S2-225474879,S2-129065283,S2-29335,S2-581214874,S3-52259848,S2-565190984,S2-195407315,S2-487760499,S2-421483060,S2-386467878,S2-907418973,S2-82527467,S2-729370831
S1-268077715	S2-186572438,S2-701280880,S2-30819412,S2-161397040,S3-630597866,S2-608325621,S2-245006627,S3-735901964,S2-999043551,S3-406327567,S2-47743682,S2-887131707,S2-791250765,S2-717212559,S3-964823312,S2-384251640,S2-544551283,S2-801360270,S2-863757967,S3-469522612
S1-523607347	S2-573079716,S2-679711185,S2-899739335,S2-107474846,S2-576299133,S3-155494712,S3-569756514,S2-432520482,S2-888972488,S2-166756791,S2-801837237,S2-154878477,S2-899607222,S2-532046526,S2-468456144,S2-276755770,S2-451013397,S2-101955054,S2-811487525,S2-28648739
S1-846495811	S2-927355832,S2-313609382,S2-976499881,S2-493543131,S2-10378272,S2-942852308,S2-491351998,S2-646220710,S2-95889450,S2-831488886,S2-143004935,S2-30392880,S2-156583415,S2-494981592,S2-741786148,S2-19893136,S2-950170744,S2-607743000,S2-993809538,S2-135736944
S1-994206564	S2-119177015,S2-410823767,S2-967898034,S2-604819812,S2-616897533,S2-896259882,S2-848953306,S2-394307577,S2-110924720,S2-345210366,S2-307756284,S2-198785905,S2-996951163,S2-381326257,S2-374298524,S2-999724168,S3-467977712,S2-569606159,S3-184404630,S2-341895671
S1-372672851	S3-357707760,S3-693537201,S3-867787551,S3-209891977,S3-836477994,S2-140587834,S2-845536673,S2-769853550,S2-558751825,S2-146461877,S3-836008026,S2-198461133,S2-295132429,S2-937112862
S1-708578140	S2-840144902,S2-969932446
S1-904154429	S2-118768954,S2-546777465,S2-183965359,S2-815004103,S2-792031996,S2-700014627,S2-66101295,S2-721944962,S2-52761745,S2-33399498,S2-376974800,S2-439659029,S2-708492970,S2-464025982,S2-662953744,S2-951596987,S2-188121462,S2-532631503,S2-473919052,S2-43040568
S1-891933117	S2-877133133,S2-826590945,S3-960623931,S2-584352827,S2-259745475,S2-779701235,S2-610255601,S2-837542877,S2-521552112,S2-371298685,S2-179408196,S2-542123685,S2-249802356,S2-216815897,S2-296781075,S2-103682870,S2-250605022,S2-179568413,S2-288475548,S2-653261109
S1-221438257	S3-462564955,S2-386114054,S2-583123367,S2-468836115,S2-758236804,S3-225500510,S2-733548757,S2-667453807,S2-60187076,S2-636956042,S2-602399857,S2-549344834,S2-750034047,S3-742981504,S2-225695052,S2-977022896,S2-358239505,S2-112087073,S2-40910800,S3-656689780
S1-879751758	S2-592655669,S3-580815017,S2-652060896,S2-219976620,S2-72449417,S2-252143438,S2-755507780,S2-848365250,S2-179472041,S2-510181241,S2-135956073,S2-826858529,S2-271295465,S2-254704266,S2-573222266,S2-436962186
S1-732240961	S2-92445481,S2-438915730,S2-515790067,S3-635953263,S2-933788448,S2-983838818,S2-532463214,S2-904253078,S2-411039530,S2-896591212,S2-347839530,S2-486960108,S2-881462990,S2-871568850,S2-148168793,S2-175214887,S2-977985857,S2-425545644,S2-300851956,S2-905575698
S1-140236337	S2-288771595,S2-477445858,S2-686293563,S2-211440621,S2-900169821,S2-693603365,S2-36655626,S2-528753270,S2-479192671,S2-658065717,S2-738338325,S3-908448519,S2-851169378,S2-706271348,S2-677475250,S2-795080120,S2-407997384,S2-565874159,S2-306547398,S2-547792042
S1-774458452	S2-767386569,S2-15454008,S3-760714647,S2-542187032,S2-312852111,S3-252844395,S2-583850925,S2-892248376,S2-12907581,S2-251919499,S3-250416380,S2-318429004,S2-33721926,S2-245606379,S2-113851328,S2-671750718,S2-933499707,S2-99835839,S2-279494016,S2-228780370
S1-872899714	S2-225406221,S2-100685133,S2-573104395,S2-793463309,S2-554741102,S2-435235510,S2-45781337,S2-810136573,S2-321694664,S3-719325337,S2-784977047,S2-139451084,S3-812382666,S2-147794956,S3-939591929,S2-437232268,S2-806812185,S3-853318779,S2-743494255,S2-807761192
S1-274490349	S2-832761728,S2-100408047,S2-109557331,S2-403867866,S2-698207989,S2-310786087,S2-19252708,S2-871919463,S2-143547760,S2-900195293,S2-695175095,S2-360271895,S2-600114040,S2-640413584,S2-824539684,S2-285825534,S2-352245121,S2-753400298,S2-743598618,S2-406825129
S1-275722977	S2-288399160,S2-817433364,S3-765215545,S3-573500267,S3-997876282,S2-404263989,S2-821044135,S2-801741898,S2-319557003,S2-87859835,S2-789809729,S2-32092296
S1-547036696	S3-165921001,S3-406552746,S3-425522015,S2-337542616,S2-379210731,S3-448226707,S2-274549402,S2-459444436,S2-419986326,S2-445244215,S2-229789411,S2-615925344,S2-108475702,S2-293243456,S2-156148273,S2-187886516,S2-21994381,S2-316275979,S2-131020032,S2-359186063
S1-852435036	S3-664457545,S2-479424137,S3-35264283,S2-534472808,S2-143609315,S3-761269462,S2-301975710,S3-23835019,S3-602599951,S3-622323118,S3-663085849,S2-72828326,S2-449694435,S2-596608332,S2-4937402,S2-983537960,S2-877770036,S3-983146646,S2-326337814,S2-629368492
S1-739530450	S2-261471212,S2-615176967,S2-772921264,S2-428991816,S2-712356116,S2-172772287,S2-689484316,S3-604648221,S2-645383076,S2-202662079,S2-212348084,S2-701792148,S2-574951293,S2-969358824,S2-284734118,S3-239605330,S2-267967324,S2-301149108,S2-697655797,S2-15972594
S1-211740417	S2-377827300,S2-711232304,S2-333257699,S2-321624271,S3-537664497,S2-800004979,S2-159513526,S2-110162377,S2-307351817,S2-738961445,S2-337600574,S3-8511648,S2-692755108,S2-106373500,S2-499358401,S2-790521912,S2-647783438,S3-889050218,S2-91080403,S2-16202200
S1-641844231	S2-565017562,S2-471819626,S2-322408136,S2-239377104,S2-238227287,S2-824660512,S2-801219856,S2-906036232,S2-60648579,S2-716921055,S2-666442477,S2-561552819,S2-776109793,S2-630554315,S2-202679773,S2-354940037,S2-932689517,S2-681033138,S2-262703453,S2-19588246
S1-962765467	S2-170216909,S3-552312557,S2-437106807,S2-246195842,S3-661558963,S2-769139036,S2-902512436,S3-45831799,S2-994611630,S3-501308535,S2-860796454,S3-525067830,S3-916150693,S2-962678230,S2-539865774,S2-838508169,S2-584693964,S2-143928658,S3-969731758,S2-353831891
S1-298114695	S2-223009667,S2-807380106,S2-655137439,S2-500186455,S2-731967921,S2-922493721,S2-107421046,S2-821192994,S2-763494863,S2-342935176,S2-462673277,S2-654656581,S2-333459616,S2-155393829,S2-672442259,S2-507343489,S2-354706869,S2-772077209,S2-433649830,S2-192082386
S1-259892627	S2-464158415,S2-149192472,S2-665760483,S2-122921804,S2-826672190,S2-703281018,S2-944638703,S2-722757933,S2-510002186,S2-562134917,S2-174072300,S2-65559009,S2-347685145,S2-959694968,S2-108021130,S2-65037321,S2-368220288,S2-260821412,S2-526730352,S2-975019652
S1-516649368	S2-150401423,S2-920096815,S2-819246786,S2-951831757,S2-394678932,S2-918843344,S2-462770470,S2-745670744,S2-416320319,S2-180308339,S2-192717043,S2-686407421,S2-652410715,S2-558483086,S2-38040683,S2-159805804,S2-443709565,S2-593631794,S2-555569941,S2-262227201
S1-489433719	S2-384627372,S2-580041157,S2-972347521,S2-996005008,S2-167592435,S2-558016818,S2-945962294,S2-624828847,S2-578137545,S2-163838051,S2-53057939,S2-638529991,S2-229717899,S2-170384043,S2-152833873,S2-854267620,S2-58607785,S2-46119598,S2-800449177,S2-904761080
S1-26435801	S2-109849188,S2-255799464,S2-296136379,S2-190890379,S3-221426028,S3-162508127,S2-476311875,S3-677582490,S3-508557106,S2-947942550,S3-7270523,S2-971007505,S3-970891809,S3-384130408,S2-17023122,S3-74506080,S2-730667033,S3-811114618,S3-729259945,S2-540663686
S1-958479038	S2-360832092,S2-938382517,S3-500946869,S2-81353681,S2-109042792,S3-568949926,S3-394518818,S2-315671743,S2-897889474,S3-131404608,S3-999335312,S3-188083479,S2-243272991,S2-392755824,S2-978813756,S2-509557960,S2-402525290,S2-290678302,S2-264230227,S2-256376131
S1-233860097	S3-41114000,S2-219082951,S3-907134923
S1-171173719	S3-854983017,S3-1218560,S2-505352688,S2-321657409,S2-544717688,S3-662065282,S2-863734755,S3-112735362,S3-162666432,S2-458879932,S2-858655338,S3-46177719,S3-407369648,S2-923876560,S2-186752578,S2-903698793,S2-674727396,S3-610215214,S2-614200540,S3-533104075
S1-859295838	S2-72288347,S2-100408047,S2-391362300,S2-698672293,S2-945635385,S2-930814937,S2-93806033,S3-658641718,S2-899426523,S2-171400053,S2-286380950,S2-627533726,S2-981067065,S2-194035174,S2-643874908,S2-553966,S2-672814644,S2-533926434,S3-119967535,S2-447128543
S1-813286509	S2-194502701,S2-458371634,S2-871892416,S2-80165995,S2-723242304,S2-899803995,S2-59220195,S2-451601186,S2-631757840,S2-732242048,S2-147978971,S2-139571169,S2-167065572,S2-707738745,S2-506356425,S2-553118489,S2-917902931,S2-620395313,S3-691917193,S2-640943167
S1-901392046	S2-134790345,S2-11131798,S2-806716170,S2-972390926,S2-362124251,S2-32686735,S2-411469347,S2-106392848,S2-82824599,S2-988086155,S2-175344409,S2-945812837,S2-537111308,S2-400453463,S2-164238912,S2-882588358,S2-334451552,S2-786165541,S2-872780930,S2-447865452
S1-403671285	S2-322576390,S2-774918943,S2-63734787,S2-439563752,S3-707334557,S3-317715949,S2-906207275,S2-764078199,S2-778925870,S2-137092384,S2-523718760,S2-606155802,S3-345446705,S2-616277177,S2-877741807,S2-956125509,S2-405593158,S3-243106886,S2-765589881,S2-202316222
S1-444758994	S2-950361531,S2-134113927,S2-90195166,S2-567806857,S3-673847678,S3-980960274,S3-299088924,S3-788451049,S2-980497879,S3-422731908,S2-948120441,S3-710212864,S3-421562926,S3-271714782,S3-970528683,S3-869233893,S2-29667349,S3-546817304,S3-754669969,S3-730713249
S1-125906634	S2-806360499,S2-758952398,S2-101057142,S2-293327031,S2-139035558,S2-961993399,S2-515403918,S2-253568804,S2-56219181,S2-585408071,S2-357087161,S2-896159554,S2-997943718,S2-968963770,S2-583681828,S2-872268972,S2-139793845,S2-872629220,S2-391939860,S2-968346313
S1-337189608	S2-90104860,S3-31568592,S3-143721253,S2-437310637,S2-465276753,S3-861100023,S3-302079513,S2-74072773,S3-238127603,S3-251153268,S3-472077301,S2-137018489,S2-817990566,S2-420814161,S2-803923572,S3-934353027,S2-469160234,S2-932489926,S3-869892021,S2-45976779
S1-289797	S2-551077400,S2-592395011,S2-434873854,S2-429286677,S2-13993236,S2-574542346,S2-706525442,S2-707295999,S2-332296529,S2-443457004,S2-555414605,S2-241341474,S2-995275429,S2-723969146,S2-473603210,S2-717459924,S2-128125305,S2-245488590,S2-744281015,S2-476533219
S1-995196933	S3-245123352,S2-153655748,S2-260085872,S2-294471320,S2-56882728,S2-681339197,S2-291264040,S2-322439847,S2-401417223,S2-759202720,S3-150476984,S2-495508776,S2-826656238,S3-477958133,S2-872071312,S2-605863335,S2-810072019,S2-72995891,S2-198631961,S2-301223680
S1-184025150	S2-889096520,S2-605691081,S2-282747860,S2-262705349,S2-443547048,S3-434036183,S2-803758683,S2-349525879,S3-664298970,S3-606651681,S2-317186322,S3-311149324,S2-799719611,S3-514043063,S2-525019174,S2-194835054,S2-505306422,S3-746752470,S2-98049297,S2-816902694
S1-448267460	S2-341276560,S2-946274288,S2-199169193,S2-17267219,S2-75297350,S2-409585491,S3-30496819,S3-571028694,S2-697991713,S2-240378,S3-301331324,S3-291989529,S2-531048254,S2-552687078,S2-867782175,S3-428978662,S3-849268427,S3-319940190,S2-598717682,S2-596210061
S1-923989066	S2-473801598,S2-365743012,S2-924639906,S2-846574396,S2-42563674,S2-423952267,S2-707731565,S2-849543793,S2-346557910,S2-274408140,S2-559467494,S2-385751079,S2-687623500,S2-142735551,S2-328778832,S2-424400775,S2-160096302,S2-660747020,S2-711121757,S2-496121735
S1-588683396	S2-848991709,S2-525626848,S2-8139605,S2-677680218,S2-272942799,S2-343825950,S2-563575297,S2-226103213,S2-519218321,S2-153494204,S2-714551586,S2-949394095,S3-666620696,S2-626373445,S2-252884530,S2-769292583,S2-99382264,S3-75022157,S2-821394855,S3-567408505
S1-267914232	S2-949385088,S2-584113962,S2-567637387,S2-873195457,S2-600274152,S2-115499009,S2-281553287,S2-591657096,S2-438331302,S2-616272401,S2-717986851,S2-221504841,S2-789236101,S2-806533553,S2-191422204,S2-238567546,S2-650802147,S2-899194814,S2-653340641,S2-964178232
S1-732418664	S2-389704194,S3-896538495,S2-517418065,S2-185698932,S2-306870582,S2-373505511,S3-597623354,S2-564991707,S2-739909326,S2-901123471,S2-386031277,S2-970283062,S2-993894439,S3-267361041,S2-747087954,S2-585093435,S3-872169046,S3-171420258,S3-453111684,S2-162333583
S1-634363854	S2-401712970,S3-723723945,S3-193837099,S3-10018976,S3-25157485,S2-869493122,S2-32666785,S2-491296369,S2-985019828,S2-979282768,S2-469965255,S2-441830405,S3-776582450,S2-830649912,S2-920641332,S2-124536660,S2-213279627,S2-761887026,S2-317115004,S2-268393452
S1-48074803	S3-963253679,S2-662405440,S2-571488142,S2-217834745,S3-368541945,S2-373252094,S2-305563616,S2-160563622,S2-314940961,S2-54659577,S2-495829462,S3-882421305,S3-66289874,S2-685309351,S2-360803488,S2-650620206,S2-714474903,S2-900679023,S2-8919685,S2-208764086
S1-498282217	S2-813444052,S2-848947427,S3-936931261,S2-158343256,S2-984341790,S2-682952767,S2-229156358,S2-585039575,S2-940961703,S3-393631000,S2-994202982,S3-500613893,S2-448347949,S2-369363854,S2-359860029,S2-699445547,S2-837364131,S3-924264611,S3-488786433,S2-695059414
S1-356288671	S2-532284386,S3-568483100,S2-681806501,S2-447367032
S1-301232777	S2-509078657,S2-281743475,S3-481715228,S3-841423813,S2-498283420,S2-806967126,S2-427915541,S2-553949900,S3-536393567,S2-339494615,S2-94583580,S3-67402645,S3-617294756,S2-62742620,S2-213953183,S2-953627813,S2-200897737,S2-527605804,S2-887165743,S2-453916257
S1-521482584	S2-235867101,S2-726559635,S2-590998173,S2-524299800,S2-294694530,S2-71953493,S2-634410066,S2-132235434,S3-412569091,S2-910770609,S3-266596716,S2-322905565,S2-273373535,S2-829638203,S2-561758150,S2-626525026,S3-477823165,S2-462947817,S2-37005357,S2-342988525
S1-511635908	S2-325733912,S2-617841145,S2-62055130,S2-794603471,S2-414317497,S2-365077934,S2-3583481,S2-496802247,S2-35800370,S2-432652377,S2-228915786,S2-311891848,S2-162279429,S2-107308154,S2-228004280,S2-622257181,S2-855084811,S2-380176540,S2-845150017,S2-13932968
S1-241026415	S2-766857167,S2-211440621,S2-328617826,S2-150843701,S2-277300530,S2-151772630,S2-580098998,S2-942825819,S2-479192671,S2-222833745,S2-251677157,S2-718797590,S2-993960432,S2-304713900,S2-255481825,S2-288138359,S2-171835516,S2-259406265,S2-947945521,S2-731898556
S1-966190490	S2-85581587,S2-530902236,S2-28447143,S2-378999136,S2-529344910,S2-757139943,S2-762101431,S2-611748842,S2-444690366,S3-347020959,S2-129004455,S2-273654310,S2-656771053,S2-908246787,S2-621535595,S2-255920365,S2-681956795,S2-113728386,S2-438105704,S2-469571337
S1-207004701	S2-741776934,S2-222086450,S2-964332061,S2-897622122,S2-383609039,S2-338921515,S2-829066443,S2-507668961,S2-110316070,S2-552711768,S2-665922690,S2-57992328,S3-704778667,S3-848233057,S2-907249976,S2-117278723,S2-948109142,S2-762585481,S2-292296708,S2-649224853
S1-600405366	S2-747066369,S2-512655988,S2-555739449,S2-404233419,S2-69116714,S2-966004334,S2-314618755,S2-348108349,S2-72181889,S2-264242908,S2-442321088,S2-477907777,S2-783251970,S2-867152226,S3-745992793,S2-850628355,S2-751240255,S2-232892940,S2-810561715,S2-285444983
S1-864089032	S2-976980414,S2-400194818,S2-866020160,S2-52710093,S2-590327535,S2-669614072,S2-214669659,S2-55717692,S2-370615608,S2-311730117,S2-128910508,S2-283328742,S2-471838010,S2-922813747,S2-994567987,S2-956649221,S2-568706099,S2-796217102,S2-333438210,S3-846891014
S1-945451740	S3-592218744,S3-171964355,S2-779621622,S2-700845202,S2-936153956,S2-403375242,S2-688967371,S2-326714408,S3-736736237,S2-413776514,S2-222362709,S2-698515858,S2-216018274,S2-152521102,S2-935557664,S2-375171898,S2-538672226,S2-918894471,S2-561176938,S2-598736639
S1-436728967	S2-835311599,S3-624292256,S3-491449019,S3-456479588,S3-813600030,S2-385701292,S3-515478294,S2-218738500,S3-593999061,S2-343043372,S2-174794440,S3-643710302,S2-629042826,S3-723534210,S3-915688603,S3-760253334,S3-426485414,S3-604713684,S2-139268889,S3-325567414
S1-840497698	S2-145645904,S2-822089918,S2-419937633,S2-311999878,S2-3436405,S2-883927958,S2-305404177,S2-59010029,S2-726101846
S1-124755498	S2-48606542,S2-54103540,S2-748510183,S2-934631448,S2-408229582,S3-525214701,S2-386812368,S2-853897335,S3-310825661,S3-154612927,S2-380961571,S2-60341764,S3-530505611,S2-364753380,S2-458545965,S2-297733095,S2-355584599,S2-457188676,S3-549951538,S3-260756191
S1-964594680	S3-288268824,S3-414784438,S2-680047003,S2-873361390,S2-709037606,S2-621589502,S2-390139122,S2-390141083,S3-25949700
S1-85452342	S2-144334983,S2-363845839,S2-18069531,S2-593595577,S2-890202084,S2-977381265,S2-889511014,S2-938136625,S2-95780496,S2-475525879,S2-821529557,S2-579863374,S2-278744732,S2-78183691,S2-493030050,S2-779880934,S2-343070275,S2-425292799,S2-442562958,S2-260368051
S1-95763054	S3-909481808,S3-916576062,S3-180847935,S3-90151278,S3-220683469,S2-195223150,S3-746429737,S3-170178502
S1-21929210	S2-622161374,S3-250703780,S2-891145784,S3-198358960,S2-804656148,S2-157674752,S2-26308743,S3-438297471,S3-783651732,S3-901977745,S2-972893273,S2-731275117,S2-734943079,S2-945446555,S2-224129515,S3-237821179,S2-589283072,S2-7204821,S3-961631141,S2-902996327
S1-79590561	S2-553745274,S2-531158781,S2-600020194,S2-769459950,S2-222047227,S3-842866122,S2-897436815,S2-348708812,S2-635470561,S2-11364244,S2-594606531,S2-640718388,S2-260399331,S2-108891076,S2-529631481,S2-373266717,S2-620293057,S2-863975885,S2-982477708,S2-342509762
S1-553805025	S2-333258141,S2-663028879,S2-19424960,S2-168546100,S3-780933422,S2-141656450,S2-687361357,S2-756813346,S2-181483324,S2-237793382,S2-493514180,S2-340345920,S2-272410318,S2-412463735,S2-495413416,S2-127455120,S2-976245934,S3-798998049,S2-497642598,S2-972568940
S1-238911744	S2-871779147,S2-73818001,S2-698031192,S2-916383925,S2-319107499,S2-162313890,S2-772184038,S2-765824316,S2-929262140,S2-89101680,S2-222833745,S3-142307943,S2-55766081,S2-169145721,S2-24920741,S2-760176544,S2-255481825,S2-851305685,S2-259406265,S2-442169767
S1-778806346	S2-251482809,S3-936736205,S2-595338219,S2-753052322,S2-911313379,S2-60602552,S2-176263005,S2-775654562,S2-328936313,S2-166997846,S2-139948912,S2-792342485,S2-652531763,S2-540002456,S2-499738548,S2-77534183,S2-921110263,S2-15619027,S2-389863619,S2-266909667
S1-510129267	S2-223333649,S2-568078198,S2-601041613,S2-215330223,S3-318324134,S3-286303766,S3-588988504,S3-160722048,S2-964562928,S2-233306004,S2-88869565,S2-352556880,S3-668020721,S2-492852210,S2-909021287,S2-233701040,S2-982094907,S2-367022807,S2-797602505,S2-342527968
S1-547691555	S3-8241938,S3-591910049,S3-343518802,S3-322506920,S2-741427611,S3-549890913,S3-953563509,S2-369338459,S2-507495210,S2-675284631,S2-527338010,S2-955452839,S2-917682769,S2-782515137,S2-628468478,S2-49768529,S3-270168498,S2-767112871,S2-917222388,S2-250984804
S1-213366728	S3-929151853,S2-929859115,S3-815078686,S3-866336151,S2-742394166,S2-906335776,S2-37948472,S3-947451325,S2-633118078,S2-900727885,S2-240039236,S2-1897967,S2-746064055,S2-555312233,S3-954028200,S2-370990100,S2-87030713,S2-927976291,S2-545236510,S2-515305250
S1-292044369	S2-722571254,S2-121933134,S2-770062007,S2-27616304,S2-171400053,S2-813362237,S2-597768333,S2-255462901,S2-267778262,S2-484483494,S2-403363854,S2-988819067,S2-185048111,S2-767997013,S2-610439446,S2-706271348,S2-677475250,S2-696077581,S2-647232354,S2-511490226
S1-426766569	S2-783760240,S2-745343993,S2-476721611,S2-551942391,S2-128578899,S2-96451674,S2-763935823,S2-390127207,S2-685205002,S2-762478415,S2-213169176,S2-908554220,S2-891579264,S2-828130522,S2-275742737,S2-607467420,S2-832363726,S2-939523169,S2-583984584,S2-872463409
S1-754169093	S3-499074597,S3-901730097,S3-119775367,S2-627416739,S2-403941208,S2-368178310,S2-777274863,S2-677613681,S2-336337733,S2-832021578,S2-988997457,S2-246993003,S2-570510836,S2-336620551,S2-656036396,S2-975398652,S2-891910276,S2-583423469,S3-204912491,S2-242325697
S1-587182916	S2-770745052,S2-920469654,S3-732766346,S2-539963492,S2-833676156,S2-857599322,S2-95586133,S2-221977005,S2-13250310,S2-165993979,S2-46214655,S2-273318079,S2-876503495,S2-71314158,S2-726246862,S2-104179601,S2-732016113,S2-235448749,S2-530092196,S2-433701345
S1-157009161	S2-145044236,S2-673044879,S2-108731285,S2-540007535,S2-278291358,S2-947910326,S2-661635193,S2-348514517,S2-995799715,S2-595051358,S2-210764235,S2-697136000,S2-703680663,S2-186288750,S2-42319271,S2-812110118,S2-245640436,S3-313436856,S3-93591662,S2-94100213
S1-303714420	S2-437387649,S3-709685089,S2-995465184,S2-380744195,S2-192551563,S2-796814771,S2-332242230,S2-887765876,S2-65009653,S3-614147467,S2-905295656,S2-482375541,S2-628999037,S3-52040731,S3-576575196,S3-309634443,S3-791048410,S2-190439492,S2-421120797,S2-475081189
S1-238949648	S3-563981870,S3-155157088,S2-817529768,S2-78355590,S2-195582456,S2-148262686,S3-152526892,S2-631272622,S2-441961836,S2-960734901,S2-364554165,S2-776990416,S2-393075191,S2-824226308,S2-10400986,S2-753855135,S2-404027104,S2-429703648,S2-670794912,S2-552266935
S1-171641868	S2-719301612,S3-788667574,S2-348518679,S3-215470944,S2-910009018,S3-880573295,S3-581276971,S2-890485180,S3-577519092,S3-988914767,S2-152290825,S2-153426024,S2-691991155,S3-449230352,S2-548334243,S2-698465292,S2-154772880,S2-255387897,S2-721529328,S3-779870145
S1-960366103	S2-727863452,S2-27032047,S2-999859921,S2-551402113,S2-890073211,S2-384241078,S2-111433925,S2-829979786,S2-519920719,S2-471303511,S2-295431922,S2-906280685,S2-108429584,S2-279774361,S2-314530552,S2-206366319,S2-47140004,S2-401015096,S2-715114376,S2-316105731
S1-967759454	S2-27626393,S2-755552843,S2-160034627,S2-944571953,S3-229351583,S2-399454565,S3-104949871,S2-239951241,S2-857071497,S2-747068485,S2-546879758,S3-122977630,S3-367798979,S3-719009339,S2-966490429,S3-921923650,S2-554929291
S1-255090841	S3-761715783,S2-618465732,S2-186477818,S2-10616297,S2-415786355,S2-288278187,S2-304793037,S2-558953360,S2-4625603,S3-569183621,S2-334993380,S2-908680317,S2-904075814,S2-29557594,S2-412285384,S2-165388937,S2-416433716,S2-208726526,S2-961865097,S2-384684473
S1-308621662	S2-161278016,S2-469722501,S3-845665621,S2-847336292,S2-56613082,S2-732109300,S2-726385096,S2-765623912,S2-925666351,S3-764227175,S3-548154304,S3-202468633,S2-221675978,S2-519496342,S2-834690933,S2-571535409,S2-214136259,S2-927598605,S2-275262813,S2-539033088
S1-900740725	S2-489153416,S3-931196572,S2-909706520,S2-167050241,S2-818350810,S2-478866162,S2-913517855,S2-586976810,S2-480481380,S2-671224553,S3-169664107,S3-742717673,S2-141970525,S2-79854194,S2-922787014,S2-692480275,S3-205220605,S3-479510591,S2-9803346,S2-862717457
S1-262247415	S2-552105651,S3-735861173,S3-4852985,S3-17853518,S2-538036401,S3-890329552,S2-44392755,S2-621936324,S2-928737711,S2-933162409,S2-660618200,S2-843121586,S2-775578464,S2-644732600,S2-704079894,S2-874985043,S2-531572707,S2-38571462,S2-393009001,S2-521446428
S1-91022467	S2-170759972,S2-679014972,S2-624765524,S2-813398553,S2-743396039,S2-389947662,S2-282214462,S2-821173949,S2-994976712,S2-522692003,S2-149639943,S2-810820275,S2-63839703,S2-427371644,S2-213658633,S2-106052502,S2-207400979,S2-17708573,S2-359790613,S2-288319434
S1-850605679	S2-241271308,S2-900467261,S2-287647663,S2-611009431,S2-799437472,S2-67029398,S2-620532498,S2-582657475,S2-242656381,S2-870899041,S2-340647139,S2-359599370,S2-531325779,S2-204348766,S2-546960595,S2-810292129,S2-61857197,S2-563877077,S2-601178619,S2-411892823
S1-531092926	S2-894805308,S2-405673448,S2-692413256,S2-558873954,S2-73927982,S2-470024315,S2-377560561,S2-957334308,S2-827156498,S2-773754664,S2-956692204,S2-745841217,S2-702919483,S2-356168786,S2-759155689,S2-450585335,S2-655771659,S2-565945992,S2-227338518,S2-133759446
S1-854128353	S2-16354256,S2-532645573,S2-697928204,S2-63862395,S2-573382510,S3-617003172,S2-949668648,S3-394623431,S2-303469550,S3-340872025,S2-983014951,S2-819380147,S3-926318005,S2-7273672,S2-663320148,S3-194577694,S2-289845763,S3-307976018,S2-350994515,S2-181335314
S1-115657234	S2-218450171,S2-641389938,S2-427013153,S2-525159427,S2-228048117,S2-809557133,S2-236847505,S2-156939611,S2-487265348,S2-114302195,S2-710088852,S2-641183398,S2-995627425,S2-230488768,S2-932171466,S2-585337326,S2-199299888,S2-269290332,S2-959218954,S2-711358003
S1-953264718	S2-464827515,S2-767529246,S2-628961065,S2-114860360,S2-811776364,S2-756895932,S2-705369881,S2-982719508,S2-407405612,S2-515581498,S2-277820895,S2-210933649,S2-665400864,S2-703111953,S2-793423241,S2-979282626,S2-489523731,S3-674115457,S2-53057939,S2-246685020
S1-572628619	S2-800423604,S2-940892775,S2-133813211,S2-261982042,S2-478840403
S1-129137876	S2-197262653,S2-891520652,S3-218547696,S3-571312188,S2-907733974,S2-967758372,S2-925924218,S2-226642686,S2-794338510,S2-460309159,S2-978216757,S2-354013823,S2-982624321,S2-830160278,S2-90942597,S2-451772464,S2-515540369,S2-814983912,S2-401490920,S2-597828027
S1-379381643	S2-352477093,S2-15063847,S2-407062343,S2-733406949,S2-817026751,S2-957669078,S2-730895389,S2-238063798,S2-827739825,S2-363352830,S2-817041324,S2-803867350,S2-3818680,S2-139917468,S2-15481690,S2-786822785,S2-416073425,S2-324306208,S2-936967835,S2-622161778
S1-842706082	S2-701838057,S2-671799661,S3-696719176,S2-207390514,S2-519194357,S2-899375628,S3-552137504,S2-908139963,S2-10209085,S2-386723827,S2-783311571,S2-520018870,S2-822581312,S2-207347399,S2-55549183,S2-708167118,S3-732001275,S2-788991640,S3-260905632,S2-65975004
S1-893217388	S3-634050079,S2-104180235,S2-655585913,S2-210531620,S2-293193761,S3-826489288,S2-758464841,S2-457161718,S2-87740110,S2-292786177,S2-798275351,S3-679911868,S2-174812910,S2-412806488,S2-217861852,S3-164702838,S2-305012996,S2-657666901,S2-433046392,S3-860641314
S1-87687506	S2-438504812,S2-377727505,S2-99799804,S2-935266586,S3-990977057,S2-129287905,S2-426939363,S2-67304584,S2-87971040,S2-653664593,S2-482069860,S2-192050544,S3-81935831,S2-231842829,S2-16777925,S3-291097548,S2-38816474,S2-7332976,S2-602681857,S3-106171212
S1-796868772	S2-961409974,S2-717080465,S3-101326262,S2-143502536,S2-649263654,S2-676401800,S2-126621853,S3-586952548,S2-354398552,S2-320105762,S2-606878350,S2-616715378,S2-282257446,S2-937160114,S2-385633354,S3-949953841,S2-476343134,S2-115465191,S2-69375380,S2-525933471
S1-918398280	S2-669268473,S3-26495049,S2-637284772,S3-710338552,S2-692856309,S2-943676508,S2-164560749,S2-997075204,S2-706303516,S2-851240982,S2-930657953,S2-105220141,S2-8316700,S2-734103350,S2-685607487,S2-436102053,S2-163378574,S2-462253308,S2-328066333,S2-400860487
S1-603084324	S2-934517525,S2-565956801,S2-734867035,S2-825397465,S2-957889658,S2-142929153,S2-453847555,S2-798294084,S2-83433415,S2-698263578,S2-278195122,S2-472790297,S2-624503137,S2-997459991,S2-764192800,S2-329740941,S2-9766738,S2-599630111,S2-253174786,S2-19684992
S1-341063793	S3-202112144,S3-942001759,S3-682686866,S3-204250789,S2-43336974,S3-316164995,S2-689411208,S2-653061411,S2-916345889,S3-52555220,S2-225475146,S2-747688328,S3-169043286,S2-701007304,S2-490195201,S2-154448875,S2-932270145,S2-301471083,S2-156534946,S3-416977810
S1-604580133	S2-871779147,S2-73818001,S2-698031192,S2-916383925,S2-319107499,S2-162313890,S2-772184038,S2-765824316,S2-929262140,S2-89101680,S2-222833745,S3-133363718,S3-861508251,S2-55766081,S3-923403221,S2-169145721,S3-937248898,S2-24920741,S3-155191004,S2-760176544
S1-729988987	S2-167547701,S3-566380869,S3-270827184,S3-79346634,S2-625053266,S3-321778254,S3-405744673,S2-589995908,S3-514271888,S3-150995866,S2-905576686,S3-831737501,S2-490832886,S2-408102844,S2-459502137,S2-504858161,S2-763391364,S3-283832654,S2-101719346,S2-701739057
S1-373022381	S2-648095742,S2-402312800,S3-144012842,S2-564347185,S2-696135491,S2-54227743,S2-96506611,S2-53490815,S2-495123482,S2-289282151,S2-374886170,S2-206635647,S2-367453406,S2-833845579,S2-611231517,S2-463013631,S2-525370049,S2-775430421,S2-655190212,S2-988088398
S1-545201764	S2-58029720,S2-759206567,S3-864048621,S2-437190694,S3-923436645,S3-267536006,S2-115335386,S3-303320261,S2-578395133,S3-109886571,S3-524462398,S3-1502043,S2-987804523,S3-286776383,S3-350768487,S2-925659380,S2-938800647,S2-16594281,S2-538565851,S2-908494579
S1-390252121	S3-513997766,S2-278599873,S2-857288901,S2-269681583,S2-97687949,S3-571582553,S2-822903404,S2-93367946,S2-20196223,S2-768008335,S2-642112110,S2-801105028,S2-681631738,S2-153511333,S2-784979692,S2-384309312,S2-719120963,S2-644611676,S2-624980685,S2-106434731
S1-378974228	S3-377440148,S2-882270962,S2-444997655,S2-347904912,S2-717348829,S2-449670241,S2-898656592,S2-372401887,S3-687117352,S2-674577505,S2-856158500,S2-326925073,S3-235078095,S2-624596898,S2-433019760,S2-21964356,S3-762235493,S2-704484658,S2-92454796,S2-307575988
S1-945590651	S2-885344435,S3-401391517,S3-872319015,S3-907064387,S2-730052953,S2-750733793,S3-450981054,S2-230195151,S2-750473660,S2-898907439,S3-52466251,S3-781369688
S1-692471807	S2-298504281,S2-941053125,S2-946520887,S2-30963706,S2-783918792,S2-710452057,S2-564325676,S2-153261641,S2-294170193,S2-993515161,S2-683443860,S2-305376502,S2-502776623,S2-668585352,S2-908183275,S2-777237177,S2-698614848,S2-881388918,S2-445393097,S2-590046528
S1-70304206	S2-292949581,S2-140032249,S3-272457722,S2-78297991,S2-903364766,S3-34254331,S3-112748269,S2-97380323,S2-643572828,S3-126856948,S3-626937500,S3-442081808,S2-57857459,S3-873548730,S3-4229876,S2-786345118,S2-782903708,S3-374628237,S3-905486975
S1-710157655	S3-328357880,S2-974415624,S2-980271036,S2-57267105,S2-134147681,S3-398374724,S3-741239512,S3-849923738,S2-106613636,S2-682799131,S2-169034536,S2-895548030,S2-905347990,S2-252220861,S2-843673889,S2-614802460,S2-446836732,S2-290127453,S2-15209108,S2-842219861
S1-512127022	S2-756713460,S2-317375188,S2-406162245,S2-709927355,S2-750562003,S2-605162695,S2-435063162,S2-46126704,S2-855640544,S2-760600385,S2-774736197,S2-816886245,S2-50982233,S2-444136731,S2-693603365,S3-697217528,S2-637396387,S3-310316377,S2-674524422,S3-279005732
S1-831923485	S2-528015201,S2-150081888,S2-373952574,S2-360185656,S2-624836717,S2-505172212,S2-58861693,S2-137664882,S2-780519268,S2-379928792,S3-359328227,S2-274265310,S2-660331729,S2-327141348,S2-919200267,S2-114522981,S2-371393371,S2-638069957,S2-361309149,S2-834294841
S1-928512730	S2-156713316,S2-123654702,S2-280312788,S2-265716821,S2-744765534,S2-121684237,S2-284688448,S2-915105076,S2-60271021,S2-416314111,S2-199083859,S2-183191816,S2-7147145,S2-340168365,S2-358419319,S2-119799526,S2-945242051,S2-472799116,S2-468479639,S2-894747622
S1-374644632	S3-740417176,S2-224526134,S3-409270311,S2-989230084,S2-564113020,S2-571339551,S2-534833756,S2-155799016,S2-413621784,S2-92472835,S2-318675844,S2-160054921,S2-214991675,S2-930451487,S2-805711723,S2-758303736,S2-3643237,S2-894206260,S2-795403201,S2-575983536
S1-163099746	S3-138309307,S3-440659161,S3-874989845,S2-270274701
S1-966266474	S2-94133120,S2-38078487,S2-488116757,S2-436168773,S2-946608180,S2-712446603,S2-675766687,S2-701552203,S2-636463224,S2-11253932,S2-221975678,S2-685843248,S2-175759766,S2-496394486,S2-404331573,S2-2737429,S2-683582249,S2-877588305,S2-70657031,S2-501468224
S1-179536424	S2-694447290,S2-562164202,S2-297158397,S2-593577577,S2-156380620,S2-900259735,S2-608708510,S3-565128753,S3-772046434,S2-850140978,S3-414863445,S2-920529512,S2-89254284,S3-888616288,S2-503476174,S2-468887038,S3-914568114,S2-561903118,S2-940200607,S2-822110066
S1-731314679	S2-482345689,S2-916190819,S2-429351812,S2-886370081,S2-122067780,S2-76567144,S2-31217191,S2-905046923,S2-520440586,S2-838087001,S2-860152836,S2-921734839,S2-546596692,S2-649913209,S2-622934393,S2-659470777,S2-253988401,S2-485269386,S2-458943591,S2-830709285
S1-134467695	S2-588946164,S2-533736054,S2-158755323,S3-220503841,S3-287822138,S2-102218972,S2-279704572,S2-238907699,S2-95395848,S2-698667415,S2-44489681,S2-959982449,S2-913435268,S2-95318380,S2-482303788,S2-365775308,S2-24002765,S2-476961088,S2-438098395,S2-289435437
S1-785725841	S3-251551449,S2-578626885,S2-755987996,S2-684006372,S3-522828703,S2-334341376,S3-228663218,S3-715206065,S3-384382597,S2-479079944,S2-160265259,S2-826156937,S2-414028299,S2-740020234,S2-496188975,S2-812450213,S2-670012478,S2-49753012,S2-918176365,S2-657694135
S1-970711261	S2-152468109,S3-113937215,S3-686353481,S2-893748356,S3-724571338,S3-880365769,S2-692363373,S2-143307079,S2-660740681,S2-970062843,S2-534208050,S2-83981204,S3-494727735,S3-985260250,S3-102801874,S3-828915725,S3-912327685,S3-492894258,S3-297071446,S2-462471193
S1-943539291	S2-131606539,S2-87921788,S2-588610767,S2-813471571,S3-931213011,S2-385297061,S2-955948227,S2-92523720,S2-770317084,S3-226834612,S2-451298805,S2-875245679,S2-118862519,S3-480947154,S2-232828504,S3-946891410,S2-712157334,S2-645783020,S3-431500963,S2-444078280
S1-583065272	S3-690707937,S2-789705827,S2-112476011,S2-961505398,S3-784202496,S2-367340264,S3-678499042,S2-115120991,S3-727744159,S2-230258844,S2-311106298,S3-902853856,S2-623997247,S2-450325081,S2-716495186,S2-507656124,S2-17069083,S3-650423488,S2-518474474,S2-480941522
S1-331007493	S2-685764337,S3-491492467,S3-997264494,S2-404327560,S2-415493249,S2-834819208,S3-635836424,S3-985480128,S2-792521320,S3-166651334,S3-310410905,S3-648043060,S2-749757917,S3-267963333,S2-84238002,S2-839870082,S2-520441200,S3-316083080,S2-692590390,S2-259635710
S1-246613826	S3-812780798,S2-41070472,S2-7027034,S2-34985589,S2-184927428,S2-458912321,S2-145358223,S2-309747877,S2-596011376,S2-211198292,S2-61103203,S2-417792408,S2-937865505,S2-499685031,S3-969415187,S2-969828247,S3-844727679,S2-311784818,S3-633907012,S2-882619688
S1-362433069	S3-865953544,S2-208712449
S1-459984140	S2-430687322,S2-163870251,S2-807783587,S2-131390969,S2-32279840,S2-840713025,S2-867764222,S2-180923190,S2-938337319,S2-68137919,S2-226304151,S2-605008324,S2-74904274,S2-711002591,S2-599919707,S2-422356727,S2-903973696,S2-433808462,S2-965789726,S2-496451815
S1-630888300	S2-699355873,S2-14460413,S2-404419883,S2-107234466,S2-155577068,S2-518820899,S2-639692854,S2-367649944,S2-978274874,S2-717705743,S2-640580136,S2-472491193,S2-944304188,S2-882540121,S2-824977900,S2-107043182,S2-663636959,S2-133441493,S2-186080574,S2-48845012
S1-904484315	S3-551210494,S2-659928236,S3-183232585,S3-517525956,S3-734967259,S3-608459545,S3-324640843,S3-841125280,S3-750138562,S2-351303000,S3-130135874,S2-496087571,S2-420109921,S3-635528349,S2-120877989,S3-182121323,S3-844383968,S2-758663942,S3-799454870,S2-288157101
S1-67169593	S2-278907051,S2-709180623,S2-821010526,S3-81022096,S2-604006110,S2-328590325,S2-741799381,S3-338564911,S2-860540734,S2-523310581,S2-488785607
S1-758680230	S3-557955097,S3-940629482,S3-664388525,S2-632177060,S2-246817315,S2-384227006,S2-13829347,S2-243274660
S1-158673108	S2-902399904,S2-650921493,S3-636727408,S2-237716118,S3-612171949,S3-588575893,S2-808056852,S2-29686019,S3-605066090,S2-343998655,S2-222420838,S2-207896975,S3-887596293,S2-859157746,S2-618817748,S2-236013686,S2-26859837,S2-67921648,S2-847861512,S2-364911031
S1-568095292	S2-58840858,S2-565747390,S3-550671275,S2-745512986,S2-541935430,S2-62758550,S2-73027529,S2-111451335,S2-449558530,S2-288321543,S2-464188992,S2-144823282,S2-366761550,S2-840584024,S2-636803808,S2-956389332,S2-922009970,S3-446814543,S2-131419536,S2-860407722
S1-957064394	S2-330797032,S2-679335485,S3-704161423,S2-724095215,S3-657660423,S2-829437124,S2-919860819,S2-3408557,S3-882488055,S2-63785845,S2-615656651,S2-96908189,S2-820197,S2-445326430,S2-37500974,S3-393397864,S2-127782896,S3-850567694,S2-871402045,S2-73990018
S1-398975579	S3-900723160,S2-992770127,S2-371216110,S3-86624806,S3-176638622,S2-336047457,S3-999040464,S2-587004983,S2-914920826,S2-335715712,S2-854972174,S3-622128740,S2-444169085,S2-993210735,S3-148842580,S2-89370570,S2-631005852,S2-683030698,S2-775908753,S3-549444482
S1-27412725	S2-181049223,S2-617320072,S2-432124600,S2-738976398,S2-295950605,S2-917380985,S2-847187402,S2-836182255,S2-402646914,S2-81988537,S2-973304777,S2-562186856,S2-676926284,S2-157933852,S3-228366958,S2-703323003,S3-597767992,S2-187644258,S2-653453937,S3-279482588
S1-261204121	S3-182520897,S2-139889407,S2-880090921,S2-631174797,S2-280606338,S2-87441476,S3-89373727,S2-688268417,S2-85125196,S2-858566476,S2-355441215,S2-455139331,S2-829806943
S1-533056362	S2-295347987,S2-43199741,S2-275513804,S2-636692453,S2-838762899,S2-638028235,S2-433086585,S2-820786002,S2-248807712,S2-209016072,S2-281330324,S2-758923220,S2-59128494,S2-904217339,S2-260201536,S2-888462904,S2-717636930,S2-85404204,S2-625549887,S2-588382576
S1-219896237	S2-103526627,S2-944804286,S2-529009182,S2-63407838,S2-538776411,S2-287646541,S2-662997724,S2-112528213,S2-892644073,S2-391293566,S2-887123026,S2-49187443,S2-710304882,S2-859223323,S2-261154719,S2-846641626,S2-276480881,S2-238107130,S3-216014309,S2-391522158
S1-821625770	S2-751899894,S2-37721404,S3-19572736,S3-86494127,S2-549568620,S3-75311772,S3-426379520,S3-734745623,S2-926055545,S3-473789721,S2-28698677,S2-437568312,S3-747378079,S2-423715899,S2-282481908,S3-556958240,S2-534753722,S2-926097980,S2-212822660,S3-992149492
S1-554221067	S3-748660086,S2-448510152,S2-24363325,S3-287080060,S2-190333496,S2-945801708,S3-594971013,S2-703372495,S3-398725086,S2-799113326,S2-891252775,S2-94127578,S2-814316729,S2-99601937,S2-948776599,S2-336602910,S2-658572059,S2-514818568,S3-440204875,S2-374090012
S1-310373781	S3-302602427,S2-194392748,S3-720351414,S3-838168989,S2-961377933,S3-398417435,S2-712020252,S3-531238110,S2-581324794,S3-642998136,S2-767198777,S2-805596177,S3-156440186,S3-378111769,S2-410854949,S2-607178838,S3-323479472,S2-682490239,S2-20416264,S3-621596670
S1-785346955	S2-906352566,S2-996594231,S2-187482780,S2-920069304,S2-514273688,S2-395260151,S2-891613302,S2-149090348,S2-484483494,S2-995357471,S2-827106949,S2-446512531,S2-37707107,S2-47806043,S2-597093806,S2-274361268,S2-393306418,S2-218514954,S2-507196606,S2-842440386
S1-221868916	S3-848216500
S1-973621705	S2-463883493,S2-267207115,S3-930939296,S3-462555876,S2-77865684,S2-624598149,S2-141666615,S3-642223557,S3-189008399,S2-247843375,S2-529015586,S2-569777505,S2-608644623,S2-793050708,S2-183175785,S2-780037726,S2-962898854,S2-427971016,S2-661762174,S2-825014529
S1-149277660	S2-200792800,S3-619906094,S3-746745701,S3-822096303,S2-98586483,S2-410731091,S3-17932416,S3-939575044,S3-611333469,S2-49455096,S3-360350475,S3-467883981,S2-660141256,S3-403922148,S2-872885130,S3-307520388,S2-225929254,S2-40901604,S2-917185182
S1-87107159	S2-737393549,S2-59261723,S2-629176109,S2-578453982,S2-232640470,S2-17853482,S2-611086251,S2-777097274,S2-651990933,S2-995536635,S2-152472105,S2-163356857,S2-215299283,S2-844918657,S2-298465933,S2-376974800,S2-328637710,S2-454258669,S2-154627833,S2-968963770
S1-774841786	S2-903713591,S2-246056767,S3-904127525,S3-759668153,S2-339610540,S2-744466796,S2-816897173,S2-584117311,S2-623893906,S2-240418040,S2-293949282,S3-305575940,S2-799247483,S2-63101423,S2-967195407,S2-6830357,S2-854450291,S2-638581019,S2-908465251,S2-898267007
S1-263775088	S2-620668074,S2-443505122,S2-125384763,S2-503405140,S2-599482287,S2-935484258,S2-364360877,S2-673764753,S2-823982854,S2-520748859,S2-71378145,S2-163717074,S2-435494571,S3-854477858,S2-399610493,S3-692646455,S2-355724015,S2-493761769,S2-848193690,S2-462240268
S1-901471406	S3-124423065,S2-424567375,S2-284152920,S2-35948773,S2-691263565,S2-555175777,S2-967537340,S2-388303250,S2-314599080,S2-83501642,S2-182398426,S2-646371805,S2-380831223,S2-103409239,S2-319176236,S3-865503595,S2-647215911,S3-873949203,S2-915758279,S3-67465558
S1-402129124	S2-392737970,S2-840577815,S2-418306741,S3-850486289,S2-782958098,S2-328393953,S2-245074412,S2-131173884,S2-336267738,S2-178196613,S2-470606262,S2-425960478,S2-61249887,S2-941192451,S2-263196601,S2-690919357,S2-682104029,S2-912369458,S2-533416333,S2-252147963
S1-562895326	S2-296319223,S2-938852866,S2-728539235,S2-155842249,S2-540053087,S2-111380800,S2-9993486,S2-203884904,S2-555673845,S2-462629713,S2-107321442,S2-145418650,S2-978229693,S2-128912970,S2-804524981,S3-460199075,S2-876278741,S2-112090550,S2-529326885,S2-456069554
S1-956348821	S2-268934041,S2-269057826,S2-220609416,S2-802796687,S2-728554287,S2-248098242,S2-379799512,S2-639397586,S2-419417011,S2-360161757,S2-455382905,S2-35385100,S2-245002781,S2-362485288,S3-24918339,S2-811562673,S3-75329039,S2-147905665,S3-26415504,S2-547566474
S1-852992971	S2-23345263,S2-840246836,S2-325569499,S2-926029463,S2-137626083,S2-536332851,S2-949728397,S2-139034385,S2-700185470,S2-385708778,S2-886314923,S3-557550348,S2-341501849,S2-610235837,S2-604056319,S2-621471345,S2-797264666,S2-988142616,S2-49054255,S2-93335051
S1-938473594	S3-194545138,S2-152103816,S2-669935057,S2-864558886,S3-517455818,S2-114594802,S2-708634297,S3-735615466,S2-697209530,S3-65561711,S2-66883235,S2-650777811,S2-362859408,S2-906218141,S2-357101977,S2-699177636,S2-162796552,S2-909905400,S2-593809484,S2-852215716
S1-164896274	S2-531519392,S3-534899872,S3-806254170,S2-634942099,S3-510040020
S1-351688184	S2-711313605,S2-497867787,S3-837461021,S2-353852049,S2-760600385,S2-241352407,S2-841395447,S2-430361587,S2-347555508,S2-210879384,S2-377032895,S2-859439780,S2-418223365,S2-995357471,S3-279889531,S2-83686396,S2-293861166,S2-343311329,S2-451216326,S2-748828746
S1-768908939	S2-509807313,S2-711767077,S2-898471256,S2-328325028,S2-813059131,S2-44715199,S2-695247440,S2-119996738,S2-89136262,S2-524360333,S2-42457463,S2-811060506,S2-791332796,S2-815822654,S2-150416004,S2-268752975,S2-475343056,S2-442977274,S2-829848212,S2-775726969
S1-642556170	S3-661992206,S3-662957773,S3-628952155,S2-420452327,S2-667022875,S2-794299364,S3-933971868,S2-351389072,S2-358836213,S3-308297602,S2-529432422,S2-924665518,S3-718770851,S2-929973855,S2-638459519,S2-831676378,S2-35666861,S2-597145529,S2-178636589,S2-987091286
S1-91272340	S3-818632277,S2-334062039,S2-318375155,S2-96543093,S2-605828601,S2-219952524,S2-952125132,S3-404790927,S3-196713671,S3-520128191,S3-730006091,S3-217495516,S3-217776333,S3-922811465,S2-54013181,S2-291247259,S2-151330097,S2-739326552,S2-912682877,S2-144969677
S1-125339420	S3-87837793,S2-540213553,S3-267184783,S3-819139569,S3-798645817,S3-39275220,S3-522841502,S2-175799333,S2-632582461,S2-935424638,S2-142652307,S3-655355215,S2-978701087,S3-75018231,S2-168236033
S1-92753223	S2-227267991,S2-88946568,S2-793771315,S2-859367032,S2-512713234,S2-790915431,S2-368614580,S2-367886468,S2-299921134,S2-325356489,S2-921505418,S2-608362210,S3-189727264,S2-796362894,S2-987986931,S2-254762661,S2-616220499,S2-497782388,S2-104129729,S2-622750323
S1-631479201	S2-285703326,S2-171560863,S2-991686219,S2-565449506,S2-328278827,S2-383186716,S2-481314248,S2-525844529,S2-36285251,S2-67597288,S2-729233249,S2-721889500,S2-285315339,S2-166426661,S2-437943965,S2-480163372,S2-837287628,S2-891519521,S2-980647380,S2-579057388
S1-776755474	S2-300321167,S3-884271293,S2-4602601,S3-812504111,S2-642794914,S3-376175738,S3-150300240,S2-230754196,S2-401775420,S2-721891468,S3-778822752,S2-813406033,S2-305067396,S2-269091845,S2-210208672,S3-126281455,S2-317957005,S2-222370250,S3-814867935,S3-855902620
S1-7029542	S2-883248273,S2-914178223,S3-127310031,S2-563425916,S2-523321502,S2-20582235,S2-739968577,S2-564285968,S2-517617682,S2-510728300,S2-989616862,S2-237345135,S2-266230982,S2-199265544,S2-402382534,S2-29070950,S2-680643305,S2-583242869,S2-950725428,S2-152903140
S1-465371823	S2-129096831,S2-615522454
S1-707782242	S2-629169676,S2-507065609,S3-172844270,S2-998272965,S2-292066938,S3-454289303,S2-706745580,S2-406401167,S3-307087422,S3-922362258,S3-109715080,S2-612480363,S2-788688228,S2-487913322,S2-76365856,S2-536590351,S2-482603837,S3-47649241,S2-725504780,S2-178685293
S1-919529719	S2-581681344,S2-561700565,S2-702471485,S2-649403213,S2-804016810,S2-988592945,S2-206957287,S2-578453982,S2-26241547,S2-270211464,S2-451900782,S2-422676408,S2-59305453,S2-620578470,S3-427391585,S2-975251097,S2-858071345,S2-713272376,S2-941158482,S2-259406265
S1-725913461	S2-318640923,S2-62216034,S2-64379840,S2-218423951,S2-503273821,S2-14581997,S2-355205182,S2-544381000,S2-920612602,S2-302226950,S2-321187402,S3-442661177,S3-585721028,S2-561736479,S3-178473516,S2-36385038,S3-9469732,S2-13914929,S3-630340951,S2-704572700
S1-32677738	S2-253152647,S2-43738291,S2-141853227,S2-645068425,S2-905842894,S2-319794999,S2-460241944,S2-334994120,S2-414252848,S2-125959821,S2-247110629,S2-788879059,S2-301522719,S2-163657158,S2-267842676,S2-734102891,S2-486563155,S2-32727047,S2-30484487,S2-149448089
S1-744300793	S2-776083394,S2-839629994,S2-37032407,S2-207075091,S2-895665900,S2-966081476,S2-994551627
S1-468118516	S2-694287118,S3-435926655,S2-697016349,S2-282333963,S2-218915486,S2-138987848,S2-255481825,S3-254918853,S2-481084396,S3-87138092,S2-889904314,S3-496518108,S2-709829962,S2-531824450,S2-349400875,S2-80489941,S2-818656339,S3-140815198,S2-730113428,S2-716998387
S1-568485477	S2-346638713,S2-27616304,S2-710346048,S2-241269860,S2-663077516,S2-267778262,S2-608206550,S2-484483494,S2-185048111,S2-24533450,S2-21480418,S2-696077581,S2-647232354,S2-151609274,S2-306547398,S2-259406265,S2-523772793,S2-473036892,S2-693790115,S2-883568105
S1-669870051	S2-925642306,S2-418133248,S2-117126360,S2-838909015,S2-849512498,S2-807771720,S2-179065185,S2-297273792,S2-302140384,S2-736903568,S2-776999904,S2-119312652,S2-315480683,S2-680447582,S2-329444090,S2-370580248,S2-134398713,S2-253674303,S2-854348240,S2-843372369
S1-415387940	S2-62437274,S3-406632298,S3-858929727,S2-578734570,S2-583757794,S2-217116249,S2-929248764,S2-626883125,S2-806459379,S2-565038154,S2-1122675,S2-712453204,S2-922017471,S2-692043703,S2-863265982,S2-399023601,S2-225151752,S2-250666366,S3-942614363,S2-929641733
S1-807004356	S2-370567662,S3-836913784,S2-938383723,S2-225114634,S3-831165850,S3-326418140,S2-600362868,S3-765413148,S2-465263309,S2-719134473,S2-488762722,S2-609517129,S2-753450442,S3-666870678,S3-266387379,S3-120362586,S3-284023842,S3-554535375,S2-486290072,S3-768832983
S1-299995446	S2-441692657,S3-86407047,S2-106131817,S2-665482245,S2-188600272,S2-48816470,S2-151623196,S2-112655760,S2-350036690,S2-952607551,S2-860076010,S2-865953482,S2-2463844,S3-650105635,S2-286918798,S2-410632319,S2-306197611,S2-366626594,S2-272231520,S2-578452840
S1-665272235	S2-277480738,S2-997609948,S2-775629862,S2-331792345,S2-532685473,S2-578954969,S2-349361592,S2-981788429,S2-264123044,S2-763466433,S2-788645116,S2-9640092,S2-963341167,S2-362517656,S2-563280045,S2-646925559,S2-170352435,S2-482699642,S2-923300787,S2-307880221
S1-636086367	S3-905965646,S2-339775552,S2-453139563,S2-869100861,S2-419083770,S2-607735418,S2-736037937,S2-28365576,S2-723479158,S2-626307151,S2-877544534,S3-789243329,S2-538417648,S3-423092719,S2-615522464,S2-71099054,S3-841487581,S2-65909438,S2-658975400,S2-324806145
S1-436994877	S2-857568971,S2-501530755,S2-241380049,S2-356886334,S2-5718946,S2-251342091,S2-456461889,S2-105430739,S2-872766310,S2-24380142,S2-139299070,S2-170595107,S2-244990631,S2-904166452,S2-368216478,S2-687702864,S2-755983776,S2-916148869,S2-734067493,S2-386345597
S1-283985549	S2-198597241,S2-375723155,S2-212201123,S2-343485342,S3-726685632,S3-650674742,S3-43517356,S2-280737175,S3-70833999,S3-211260497,S3-346004537,S3-253527408,S3-904102847,S2-241949915,S2-618214088,S2-738990597,S3-760669213,S3-351587427
S1-291608573	S2-224619524,S2-134322024,S2-888824482,S2-116481256,S2-505257719,S2-923362317,S2-653606436,S2-836085768,S2-371158750,S2-418766951,S2-15077092,S2-587600349,S2-425989782,S2-437498168,S2-325648550,S2-981336697,S2-754429420,S2-804834749,S2-860442914,S2-21764847
S1-95246987	S2-737676298,S2-291384532,S2-397138340,S2-500297477,S2-285697766,S2-744816790,S2-643652071,S2-199155916,S2-204609053,S2-691567935,S2-576748283,S2-803370772,S2-151772630,S2-671428100,S2-756457716,S2-521682474,S2-547792042,S2-173292909,S2-782765375,S2-392751742
S1-140410853	S2-883880773,S2-355556520,S2-328235160,S2-877689914,S2-327626402,S2-357300331,S2-365391000,S2-632137837,S2-902775045,S2-130196601,S2-732429217,S2-652363320,S3-731402246,S3-557331896,S2-13570825,S2-569797220,S2-873016437,S2-273692016,S2-913051548,S2-964683729
S1-465658290	S3-548154160,S2-870133171,S2-737310907,S2-715036473,S2-582235998,S2-601018343,S2-331599010,S2-97615209,S2-237652620,S2-54796522,S2-861029368,S2-903817240,S2-67427742,S2-45510532,S2-786529615,S2-366492810,S2-767692510,S2-628653464,S2-1795970,S3-326729274
S1-94446158	S2-46543572,S3-301704875,S3-585508696,S2-835812309,S2-524433182,S2-227578200,S2-793140798,S2-199547913,S2-344492575,S2-422050973,S2-300541448,S2-766455680,S2-76097286,S2-669702415,S2-27677172,S2-401105061,S2-994190005,S2-755535851,S2-350387916,S2-332573620
S1-354244869	S2-483933399,S2-119128304,S3-972118101,S2-653330099,S3-202028643,S3-70004337,S3-666568376,S2-556417031,S2-920875448,S2-83106106,S2-780694887,S2-228721951,S2-954724871,S2-376164752,S2-663577726,S2-145395687,S2-27909141,S2-723487612,S2-16579320,S2-701094413
S1-790521767	S2-962050294,S2-27616304,S2-267778262,S2-815004103,S2-475363429,S2-86529937,S2-811562673,S2-185048111,S2-64634545,S2-696077581,S2-151609274,S2-843279282,S2-306547398,S2-505416347,S2-813414666,S2-693790115,S2-730607465,S2-709829962,S2-960965773,S2-860596533
S1-232288883	S3-530519311,S2-925669532,S3-843598338,S3-757907828,S3-952907406,S2-598591725,S2-670113207,S2-465764784,S3-437157054,S2-231220480,S2-893252133,S2-950382801,S3-430087065,S2-746697091,S3-786853009,S3-933165696,S2-696914996,S2-687605816,S2-917578596,S2-919720153
S1-23624449	S2-635638241,S2-155386290,S2-90511202,S2-127372779,S2-910959330,S2-469495658,S2-106385406,S2-155483714,S2-206363619,S2-412234640,S2-828690986,S2-356804292,S2-371067079,S2-738278914,S2-138410148,S2-50408207,S2-568807846,S2-238473070,S2-614244665,S2-174942708
S1-82163842	S2-832761728,S2-672392100,S2-121933134,S2-171400053,S2-264951839,S2-255462901,S2-809050068,S2-34516684,S2-595812239,S2-17829343,S2-484483494,S2-978307502,S2-860947028,S2-262398612,S2-767997013,S2-894256508,S2-978451354,S2-630971574,S2-347307918,S2-56354930
S1-183235572	S2-397422553,S3-170804328,S2-457551441,S3-49820123,S2-910523667,S3-690448268,S2-453986651,S2-584382888,S3-848106528,S2-447080339,S2-828472383,S2-411536601,S2-228554617,S2-676902773,S2-279071487,S2-259034447,S2-124718027,S2-717371074,S2-753907944,S2-689655111
S1-598014910	S2-198966298,S2-748537589,S2-76197253,S2-714724496,S2-71489591,S2-166236057,S2-677671798,S2-623256659,S2-190022895,S2-550279071,S2-74037520,S2-172285299,S2-263917685,S2-65026024,S2-549596306,S2-944039982,S2-221733582,S2-240605756,S2-648513809,S2-357756311
S1-714079881	S2-802385058,S2-864106978,S2-376634544,S2-414804242,S3-67005098,S2-888189609,S2-118760648,S2-509322828,S2-587251142,S2-622576783,S3-436337532,S2-930961068,S2-971222206,S2-653209076,S2-756293240,S2-143073310,S2-681560550,S2-920912982,S2-253778796
S1-379631122	S3-270723517,S2-389335997,S3-912493892,S3-470381595,S2-585125446,S3-91431021,S2-217453863,S3-946717142,S2-79526485,S3-356247805,S2-497347884,S2-327892160,S2-813542013,S3-328311729,S2-444727244,S2-978831514
S1-516887444	S3-441513666,S2-565486813,S3-989384454,S2-187731820,S3-502766140,S2-886698287,S3-31118233,S3-198498951,S2-687901774,S3-783469128,S3-300767317,S3-404371401,S2-988421863,S3-551965726,S3-199367853,S3-292185351,S3-435600429,S3-203434124,S2-960890547,S2-184998531
S1-246844238	S2-525714513,S2-921692865,S2-266014889,S2-856264386,S2-332393974,S2-843776735,S2-602063308,S2-323213880,S2-807155993,S2-952135407,S2-425116904,S2-544478596,S2-988056039,S2-236507762,S2-520273399,S2-10314080,S2-20969081,S2-717415013,S2-187064390,S2-828675831
S1-730390346	S2-39602557,S2-998200009,S2-201359575,S2-358617113,S2-988205841,S2-905727623,S2-846949492,S2-765824316,S2-264354855,S2-222833745,S2-485983499,S2-172778785,S2-393692683,S2-952135311,S2-2734166,S2-300652553,S2-704956001,S2-255481825,S2-400130781,S2-483843801
S1-431549235	S2-491381283,S2-374599181,S3-970269697,S2-326239992,S2-426263834,S2-802009777,S3-23996585,S2-719866272,S3-255126268,S2-417775063,S2-81158421,S2-488272177,S2-175292036,S2-281673779,S2-576866106,S2-531076429,S2-199430456,S2-318443649,S2-176582430,S2-488586448
S1-575824749	S3-663996653,S2-172107121,S2-292214816,S2-468257054,S2-759355073,S2-997943718,S2-968963770,S2-756973128,S2-196804299,S2-980667236,S2-583681828,S2-872268972,S2-721464671,S2-139793845,S2-806360499,S2-742630194,S2-758952398,S2-663131682,S2-101057142,S2-544432333
S1-819007632	S2-711753348,S2-407247222,S2-149161292,S2-93284685,S2-95741959,S2-34822876,S2-479273137,S2-151136238,S2-905331673,S2-986510232,S3-992542593,S2-295445907,S2-389880996,S2-914806709,S2-802930913,S2-631185717,S2-889688207,S3-872386432,S2-308406842,S3-547724945
S1-366538983	S2-343289059,S2-495339705,S2-553971528,S2-384391423,S2-256293354,S2-983089146,S2-720364817,S2-625630653,S2-503424609,S2-988432673,S2-103165847,S3-119707372,S2-929682581,S2-74506515,S2-426180422,S2-104604339,S2-56451130,S2-600034309,S2-820397390,S2-195685222
S1-759776207	S2-588826810,S2-284779539,S2-366879176,S2-365407292,S3-366521182,S3-189689471,S2-735239335,S2-71000758,S3-746833836,S2-45646197,S2-161904673,S2-956736252,S2-671772078,S2-788220375,S2-990960243,S2-728403009,S2-887020485,S2-707734764,S2-489243473,S2-683463039
S1-436221709	S2-755844670,S3-305089261,S3-567583327,S2-699698872,S2-140002020,S3-296693878,S3-365332586,S3-27631342,S2-478434962,S3-827272051,S2-424594512,S2-188166719,S2-32268713,S3-61562701,S2-54132350,S2-778844675,S3-200076747,S2-625837462,S2-271639146,S3-66503054
S1-121586632	S2-977846783,S2-102445379,S2-607026409,S2-458888734,S2-216384510,S2-520169057,S2-995261709,S2-729276132,S2-329749112,S3-400010696,S3-21545897,S3-582609184,S3-749181835,S3-973255178,S3-177914886,S3-341646940,S3-176427839,S3-673808734,S2-498685171,S2-135407565
S1-473872953	S2-97668655,S2-221625816,S2-32854722,S2-261158367,S2-169507009,S2-372697429,S2-292791060,S3-415131066,S3-559052560,S2-839310632,S3-184076397,S2-90943126,S3-899319896,S2-694250880,S2-357515297,S3-667393808,S2-53631636,S2-514167734,S2-25804324,S3-179097669
S1-60490751	S3-851214165,S3-832796712,S2-845100340,S3-727552750,S3-794782496,S2-711719430,S2-643855311,S2-963903321,S3-296150505,S3-946845444,S3-183499306,S2-81552562,S2-837955490,S2-21684755,S3-749684231,S3-812275428,S3-711390689,S2-711114256,S3-952950503,S2-68634217
S1-408224983	S2-152094326,S2-593160787,S2-531118243,S2-748726544,S3-714770348,S2-346444949,S2-3545610,S2-913760631,S3-74103826,S2-178429365,S2-717288388,S2-147925203,S2-55085576,S2-463767174,S2-9354791,S2-227536193,S3-318375722,S2-841720633,S2-690426266,S2-576294222
S1-527818224	S2-957414833,S2-296610795,S3-354730005,S2-691299068,S2-904258911,S2-708478312,S3-830295033,S2-110275131,S2-591746243,S2-808118405,S2-36554041,S3-245212834,S2-285643089,S2-489538989,S2-132128369,S2-779896964,S2-32830359,S2-665821008,S2-106345823,S2-665055660
S1-764769373	S2-174039513,S2-977719480,S2-300995608,S2-214025314,S2-633993581
S1-916603429	S2-475174235,S2-446792407,S2-82274706,S2-953578412,S3-233508369,S2-904258911,S2-481494328,S2-658645667,S2-602227634,S2-781503620,S2-764619188,S2-806806036,S2-293539413,S2-159672105,S2-506652536,S2-368591763,S2-571366753,S2-794211668,S2-753345470,S3-745206183
S1-263854686	S2-953363109,S2-211445989,S2-961643496,S2-467949044,S2-339550008,S2-646764804,S2-666086838,S2-712151234,S2-151772630,S2-727115918,S2-591996614,S2-307934069,S2-315311936,S2-762072837,S2-829581724,S2-155102922,S2-443627128,S2-71408287,S2-353864148,S2-177491854
S1-620965338	S2-94047222,S2-101469715,S2-599521069,S2-918751377,S2-524584349,S2-329519351,S2-392656715,S2-614691253,S2-691211911,S2-953948435,S2-992685818,S2-17875750,S2-928996050,S2-600383146,S2-292280876,S2-80922634,S2-882404304,S2-691604274,S2-390207101,S2-443094560
S1-306835759	S2-916527303,S3-19985393,S2-684545793,S3-806129309,S3-223429258,S3-307365930,S2-685963875,S2-881352883,S2-820143274,S2-701544391,S2-797617936,S2-256135536,S3-913113212,S2-999203309,S2-363716304,S2-538876347,S2-638906100,S2-82662528,S2-198224646,S2-997742376
S1-598167773	S2-503353,S2-764481522,S2-494647833,S2-687645417,S2-149090348,S2-27331495,S2-857241714,S2-89154099,S2-768939888,S2-912223195,S2-654913764,S2-918495064,S2-591910666,S2-437232268,S2-440763635,S2-257399065,S2-2969622,S2-648482918,S2-42473895,S2-489269628
S1-474752946	S2-581634694,S2-804880984,S2-399607995,S2-502959132,S2-542606785,S2-903273855,S2-842320600,S2-945859688,S2-473782865,S2-688732710,S2-415909037,S2-206539859,S2-730257178,S2-120917819,S2-734116816,S2-338251116,S2-488417776,S2-744565567,S2-939067850,S2-677013008
S1-228229787	S2-37349111,S2-119621578,S2-890894163,S2-34751903,S2-292266123,S2-276237496,S2-681120356,S2-470974521,S2-983374265,S2-86614698,S2-723989411,S3-806995538,S2-429286172,S2-239016695,S2-675478858,S3-533860744,S2-440674568,S2-206871270,S2-621216151,S3-766666762
S1-506617149	S2-458452982,S2-418061259,S2-250539995,S2-425417474,S2-919244360,S2-198703906,S2-504911590,S2-788609154,S2-53282602,S2-416595506,S2-339303815,S3-999754555,S2-164531605,S2-773182057,S2-846710449,S2-515152170,S2-518020961,S2-174925380,S2-161451096,S2-737624714
S1-156685442	S2-501696601,S3-150677520,S2-454619456,S2-860791313,S2-690661972,S3-177578248,S2-81188590,S2-868647358,S2-969410673,S3-752158482,S3-128734052,S3-212119968,S3-705449589,S2-861955402,S2-521874903,S3-645306560,S2-582855031,S2-819701141,S2-864868191,S3-959739099
S1-927557769	S2-402612987,S2-914136155,S2-512021290,S2-439953084,S2-944435378,S2-58207364,S3-243786495,S2-167455592,S2-38255531,S2-302508308,S2-505744799,S2-944255528,S2-457903391,S3-6010616,S2-916561988,S2-895341735,S2-249455119,S2-698429393,S2-265226832,S2-193449373
S1-278899619	S2-3181571,S2-72389647,S2-291075929,S2-391353896,S2-493912144,S2-744852128,S2-869102006,S2-472082865,S2-265984025,S2-118587094,S2-837354740,S2-740303575,S3-138811074,S2-72603347,S2-374658838,S2-734666640,S2-796232873,S2-694128910,S2-1374777,S2-552494161
S1-207804143	S2-80378125,S2-882277131,S2-201055806,S2-633556286,S2-259967895,S2-371659863,S2-266795243,S2-600179134,S2-373402725,S2-273998061,S2-454140439,S2-401042758,S2-27295157,S2-568470661,S2-57130201,S2-772326743,S2-806596888,S2-51432362,S2-5550544,S2-941800447
S1-336954819	S2-106417957,S2-635470747,S3-755843543,S3-822116249,S2-628003476,S2-445219812,S3-437205972,S2-578855126,S2-284933722,S2-329655698,S2-773972557,S2-947073283,S2-169354642,S2-964135117,S2-119562010,S2-390350882,S2-691040297,S2-706472512,S2-336108959,S2-747196352
S1-978004735	S3-606261295,S2-41005502,S3-376967532,S2-601795507,S2-305338151,S2-204647101,S3-907247133,S2-218544855,S2-515559651,S2-713891502,S2-264555373,S2-197794467,S2-908776767,S2-237938849,S2-131200314,S2-754577749,S2-219443937,S2-615883216,S2-826123166,S2-999137601
S1-643834744	S2-331959585,S2-263111877,S2-322554445,S2-126087885,S2-245424362,S2-206880716,S2-885358180,S2-963033405,S2-939831886,S2-866786302,S2-546065018,S2-679059682,S2-578449354,S2-402429176,S2-694972234,S2-120504241,S2-810504171,S2-344178680,S2-794683752,S2-667276923
S1-55150336	S3-301142632,S2-151189135,S2-398771480,S2-999593530,S2-282967752,S3-688364528,S3-30318637,S2-464487753,S2-755565194,S2-885692626,S2-186530297,S2-322126937,S3-105330476,S3-858629454,S2-308954512,S2-105161317,S3-597279344,S2-299042316,S2-726705972,S2-840537348
S1-694254644	S2-212745837,S2-510298610,S2-591647461,S2-82693389,S2-755285915,S3-417949446,S2-661120,S2-714111586,S2-611031908,S2-284869898,S2-79018542,S2-565954354,S3-501330055,S2-143755488,S2-67087231,S2-609769414,S2-66745904,S2-981732401,S2-472876545,S2-736216598
S1-594354869	S2-878355503,S2-640439978,S2-954416582,S2-936193093,S3-649732492,S3-25883412,S3-313991313
S1-734812559	S2-593595828,S2-334960820,S2-475639777,S3-607092419,S2-768091544,S2-798406803,S2-930645033,S2-497925102,S2-44777713,S2-891091788,S2-883287752,S3-137252613,S3-557824084,S2-114789584,S2-529692304,S2-823908712,S2-360578952,S3-518967821,S3-450997235,S2-564503936
S1-395747417	S2-635422727,S2-100653756,S2-108740496,S2-899843833,S3-55048406,S2-937963365,S2-553571408,S3-94783038,S2-858619330,S2-945245065,S2-279781909,S2-697815969,S2-802485056,S2-238285597,S2-346534599,S2-490531220,S2-194213687,S2-306960654,S2-546357010,S2-717764424
S1-133726642	S2-329085163,S2-702635498,S2-362780720,S2-513617736,S2-141579467,S2-13161412,S3-289998044,S2-509557342,S2-781438798,S2-937169565,S2-796353296,S3-520034478,S2-765472841,S3-955699552,S3-534360441,S2-361193661,S2-977324378,S2-429384218,S2-733156917,S2-914314153
S1-815964115	S2-666880525,S2-979532706,S3-101586,S2-582414631,S3-629948904,S2-992351580,S2-101772989,S2-558902176,S2-310038261,S2-111480199,S2-566057118,S2-223574192,S2-925443754,S2-107996101,S2-18396064,S2-795513952,S2-383118627,S2-816816949,S2-714037684,S2-908916851
S1-10459565	S2-323747257,S2-603829974,S2-257773895,S2-258421394,S2-186845205,S2-38713566,S3-878782457,S2-927586401,S2-829862138,S3-534630225,S2-928584920,S2-681965291,S2-405416900,S2-729738164,S2-901647061,S2-367752549,S3-238369578,S2-572895804,S2-631315688,S3-883508831
S1-162657603	S2-334122826,S2-509078482,S2-597740589,S2-897424818,S2-834690597,S2-384647201,S3-338961222,S2-477753866,S2-945656150,S2-303976948,S2-286250223,S2-690129062,S2-356101388,S2-583723181,S3-45355902,S3-198177403,S2-632737406,S2-36120071,S2-8095817,S2-103594391
S1-515583222	S3-693361457,S3-523733175,S2-294566614,S3-907375676,S2-484395673,S2-199217579,S3-668987570,S3-306733251,S3-812129074,S2-996963390,S2-990071189,S3-233244578,S2-12497080,S2-847580724,S2-544685842,S2-560764975,S2-793244724,S2-530044696,S2-85677501,S2-552761638
S1-64429589	S2-668651196,S2-705470060,S2-154190462,S3-493912852,S2-513724267,S3-280287974,S2-406549927,S2-848307512,S2-66956796,S2-138134041,S2-184492137,S2-550697554,S2-473689987,S2-823581345,S2-581731576,S2-166959316,S2-46812567,S2-165685553,S2-989329446,S2-258023214
S1-216916804	S2-465750428,S3-529367419,S2-833054691,S3-532193271,S2-996993514,S2-1713111,S2-945243569,S2-406007344,S2-125749681,S2-955031616,S2-183252585,S2-736320875,S2-335140194,S2-848561914,S2-568284091,S2-985016998,S2-81016093,S3-482797112,S2-487928077,S2-673990517
S1-108133529	S2-537882866,S2-637496406,S3-964232205,S2-534779152,S2-310539628,S2-967562119,S2-969758095,S2-522967453,S3-295723864,S2-831205923,S2-742084702,S2-776725084,S2-925770746,S2-159198807,S2-995493462,S2-17429586,S3-678081547,S2-812808154,S2-980180021,S2-283811473
S1-16446879	S3-335750263,S2-246815062,S3-656387607,S3-562157691,S2-731654010,S3-502633344,S2-894498519,S3-8817305,S3-286766914,S2-521798942,S3-158155782,S2-786232326,S2-574768081,S2-312188971,S3-579356749,S3-290002576,S3-515243995,S3-933399918,S2-74648913,S3-419873267
S1-996291079	S2-805638426,S2-281282855,S2-656133163,S2-963825822,S2-398167550,S2-530635517,S2-269697883,S2-922614594,S2-62727108,S2-259296740,S2-158503468,S2-697046661,S3-485224200,S2-858730381,S2-647765724,S2-241249302,S2-549307087,S2-343084281,S2-114526865,S2-795532322
S1-263085782	S3-55607265,S2-980360065,S2-664660750,S2-673985966,S2-129800153,S2-316933707,S2-581647334,S2-69441617,S2-549711749,S2-58697746,S2-203915621,S2-669824608,S2-886065807,S2-404838072,S2-913104959,S2-406757023,S2-795587958,S2-698493329,S2-469717195,S2-181334471
S1-707057441	S2-339432567,S2-591574406,S3-590714273,S2-497784617,S2-849329177,S2-20940531,S3-555481854,S2-546106962,S2-365487618,S2-398155221
S1-154351391	S2-461149790,S2-520695062,S2-272202749,S2-216858406,S2-946133758,S2-614060445,S2-161405348,S2-985370567,S2-988870843,S3-741676154,S2-442941321,S2-824504461,S2-215042352,S2-496922078,S2-18823770,S2-548778302,S2-425953948,S2-665120429,S2-142460961,S2-678824808
S1-682184933	S2-469876480,S2-869353293,S3-942065109,S2-61542451,S3-168469901,S3-93412813,S3-424012230,S2-762294894,S2-355126937,S2-275952269
S1-775107858	S2-585101252,S2-585259114,S2-41479278,S2-641618838,S2-185267423,S2-994767511,S2-347132159,S2-291165336,S2-644741951,S2-47498484,S2-988898828,S2-930545480,S2-613283512,S2-887123011,S2-907658407,S2-930540461,S2-485615112,S2-209361040,S2-660028276,S2-416845358
S1-334650060	S3-278150037,S3-472020961,S2-266581939,S2-718192800,S3-7589930,S2-638524442,S2-535499819,S2-105664158,S2-259277315,S2-271335820
S1-849630374	S3-778666281,S2-928811920,S2-922844918,S2-545709582,S3-379348282,S2-40538177,S3-854839804,S3-70939912,S2-802327761,S2-992201871,S2-55466155,S3-866304093,S3-57298076,S3-625721258,S2-594059231,S2-193016113,S3-280298842,S2-919740361,S2-378005042,S3-936797453
S1-63360202	S2-385858333,S2-39462553,S2-234381061,S2-719926507,S2-982860201,S2-914551636,S2-994711641,S2-431028917,S2-420060473,S2-469248648,S2-941612996,S2-850141447,S2-147337638,S2-283860809,S2-561692761,S2-856895719,S2-506713487,S2-888179269,S2-913918543,S2-838812830
S1-440751205	S2-543166848,S2-253719569,S2-130162009,S2-821118717,S2-484513591,S2-347264360,S2-308420615,S2-226949948,S2-460365689,S2-554589308,S2-341260966,S2-538598988,S2-488560138,S2-67669828,S3-707132272,S2-791111703,S2-247111633,S2-469597633,S2-100760448,S2-330339759
S1-698710662	S2-405385278,S2-632838411,S2-728554287,S2-211440621,S2-793243336,S2-164454648,S2-693603365,S2-942161603,S2-882636372,S2-185048111,S2-996027273,S2-395530092,S2-135491601,S2-774066018,S2-167281889,S2-367817806,S2-388594236,S2-911312911,S2-221740113,S2-167574210
S1-47769331	S2-727253341,S2-180583324,S2-18259729,S2-486649716,S2-364090396,S2-168873018,S2-184542389,S2-632202805,S2-750320996,S2-898625810,S2-26093945,S2-883211147,S2-292515123,S2-3786908,S2-902673159,S2-835823670,S2-36750444,S2-972992924,S2-121774460,S3-334505387
S1-945360391	S2-249045435,S2-641925821,S2-302241669,S3-707342363,S2-150011416,S2-63772286,S2-862036319,S2-211998805,S2-323563954,S2-407469734,S2-115782736,S2-960861230,S2-934233741,S2-64711752,S2-977610851,S2-323028895,S2-43974874,S2-680152548,S2-421293556,S2-695252697
S1-506616978	S2-363422061,S2-495595917,S2-227084090,S2-348288794,S2-60351163,S2-882848533,S2-839481830,S2-481946162,S2-207424722,S2-867017103,S2-242655530
S1-283538407	S2-67631654,S2-745326297,S2-426764440,S2-796941264,S2-257517061,S2-940845122,S2-625116571,S3-288522589,S2-993028450,S2-332491880,S2-353128024,S2-82252154,S2-271512713,S2-108826867,S2-241165164,S2-337857323,S2-10894558,S2-868243681,S2-610674999,S2-521332206
S1-720342918	S2-134214770,S2-648797710,S3-256964322,S3-121216916,S2-821683261,S2-17626529,S3-973705070,S2-830546165,S3-443993358,S2-306707595,S2-165335833,S2-237720237,S3-631606168,S3-430932474,S3-595786009,S3-525366325,S3-12352591,S2-346858102,S3-108164401,S2-44035259
S1-549240253	S2-718260036,S2-45087385,S2-901754462,S2-938962875,S2-739936432,S2-331586480,S2-987474148,S2-798904240,S2-404486735,S2-607203331,S2-720364573,S2-748733212,S2-595812239,S2-240329318,S3-62297890,S2-791266448,S2-831171650,S2-603131030,S2-160078834,S2-573063478
S1-750864938	S3-929127091,S3-535753355,S3-11160035,S3-395106705,S2-688324040,S3-318323799,S2-74076096,S2-823926135,S2-946253874,S2-124865137,S2-670146009,S2-95465081,S2-331428501,S2-293891335,S2-978856014,S3-519172415,S3-825579494,S3-859296050,S3-850325231,S3-141144844
S1-220084921	S2-3705052,S2-829219560,S2-322698427,S2-81454926,S2-123894668,S2-240273669,S2-501559291,S3-189193246,S3-445234524,S3-35809887,S3-400435487,S2-101900958,S3-646582316,S3-647659832,S2-171530744,S2-211902825,S2-803302415,S2-966330900,S2-780104395,S2-89727324
S1-343273828	S2-457281716,S2-247825824,S2-488045828,S2-934074974,S2-419553998,S2-243241959,S2-283571966,S2-920726445,S2-530784008,S2-86645542,S2-245415584,S2-667554936,S2-689171298,S2-231984694,S2-853855055,S2-279740071,S3-769309197,S2-746737364,S3-512041614,S2-870843510
S1-317363337	S3-297338623,S3-605335264,S3-598510274,S3-498261582,S2-334726563,S2-858864477,S2-108109369,S3-516131497,S2-934220444,S3-267560807,S2-457125123,S2-657754563,S3-897080756,S2-169975350,S2-509170159,S3-922841578,S2-764468157,S2-859270481,S2-617232861,S2-279429313
S1-540466437	S2-769348879,S2-246107324,S2-850578743,S2-157605486,S2-173866784,S2-421501841,S2-505489197,S2-548895366,S2-879811284,S2-886097743,S2-615786924,S2-814585742,S2-983642720,S2-658684462,S2-107646749,S2-384572848,S2-427662121,S2-132500493,S2-858488077,S2-847317890
S1-905916694	S2-826564222,S2-221541681,S2-310023171,S2-639794754,S2-212048721,S2-465930676,S2-66713328,S2-845143231,S2-278574583,S2-42496283,S2-883870428,S2-957654076,S2-34358731,S2-627081515,S2-850521827,S2-45552210,S2-749056557,S2-653205490,S2-707380564,S2-369359204
S1-935810789	S2-828959617,S3-879815246,S2-960483599,S3-587532588,S2-306977056,S3-770477522,S3-252367812,S2-933273418,S2-330911320,S2-307288237,S2-297941155,S2-763582186,S2-775327310,S2-431019035,S2-92224955,S2-826354045,S2-531975007,S2-306453159,S2-542060208,S3-482203168
S1-431598643	S2-430330946,S2-250924659,S2-580676229,S2-806506203,S2-908382565,S2-541085013,S2-183965359,S2-266762653,S2-815004103,S2-755008039,S2-533926434,S2-733795348,S2-215321713,S2-700014627,S2-982709346,S2-3709933,S2-772562431,S2-928840662,S3-635229440,S2-66101295
S1-76835099	S2-879713193,S3-269856430,S3-433376363,S2-630325535,S2-847055139,S2-253434844,S2-879123702,S2-360791504,S2-529874698,S2-288633504,S2-336000277,S2-909249595,S2-602761680,S2-954392557,S2-271550248,S2-678086914,S2-450470995,S2-65963980,S2-425190320,S2-358623536
S1-391150694	S3-240905158,S2-155969288,S2-804226739,S2-131809532,S2-482495295,S2-526743167,S2-450588039,S3-717200374,S3-842930129,S2-266807766,S2-130840588,S2-899635963,S2-833782546,S3-421952929,S2-112360324,S2-192985755,S3-248649731,S2-843818614,S2-690444424,S2-821771944
S1-628680569	S2-398936374,S2-452973403,S3-241722753,S3-564721677,S2-819606856,S2-297289082,S2-929035221,S2-284521735,S2-837565410,S2-745577942,S2-678667727,S2-131406407,S2-477719375,S2-696411753,S2-591191259,S3-342680819,S2-78647188,S2-889859036,S2-522388082,S2-528164336
S1-299677751	S2-978163055,S2-861894731,S2-31275344,S2-407013289,S2-4262870,S2-20798878,S2-127839665,S2-286530945,S2-887904738,S2-984676843,S2-256287147,S2-698305469,S2-771620433,S2-568757386,S2-146464762,S2-410750089,S2-391548094,S2-827978049,S2-94820185,S2-363824206
S1-454802421	S2-411027725,S2-50147783,S2-496382629,S3-410593830,S3-528044412,S2-27366867,S2-816024565,S2-155102298,S2-270483459,S2-812289942,S2-578120081,S2-730431588,S2-116942061,S2-497738385,S2-904505820,S2-905887017,S2-482158896,S2-903973696,S2-425946099,S2-436746132
S1-808949240	S2-787204247,S3-328882189,S2-688115856,S2-664263000,S2-493246103,S2-664224562,S3-420141642,S2-532056305,S2-514692314,S2-662087248,S2-219432162,S2-18086046,S2-871431618,S2-438444811,S3-431631814,S2-780072780,S2-774321279,S2-283883232,S2-867437563,S2-853466522
S1-667284300	S3-192889952,S2-853019946,S2-179965494,S2-682135355,S2-662868754,S2-67294593,S2-730679756,S2-264442464,S2-972573907,S2-652506223,S2-657506842,S2-739486133,S2-715413012,S2-344439462,S2-626620501,S3-213645336,S3-987402299,S3-780192996,S2-640138194,S3-89273249
S1-717108073	S2-774043962,S3-759310926,S3-297528399,S3-317786073,S3-197659902,S2-48242266,S2-443823436,S2-381923250,S2-313842939,S2-787159712,S2-994839827,S2-359618531,S2-713066362,S2-974218841,S2-467185161,S2-685498032,S2-553130415,S2-462905414,S2-953899783,S2-776816355
S1-866533397	S2-281242912,S2-59545528,S2-676739584,S3-736708257,S2-621304410,S2-182149626,S2-447829064,S2-666229516,S2-914409709,S2-29119015,S2-354673059,S2-756164679,S2-716830059,S2-93771631,S3-920963411,S2-975654603,S2-612005929,S2-342361384,S2-629623768,S2-121621275
S1-271891359	S2-690789382,S2-20508983,S2-439165359,S2-298508385,S2-60420145,S2-933703451,S2-508649356,S2-708589260,S2-618287894,S2-45532156,S2-241054547,S2-924400626,S2-485830967,S2-15077092,S2-462777724,S2-915933606,S2-725419158,S2-606222072,S2-968656700,S2-476119338
S1-162442089	S2-772568032,S3-170209649,S2-835440062,S2-9343127,S2-745549338,S3-814531991,S2-727450791,S2-710526610,S2-386289224,S2-430085972,S2-864343174,S2-69322350,S2-57690071,S2-472852939,S2-246283097,S2-234645606,S2-460250112,S2-8240716,S2-422641802,S2-358630197
S1-492285617	S2-838865762,S2-457961464,S2-312623844,S3-992898867,S2-453378403,S3-787020248,S2-223621171,S2-853019322,S2-235464158,S2-87811311,S3-574770341,S3-904943891,S2-26970300,S2-800926301,S3-577598142,S3-817399552,S2-645247630,S2-983299097,S2-63838767,S2-871927279
S1-211251594	S2-797120022,S2-660858416,S2-596558491,S2-168662827,S2-218879288,S2-575548046,S3-690080369,S2-706249335,S3-960780046,S3-368075805,S2-647376953,S2-496029129,S2-524467868,S2-836209720,S2-49551056,S2-174937696,S3-625648588,S3-595969727,S2-234643367,S2-813089803
S1-90508168	S3-200327228,S3-256687364,S3-689131397,S3-858787067,S2-409246104,S2-533868624,S2-821337202,S2-997408040,S2-33429616,S3-387361794,S2-480591350,S3-678295755,S2-606861012,S2-533596441,S3-93624250,S2-87211281,S2-769276869,S2-298846830,S3-815150873,S2-54025474
S1-831268867	S2-158397752,S2-950113366,S2-940507880,S2-866685194,S2-574245360,S2-981548248,S2-38979307,S2-146946059,S2-5142541,S2-73097607,S2-756611657,S2-738534009,S2-601044532,S2-17360673,S2-448098892,S2-264265448,S2-412051812,S2-663263236,S2-459882843,S2-591620801
S1-739584172	S2-985728826,S2-845823942,S2-281591901,S3-986497548,S3-527496741,S3-899074138,S2-300066367,S3-521238225,S2-189665693,S2-753058697,S2-599954763,S2-926423570,S2-55116912,S2-445638252,S2-756037138,S3-69270690,S2-912883937,S2-608419489,S2-183156061,S2-584254355
S1-771762254	S3-458074453,S3-331474975,S3-899263107,S3-635161275,S2-472246522,S2-445931511,S2-271075364,S2-923432289,S3-677461163,S3-79985116,S2-444259301,S3-174695626,S2-86429229
S1-210499018	S2-17345151,S2-210731831,S2-531856954,S3-930763333,S2-4513264,S2-888177320,S2-383654838,S3-656642396,S2-711744017,S2-57843614,S2-71447820,S2-834073407,S2-814994806,S2-70541370,S2-291774545,S2-866952925,S2-66373739,S2-533213544,S2-710377182,S2-380872283
S1-629474007	S2-432388351,S3-703158007,S3-183212780,S2-690955175,S2-27247198,S3-526061396,S2-902766621,S2-405506474,S2-749312813,S3-770485649,S3-960204468,S3-123295541,S2-720590070,S3-564814972,S2-496742294,S2-665196513,S2-447590700,S3-298383249,S2-506538042,S3-56744399
S1-716259203	S2-884058872,S2-26612303,S2-789213227,S2-626280699,S2-377292134,S2-577972441,S2-865639122,S2-883996361,S2-233131871,S2-459411513,S2-202162974,S2-988094160,S3-960568190,S2-750631363,S2-587243233,S2-451429305,S2-77278366,S2-144691314,S2-395989111,S2-564264977
S1-715595521	S3-74163156,S2-476303301,S2-552494318,S2-802005694,S2-400169829,S2-525029070,S3-166304911,S2-810820275,S2-106052502,S3-220372624,S2-504736240,S2-331640341,S3-759035347,S3-118500403,S2-168363339,S3-787558676,S2-622156585,S2-785774298,S2-624765524,S2-793819016
S1-816345725	S2-235947206,S2-654932676,S2-683228534,S2-311184596,S2-627490838,S2-882304183,S2-415042483,S2-709927355,S2-577889280,S2-121933134,S2-553598173,S2-513993697,S2-315512376,S2-959921952,S2-760600385,S2-171400053,S2-740992066,S2-328531239,S2-842775433,S2-600219436
S1-612826948	S3-229641350,S3-986607114,S3-544568903,S2-156091745,S2-519924666,S3-561201035,S2-94553136,S3-935533805,S2-498822216,S2-915552022,S2-871226878,S2-236645449,S2-452755459,S2-876072212
S1-443276260	S2-728942271,S2-284515655,S2-767790686,S2-793264037,S2-924925056,S3-37918729,S2-920018076,S2-674915720,S2-837020245,S2-836750890,S2-945293546,S2-305942967,S3-329362942,S2-353342323,S3-209992059,S2-94418328,S3-491934779,S2-940205151,S3-377191007,S2-462803107
S1-495291598	S3-352744845,S2-45383047,S3-872993428,S2-786493939,S3-152547483,S3-998689677,S3-2648916,S2-344581141,S2-893325997,S3-443816710,S2-25226584,S2-595960858,S2-763213904,S2-814985635,S3-733133445,S2-804924046,S3-353462972,S2-587410697,S2-190391396,S3-834095289
S1-840854323	S2-827496675,S2-255462901,S2-819310622,S2-419464022,S2-807777671,S2-182297109,S2-278391099,S2-67026549,S2-964357556,S2-282913892,S2-236602834,S2-76632903,S2-409062448,S2-972608080,S2-914544763,S2-34747422,S2-655624208,S2-273301211,S2-482661389,S2-674051837
S1-13263134	S2-766338044,S2-828404686,S2-374304328,S2-90729985,S2-493193236,S2-435977755,S2-379638334,S3-410632003,S2-296001999,S2-406242885,S2-674891237,S2-461662527,S3-390107375,S3-602600211,S2-995791092,S2-431277921,S2-480845815,S2-772673156,S2-588522680,S2-707957876
S1-306211548	S2-615139257,S2-493615226,S2-8385679,S2-433456165,S2-151772630,S2-424243291,S2-679126487,S2-936916016,S2-71214773,S2-59920055,S2-459692005,S2-412770325,S2-791962728,S2-605197614,S2-806931360,S2-817424023,S2-973475572,S2-159731571,S2-663149155,S2-681005342
S1-780823360	S3-326104429,S2-616617292,S3-398292367,S3-704478862,S3-534861877,S3-65384090,S2-808287015,S3-682114177,S3-768221888,S3-756883033,S2-410866260,S2-511551151,S3-173758930,S2-435247271,S3-584998876,S3-749438962,S2-675957363,S2-877796592,S2-484167580,S3-188558025
S1-589666205	S2-727724788,S2-821171216,S2-117508011,S2-282757088,S2-663739294,S2-365991344,S2-58940687,S3-647327019,S2-154700144,S2-62354118,S2-747974649,S2-826564068,S2-187089094,S2-745807659,S2-971726997,S2-135904437,S3-722128643,S3-179027217,S3-802740278,S3-238060625
S1-570239793	S2-243211153,S2-566982273,S2-353942739,S2-440436411,S2-387510627,S3-343109151,S2-677883284,S2-333855900,S2-470513530,S2-122314967,S2-843930040,S2-226549345,S2-636218790,S2-456450258,S2-583200034,S2-146946059,S2-791497609,S2-284933722,S2-55850035,S2-125031074
S1-812468044	S3-404030334,S3-362131367,S2-154010688,S2-570232837,S2-27368318,S2-457059380,S2-997626409,S2-131051362,S2-138013558,S2-286531484,S2-810107126,S2-273641901,S2-731654244,S2-904766774,S2-308128086,S2-113766794,S2-645193651,S2-605283166,S2-810774315,S2-618136856
S1-401204594	S2-555600947,S2-783675292,S2-875819420,S3-400699861,S2-849816416,S2-219515959,S3-563805051,S2-814337263,S2-676900917,S2-284776572,S3-4883795,S3-184710377,S3-297085202,S3-571697162,S3-174668813
S1-388203613	S2-815961481,S2-675597744,S3-187672414,S2-753594386,S2-383570734,S3-602104186,S2-591037754,S2-497106646,S2-539683133,S2-597400073,S2-795805542,S2-368104649,S2-408038509,S2-545129855,S2-960497478,S2-97651340,S3-24728405,S3-864240585,S3-248282767,S2-911357013
S1-441630804	S2-857902671,S2-15936854,S2-722177627,S2-177245063,S2-639271911,S2-891136540,S2-561700565,S2-871030070,S2-319107499,S2-697634066,S2-185328661,S2-804016810,S2-988592945,S2-212291583,S2-206957287,S2-578453982,S2-929262140,S3-995592769,S2-24920741,S2-760176544
S1-333239676	S2-57583333,S2-32083479,S2-595389386,S2-655902902,S2-217501900,S2-855060430,S2-390918578,S2-975641586,S2-500278037,S2-799572581,S2-744243259,S3-899658575,S2-469285968,S2-898027342,S2-974603868,S2-697419993,S2-101897713,S2-450937376,S2-606747194,S2-372352888
S1-963108098	S2-563428494,S2-525544312,S2-830115467,S2-451794356,S2-95698022,S2-214665140,S2-493494187,S2-819795154,S2-273947144,S3-424334007,S2-999903998,S2-368074366,S2-628931603,S2-906173022,S2-421297272,S2-504891354,S2-103718542,S2-184182600,S2-266621507,S2-637929446
S1-105994064	S2-348521003,S2-594396063,S2-767658445,S2-287646541,S2-27046600,S2-80592195,S2-887190292,S2-391293566,S2-826449357,S2-185241768,S2-17396079,S2-510635651,S2-951581501,S2-767453499,S2-803107780,S2-631787070,S2-674470287,S2-749406279,S2-448230173,S3-208093746
S1-768135650	S3-441541883,S3-148453287,S3-284404058,S2-728063636,S2-408529560,S2-381317829,S2-645863436,S2-401656952,S2-665198833,S2-93806568,S2-318925609,S2-325896939,S2-917978521,S2-174332309,S2-856316478,S2-143073310,S2-169287512,S2-694714742,S2-414054518,S2-839331076
S1-355877718	S3-522915265,S3-99020275,S2-707056557,S2-431227108,S3-317019957,S3-182972510,S3-294933345,S2-216317331,S2-512046544,S2-354877722,S2-457763853,S2-193853638,S2-778917134,S2-649031861,S2-126961091,S3-302345193,S2-733372248,S2-214904562,S2-125276152,S2-483054402
S1-415400097	S2-925008835,S2-915602352,S2-226568459,S2-918095988,S2-889883466,S3-228600856,S2-754579364,S2-512188154,S2-776315801,S2-130484738,S2-621011062,S2-941549066,S3-441486592,S2-18102685,S2-717773569,S2-160739863,S2-2366485,S2-667315469,S2-970133950,S2-189415999
S1-833585060	S2-219546393,S2-465290439,S2-977321837,S2-251051991,S2-500360918,S2-166303130,S2-87188878,S2-899266386,S2-746545470,S2-146807805,S2-941252096,S2-281786115,S2-788094646,S2-716394364,S2-233948700,S2-196354872,S2-26559269,S2-999613807,S2-414371495,S2-539028013
S1-3548629	S2-480078604,S2-750495141,S2-658842746,S2-695251704,S2-495837003,S2-565813006,S2-778140513,S2-713079290,S3-305583405,S2-262646344,S2-563607171,S2-549064643,S2-783648666,S2-498237784,S3-440804750,S2-931657979,S2-216928439,S2-698091466,S2-158121477,S2-282534895
S1-452583127	S2-621814903,S2-794133523,S2-803126271,S2-987222700,S2-219685980,S2-185531373,S2-164454648,S2-265242099,S2-245651045,S2-208497171,S2-151772630,S2-710427274,S2-649925616,S2-131353708,S2-304713900,S2-63006362,S2-310464670,S2-928633630,S2-64960194,S2-518285513
S1-210978493	S3-608696109,S3-62000577,S2-910606525,S2-263758657,S2-861717519,S2-360472784,S2-908533088,S2-714530798,S3-381563905,S3-642486221,S3-478844941,S3-622055557,S3-555498022
S1-827710942	S2-290883852,S2-869687319,S2-811116091,S2-712347357,S2-99105218,S3-446690964,S2-865175112,S2-342462063,S2-694737800,S2-161627554,S2-197373204,S2-138774007,S2-795073083,S2-493424237,S3-738382240,S2-139531346,S3-648334929,S2-158155086,S3-447799266,S2-143265197
S1-976475136	S2-623218320,S2-419911351,S2-983583893,S2-720211399,S3-488512219,S3-424130880,S2-458676743,S3-581448056,S2-464480479,S3-385541834,S2-53082554,S3-262271497,S2-362963772,S2-371058859,S3-102324123,S2-78570032,S2-699209123,S2-389807643,S2-800582396,S2-810097865
S1-728171105	S2-750185439,S2-723430092,S2-579480736,S3-168777778,S3-684887931,S3-5113702,S3-220130009,S3-207833274,S3-961105698,S3-230233391,S3-146342609,S3-332370713,S2-621578707,S2-441659047,S2-773552559,S2-818501227,S2-571270,S2-476247726,S2-69221953,S3-603401457
S1-791059997	S3-951931100,S3-826552928,S3-42916615,S2-873014540,S2-297546324
S1-644148320	S3-458065967,S3-752344988,S3-784210221,S2-714774748,S2-693982984,S2-997929939,S2-904439992,S2-374980172,S2-294505892,S2-992548419,S2-783596516,S2-67157668,S2-590767509,S2-146726444,S2-590427047,S2-347037156,S2-238742413,S2-271999219,S2-187754491,S2-244344796
S1-726216331	S2-234035111,S2-504492462,S2-500741095,S2-363076654,S2-768499212,S2-875540233,S2-619678014,S3-192100847,S2-265876489,S2-894320359,S3-234749722,S2-588630705,S2-801383509,S2-849769418,S3-169063598,S2-792961485,S2-54710850,S3-850022561,S3-844077437,S3-238761259
S1-846357873	S2-59945252,S2-601528891,S2-433814119,S3-315873511,S2-391956938,S3-348694451,S2-427204002,S3-524053900,S3-689352538,S2-148125238,S3-817397559,S2-755922910,S3-548554327,S3-555619832,S2-530776850,S3-852613432,S2-869132513,S2-267122449,S2-672373947,S3-390738736
S1-342951831	S2-201237301,S2-222429581,S2-385683558,S2-566434384,S2-152282354,S2-682719796,S2-720379059,S2-494582731,S2-555401886,S2-799827090,S3-804628735,S2-999147481,S3-691544932,S3-72837142,S3-726767513,S2-51024259,S3-354479645,S3-218144233,S2-11640542,S3-27431066
S1-135099760	S2-181496502,S2-469148273,S2-114323333,S2-103054505,S2-872219030,S2-456486850,S2-759331200,S3-172601214,S2-689321827,S2-452503241,S3-194751530,S3-511232526,S2-634122005,S2-248311887,S3-219387773,S2-4192262,S2-958360862,S2-303268083,S2-279335937,S3-910176155
S1-714067909	S2-260689191,S2-177533646,S2-481650892,S2-416360111,S2-57703042,S2-333206209,S2-827378488,S2-557890210,S2-411073132,S2-861149403,S2-73204195,S2-270355325,S2-92175552,S2-875002141,S2-16342349,S2-544674535,S2-684664472,S2-151230817,S2-103644375,S2-262297553
S1-346094403	S2-81025856,S2-953980656,S2-923537241,S2-185647430,S2-389341283,S2-505821971,S2-231233180,S2-546883487,S2-33693866,S2-828506994,S2-598645745,S3-444261937,S2-83868527,S2-453689933,S2-756707437,S2-139759318,S3-449350933,S2-324554762,S2-783892732,S2-836189068
S1-243236242	S2-344511770,S2-471288814,S2-399946859,S2-195586346,S2-820303565,S2-217733790,S2-98701688,S2-157683295,S2-724291164,S2-246372080,S2-251036996,S2-289454660,S2-133562367,S2-745402096,S2-722076075,S2-660222541,S2-832691246,S2-836031577,S2-906237479,S2-249847600
S1-210146847	S2-829213149,S2-277132053,S2-868642863,S2-419098074,S2-391207723,S2-364343047,S2-381501850,S2-614570217,S2-667925174,S2-780119291,S2-741182236,S2-413977106,S2-295151334,S2-491585755,S2-595176171,S2-471500778,S2-38403990,S2-637279358,S2-403797528,S2-480967340
S1-74346191	S3-359614143,S3-913761948,S2-542510075,S2-851697379,S2-534395178,S2-195525111,S2-890109540,S2-94900534,S2-696121026,S2-823393985,S2-823536628,S2-992478366,S2-833060224,S2-524954462,S2-129504934,S2-832485048,S2-788851404,S2-383534614,S2-705909023,S2-275341275
S1-110418596	S3-697386326,S3-300107956,S2-120130834
S1-673637219	S3-780156444,S2-44944956,S2-456564178,S2-336406919,S2-6645388,S2-695511501,S2-924267771,S2-919797225,S2-693074920,S2-664920252,S2-511096423,S2-85397371,S3-895245129,S2-946174022,S2-46895417,S2-711741388,S2-19560074,S3-46957533,S2-968340465,S2-735237625
S1-181819964	S2-950224710,S2-713066362,S2-762775996,S2-750562003,S2-845929300,S2-418133248,S2-50982233,S2-361274973,S2-807771720,S2-166514640,S2-297273792,S2-361052992,S2-776999904,S2-397868406,S2-501692298,S2-518483034,S2-995168562,S2-680936524,S2-780384874,S2-428167265
S1-445520074	S2-830656988,S2-409092327,S2-81566785,S2-262147930,S3-380665644,S3-129893289,S3-90473662,S3-786860535,S2-859376216,S2-382924622,S2-830090856,S2-627940613,S2-977321520,S2-778166708,S2-910255663,S2-216645764,S2-300125213,S2-354208240,S2-804468062,S2-729593049
S1-286670231	S2-981653532,S3-199390656,S3-185638228,S2-931097634,S3-294494760,S2-985193245,S2-32066421,S2-434011709,S2-123679002
S1-284126036	S2-402758956,S2-722571254,S2-73818001,S2-236730713,S2-772184038,S2-185328661,S2-319794999,S2-212291583,S2-871650614,S2-984790670,S2-152412703,S2-988819067,S2-479192671,S2-24920741,S2-99502048,S2-575952928,S2-114682948,S2-797302766,S2-962689175,S2-266499977
S1-622654527	S2-262723908,S2-339533009,S2-828084448,S2-642402942,S2-830026097,S2-687875462,S2-846613314,S2-852482501,S2-315822376,S2-269931586,S2-23692179,S2-812415335,S2-322430774,S2-440193749,S2-676836186,S2-674416795,S2-381691912,S2-884304067,S2-49843735,S2-918581798
S1-955714374	S2-398969757,S3-288127503,S2-642452128,S2-705889216,S2-20083287,S2-648215248,S2-53389323,S2-712848369,S2-176507790,S2-205203767,S2-306608650,S2-229961424,S2-685612081,S2-854187156,S2-252203478,S2-217778716,S2-59896516,S2-145682424,S2-538041693,S2-757370994
S1-13421485	S2-625093129,S3-402115836,S3-886137064,S3-652321017,S3-116675430,S3-378057579,S2-550406507,S2-625358346,S3-725371717,S2-414406386,S2-246377407,S3-962101827,S3-12572492,S2-316127506
S1-192939249	S3-939827009,S3-321740032,S3-697142734,S2-568143618,S2-179929140,S3-905240858,S2-406200273,S2-286977200,S2-441208249,S3-631727438,S3-188928244,S3-48661315,S3-571641731,S2-157994824,S2-797768180,S2-957041553,S3-507827009,S2-17963657,S2-651598384,S2-111097144
S1-992938686	S2-936530042,S2-637638236,S2-459868210,S2-409399370,S2-546045300,S2-315020724,S2-669217528,S2-139974877,S2-258429073,S2-170318861
S1-728071474	S2-179505491,S2-244339073,S2-164654846,S2-854441181,S2-711612987,S2-675042263,S2-324315458,S2-121933163,S2-783018757,S2-376448667,S2-391075764,S2-906494808,S3-182513338,S2-972890598,S2-769651404,S2-942466159,S2-518363749,S3-928256219,S2-5352312,S2-179780096
S1-483199532	S2-763717753,S2-284923497,S2-384963952,S2-672091784,S2-977544780,S2-568136324,S2-651453378,S2-596436509,S3-450949606,S2-929808018,S2-251522940,S2-784378952,S3-247319425,S2-117142582,S2-426035621,S3-637061257,S3-241183258,S2-545455474,S2-798264207,S3-485843452
S1-562583127	S2-944804286,S2-388147557,S2-340727476,S2-916383925,S2-872059326,S2-197945858,S2-628773735,S2-387770196,S2-549036579,S2-388389604,S2-253229229,S2-645403884,S2-46581500,S2-991944315,S2-422925879,S2-469682289,S2-198108921,S2-587126178,S2-29802874,S2-715178318
S1-74653114	S2-340543195,S2-776428286,S3-659122228,S3-379527775,S2-770291477,S2-699736547,S2-419435410,S3-106451434,S3-757426953,S2-671445161,S2-826218567,S3-327513798,S2-937697566,S2-416046397,S2-48451358,S2-335699242,S2-515205110,S2-597602344,S2-806010599,S2-929485388
S1-187235323	S2-852350439,S2-944804286,S2-63407838,S2-760600385,S2-538776411,S2-854358090,S2-710346048,S2-832407704,S2-887123026,S2-495721210,S2-765824316,S2-704848478,S2-88588529,S2-741213727,S2-150586032,S2-986954286,S2-518742327,S2-198108921,S2-161372176,S2-217216479
S1-456450816	S2-140757418,S2-575805720,S2-688673432,S2-631076710,S2-517663696,S2-688604165,S2-799097809,S2-270431842,S2-38510192,S2-800145052,S2-707119549,S2-528164861,S2-401304778,S2-569368879,S3-815740725,S2-860679636,S2-678199897,S2-550089707,S2-71348642,S2-545744362
S1-484217155	S2-8415538,S2-678135406,S2-233459488,S2-646095053,S2-428927631,S2-390668510,S2-552161114,S2-900938194,S2-92509395,S2-449194512,S2-406479942,S2-40000338,S2-838593171,S2-616038866,S2-644001785,S2-322879446,S2-243650020,S2-677453227,S2-53625367,S2-985275475
S1-314546470	S2-846732902,S2-898527306,S2-85153538,S2-774637834,S2-888456278,S2-656847334,S2-651656652,S2-979034018,S2-819246786,S2-673579691,S2-322304149,S2-875285117,S2-215899190,S3-538296068,S2-201687684,S2-678446093,S2-345918193,S2-925422616,S2-35334046,S2-539752352
S1-432919128	S2-810677790,S2-364142617,S2-238674875,S2-806784977,S3-762390696,S2-416712661,S2-819101183,S3-909864802,S2-663659997,S3-294153776,S2-863756342,S2-738474987,S2-28050368,S2-865753773,S2-144760360,S2-887797799,S2-319211951,S3-420626556,S2-218223273,S2-666697598
S1-405539317	S2-986303583,S2-879121282,S2-181861964,S3-158740224,S3-374433729,S3-94063553,S2-771375818,S3-118268123,S3-479798848,S2-492923571,S3-110385072,S3-928949372,S3-651931275,S2-667104441,S3-319504807,S3-377932047,S2-287004193,S3-13560347,S2-264036853,S2-828472383
S1-448724215	S2-161086712,S2-333508355,S3-506111386,S2-131868408,S2-748647965,S3-316839265,S2-412256922,S3-481431957,S3-874497433,S2-245722479,S3-700642909,S2-61906413,S2-732932454,S2-650732100,S2-477065735,S3-843165733,S2-421977434,S3-637941761,S2-381126046,S2-729148300
S1-3691239	S3-546507342,S2-132692310,S3-913375070,S3-61013695,S3-254733388,S3-387805556,S3-379633551,S2-702370536,S2-25452073,S2-565483309,S3-382896383,S3-621295406,S2-406551716,S2-264200871,S3-75446008,S2-983123407,S2-541422748,S3-371513921,S2-775025559,S2-852323114
S1-852712186	S2-324226436,S2-299394331,S2-40844031,S3-896279896,S2-255704718,S2-527461800,S2-687821320,S2-190340206,S2-677402628,S2-731370851,S2-452480008,S2-577857484,S2-968913717,S2-920626457,S2-713565309,S2-916775420,S2-14064227,S2-959276511,S2-873779155,S3-125036150
S1-439936870	S3-257347758,S3-268671766,S3-937435675,S2-721008812,S2-79686540,S2-377024628,S2-126585080,S2-696346690,S2-347516390
S1-257424560	S2-374551776,S2-662278277,S2-929533283,S2-487551188,S2-364230504,S3-547865546,S3-257985804,S2-125134315,S3-983197299,S2-806996687,S2-684740280,S2-867880365,S2-476339047,S2-563692137,S2-871995167,S2-693217526,S2-732656232,S2-24948969,S2-211080156,S2-757255720
S1-630651078	S2-592016694,S2-121933134,S2-293761126,S2-171400053,S2-161384060,S2-255462901,S2-113363897,S2-828201417,S2-484483494,S2-561907992,S2-528391219,S2-684643506,S2-767997013,S2-43997091,S2-843460266,S2-655186197,S2-592881202,S2-788690712,S2-402484148,S2-547792042
S1-95528421	S2-53268981,S2-883419858,S2-477363066,S2-129092136,S2-372783131,S2-282984970,S2-136897743,S2-995478917,S2-663109977,S2-970178209,S2-454831465,S2-202082516,S3-348013899,S2-854681301,S2-336416712,S2-812297236,S2-427700081,S2-729637603,S2-646113957,S2-785599752
S1-454866261	S3-40367640,S3-344616785,S3-15070500,S2-81356708,S2-282439189,S3-552805942,S3-200319153,S2-506711817,S2-346145810,S3-816561600,S2-438646366,S2-234456236,S3-186135744,S2-987325043,S2-420594739,S3-333279081,S2-512660621,S2-410259531,S2-845844165,S3-496111860
S1-851650494	S2-38274149,S2-869745235,S2-396151865,S2-766190768,S2-761416920,S2-412970309,S2-423090994,S2-231978756,S2-100031670,S2-870120706,S2-946913139,S2-947595100,S2-904176313,S2-37036458,S2-435396487,S2-174505059,S2-20481162,S2-259406265,S2-879859195,S2-954985785
S1-960311166	S2-88638406,S2-787878687,S2-465971990,S2-690621635,S3-183765646,S2-3243085,S2-275541512,S2-325725948,S2-70961048,S2-276914227,S2-354555362,S2-260503338,S2-943873752,S2-75682623,S2-731270972,S2-635888986,S2-39457562,S2-253167655,S2-507090874,S2-736677431
S1-197981349	S2-819279026,S2-639138495,S2-253636007,S2-432321384,S2-374402546,S2-394201387,S2-68669920,S2-953404801,S2-320708919,S2-689045488,S2-828461091,S2-246140607,S2-952382170,S2-615012214,S2-818076660,S2-656541112,S2-768579705,S2-371609778,S2-480154634,S2-514255658
S1-651515941	S2-522138452,S3-472500959,S3-365381025,S2-91418519,S3-59807934,S2-857247475,S3-178197218,S3-820687847,S3-781601869,S3-651322587,S2-871433834,S2-566583272,S3-66286741,S2-491897473,S2-901896554,S2-869762453,S3-148072920,S2-61645746,S3-59035962,S3-471786040
S1-70822873	S2-869488189,S2-523515932,S3-641166134,S3-229766972,S2-226316334,S2-610986784,S2-379484516,S2-957319251,S2-675882382,S2-758899660,S2-352855378,S2-508474956,S2-612416967,S2-443232390,S2-612077548,S2-801546452,S2-639263584,S2-738000137,S2-916670763,S2-605284843
S1-528167894	S2-257918755,S2-607307899,S2-814247442,S3-430895985,S2-72249501,S2-502705099,S2-824888101,S2-525227276,S2-864797426,S2-736435742,S2-143241172,S2-197503265,S2-874270370,S2-754995432,S2-205122548,S2-957710509,S2-823559913,S3-615959783,S2-260087477,S2-855785222
S1-671126660	S2-62997751,S3-240157628,S2-628877123,S2-879674781,S3-854731381,S2-360239462,S2-601609248,S2-15878192,S2-310614036,S2-251635707,S2-222529214,S2-988563064,S2-414713190,S3-486287981,S3-896872015,S3-73277025
S1-57894782	S2-452221886,S2-195050609,S2-353852049,S2-90207783,S2-873323255,S2-678446093,S2-972394790,S2-663748685,S2-272574410,S2-601657989,S2-957850022,S2-40429266,S2-428885597,S2-933210813,S2-83686396,S2-9630796,S2-821975596,S2-675554397,S2-914013964,S2-544637963
